date,customer_id,demand
2024-01-01,1,78.7
2024-01-02,1,63.5
2024-01-03,1,66.9
2024-01-04,1,76.0
2024-01-05,1,82.7
2024-01-06,1,79.7
2024-01-07,1,59.1
2024-01-08,1,52.0
2024-01-09,1,67.5
2024-01-10,1,57.5
2024-01-11,1,73.4
2024-01-12,1,76.2
2024-01-13,1,63.9
2024-01-14,1,68.1
2024-01-15,1,73.0
2024-01-16,1,66.6
2024-01-17,1,56.1
2024-01-18,1,68.2
2024-01-19,1,80.1
2024-01-20,1,86.8
2024-01-21,1,74.0
2024-01-22,1,54.6
2024-01-23,1,60.1
2024-01-24,1,72.7
2024-01-25,1,45.7
2024-01-26,1,86.7
2024-01-27,1,65.2
2024-01-28,1,62.0
2024-01-29,1,83.8
2024-01-30,1,66.3
2024-01-31,1,63.7
2024-02-01,1,70.5
2024-02-02,1,75.9
2024-02-03,1,68.1
2024-02-04,1,71.0
2024-02-05,1,94.0
2024-02-06,1,78.9
2024-02-07,1,72.8
2024-02-08,1,70.8
2024-02-09,1,90.1
2024-02-10,1,87.7
2024-02-11,1,58.1
2024-02-12,1,74.8
2024-02-13,1,69.8
2024-02-14,1,90.1
2024-02-15,1,66.1
2024-02-16,1,98.1
2024-02-17,1,63.0
2024-02-18,1,73.8
2024-02-19,1,60.7
2024-02-20,1,58.6
2024-02-21,1,79.8
2024-02-22,1,57.5
2024-02-23,1,78.9
2024-02-24,1,70.2
2024-02-25,1,74.9
2024-02-26,1,73.9
2024-02-27,1,43.1
2024-02-28,1,79.1
2024-02-29,1,63.0
2024-03-01,1,109.8
2024-03-02,1,93.8
2024-03-03,1,82.5
2024-03-04,1,40.7
2024-03-05,1,93.3
2024-03-06,1,72.0
2024-03-07,1,54.3
2024-03-08,1,87.2
2024-03-09,1,101.9
2024-03-10,1,51.3
2024-03-11,1,84.8
2024-03-12,1,67.3
2024-03-13,1,64.4
2024-03-14,1,66.8
2024-03-15,1,71.0
2024-03-16,1,85.9
2024-03-17,1,75.4
2024-03-18,1,85.0
2024-03-19,1,90.2
2024-03-20,1,68.7
2024-03-21,1,86.2
2024-03-22,1,66.4
2024-03-23,1,92.4
2024-03-24,1,58.5
2024-03-25,1,64.9
2024-03-26,1,80.2
2024-03-27,1,62.8
2024-03-28,1,78.9
2024-03-29,1,62.1
2024-03-30,1,73.4
2024-03-31,1,79.9
2024-04-01,1,91.7
2024-04-02,1,57.7
2024-04-03,1,92.7
2024-04-04,1,75.3
2024-04-05,1,116.1
2024-04-06,1,78.1
2024-04-07,1,65.8
2024-04-08,1,76.3
2024-04-09,1,58.3
2024-04-10,1,74.4
2024-04-11,1,72.4
2024-04-12,1,102.3
2024-04-13,1,88.2
2024-04-14,1,55.8
2024-04-15,1,55.8
2024-04-16,1,60.7
2024-04-17,1,46.4
2024-04-18,1,45.4
2024-04-19,1,113.5
2024-04-20,1,70.9
2024-04-21,1,88.7
2024-04-22,1,62.8
2024-04-23,1,66.8
2024-04-24,1,50.8
2024-04-25,1,88.2
2024-04-26,1,77.6
2024-04-27,1,107.1
2024-04-28,1,63.9
2024-04-29,1,88.9
2024-04-30,1,90.2
2024-05-01,1,52.9
2024-05-02,1,78.2
2024-05-03,1,68.1
2024-05-04,1,66.4
2024-05-05,1,73.3
2024-05-06,1,83.0
2024-05-07,1,88.3
2024-05-08,1,67.2
2024-05-09,1,84.2
2024-05-10,1,90.1
2024-05-11,1,81.1
2024-05-12,1,59.4
2024-05-13,1,71.8
2024-05-14,1,114.1
2024-05-15,1,59.2
2024-05-16,1,68.8
2024-05-17,1,69.1
2024-05-18,1,101.3
2024-05-19,1,94.3
2024-05-20,1,87.0
2024-05-21,1,94.6
2024-05-22,1,68.9
2024-05-23,1,91.3
2024-05-24,1,68.6
2024-05-25,1,102.7
2024-05-26,1,88.4
2024-05-27,1,61.9
2024-05-28,1,82.2
2024-05-29,1,56.5
2024-05-30,1,52.2
2024-05-31,1,59.9
2024-06-01,1,63.7
2024-06-02,1,55.4
2024-06-03,1,67.7
2024-06-04,1,91.2
2024-06-05,1,65.6
2024-06-06,1,58.4
2024-06-07,1,88.0
2024-06-08,1,74.7
2024-06-09,1,69.3
2024-06-10,1,73.1
2024-06-11,1,74.3
2024-06-12,1,59.4
2024-06-13,1,65.5
2024-06-14,1,91.1
2024-06-15,1,72.9
2024-06-16,1,64.7
2024-06-17,1,71.4
2024-06-18,1,72.6
2024-06-19,1,63.0
2024-06-20,1,74.1
2024-06-21,1,77.0
2024-06-22,1,58.3
2024-06-23,1,74.3
2024-06-24,1,56.0
2024-06-25,1,104.7
2024-06-26,1,70.4
2024-06-27,1,63.0
2024-06-28,1,88.2
2024-06-29,1,96.0
2024-06-30,1,83.9
2024-07-01,1,69.4
2024-07-02,1,78.7
2024-07-03,1,74.5
2024-07-04,1,67.7
2024-07-05,1,54.7
2024-07-06,1,75.0
2024-07-07,1,34.9
2024-07-08,1,55.6
2024-07-09,1,81.4
2024-07-10,1,67.1
2024-07-11,1,64.7
2024-07-12,1,62.8
2024-07-13,1,62.3
2024-07-14,1,56.3
2024-07-15,1,48.3
2024-07-16,1,38.1
2024-07-17,1,76.3
2024-07-18,1,82.7
2024-07-19,1,65.4
2024-07-20,1,84.0
2024-07-21,1,49.9
2024-07-22,1,67.7
2024-07-23,1,47.1
2024-07-24,1,74.0
2024-07-25,1,63.9
2024-07-26,1,55.8
2024-07-27,1,79.0
2024-07-28,1,81.9
2024-07-29,1,63.0
2024-07-30,1,62.1
2024-07-31,1,62.6
2024-08-01,1,64.1
2024-08-02,1,87.8
2024-08-03,1,88.6
2024-08-04,1,38.8
2024-08-05,1,76.4
2024-08-06,1,59.7
2024-08-07,1,81.0
2024-08-08,1,67.0
2024-08-09,1,83.7
2024-08-10,1,64.7
2024-08-11,1,46.5
2024-08-12,1,64.5
2024-08-13,1,72.3
2024-08-14,1,70.4
2024-08-15,1,71.1
2024-08-16,1,72.9
2024-08-17,1,78.9
2024-08-18,1,52.1
2024-08-19,1,60.0
2024-08-20,1,43.9
2024-08-21,1,60.3
2024-08-22,1,57.3
2024-08-23,1,70.5
2024-08-24,1,82.4
2024-08-25,1,61.2
2024-08-26,1,28.8
2024-08-27,1,75.7
2024-08-28,1,61.8
2024-08-29,1,69.3
2024-08-30,1,59.7
2024-08-31,1,79.5
2024-09-01,1,77.9
2024-09-02,1,42.5
2024-09-03,1,73.6
2024-09-04,1,50.2
2024-09-05,1,52.6
2024-09-06,1,68.9
2024-09-07,1,96.0
2024-09-08,1,40.6
2024-09-09,1,54.0
2024-09-10,1,60.1
2024-09-11,1,67.3
2024-09-12,1,59.2
2024-09-13,1,74.4
2024-09-14,1,56.1
2024-09-15,1,68.8
2024-09-16,1,71.1
2024-09-17,1,47.8
2024-09-18,1,51.5
2024-09-19,1,64.3
2024-09-20,1,73.0
2024-09-21,1,75.9
2024-09-22,1,46.7
2024-09-23,1,55.6
2024-09-24,1,55.0
2024-09-25,1,74.9
2024-09-26,1,58.6
2024-09-27,1,62.9
2024-09-28,1,58.0
2024-09-29,1,60.1
2024-09-30,1,73.7
2024-10-01,1,43.7
2024-10-02,1,61.8
2024-10-03,1,66.3
2024-10-04,1,94.3
2024-10-05,1,78.6
2024-10-06,1,75.4
2024-10-07,1,61.3
2024-10-08,1,45.0
2024-10-09,1,45.3
2024-10-10,1,52.7
2024-10-11,1,71.1
2024-10-12,1,66.0
2024-10-13,1,55.9
2024-10-14,1,81.4
2024-10-15,1,34.3
2024-10-16,1,49.2
2024-10-17,1,87.6
2024-10-18,1,74.2
2024-10-19,1,62.4
2024-10-20,1,47.8
2024-10-21,1,70.0
2024-10-22,1,69.1
2024-10-23,1,70.0
2024-10-24,1,46.8
2024-10-25,1,71.8
2024-10-26,1,68.2
2024-10-27,1,67.6
2024-10-28,1,43.3
2024-10-29,1,68.7
2024-10-30,1,79.3
2024-10-31,1,46.8
2024-11-01,1,82.4
2024-11-02,1,93.2
2024-11-03,1,73.2
2024-11-04,1,62.2
2024-11-05,1,64.9
2024-11-06,1,57.1
2024-11-07,1,65.8
2024-11-08,1,59.1
2024-11-09,1,73.6
2024-11-10,1,53.8
2024-11-11,1,46.4
2024-11-12,1,80.6
2024-11-13,1,42.2
2024-11-14,1,84.9
2024-11-15,1,44.0
2024-11-16,1,86.6
2024-11-17,1,66.7
2024-11-18,1,45.3
2024-11-19,1,58.5
2024-11-20,1,52.9
2024-11-21,1,54.0
2024-11-22,1,86.2
2024-11-23,1,59.0
2024-11-24,1,42.0
2024-11-25,1,78.2
2024-11-26,1,70.8
2024-11-27,1,65.9
2024-11-28,1,62.4
2024-11-29,1,85.1
2024-11-30,1,81.3
2024-12-01,1,64.6
2024-12-02,1,59.3
2024-12-03,1,80.1
2024-12-04,1,84.5
2024-12-05,1,72.3
2024-12-06,1,118.6
2024-12-07,1,81.0
2024-12-08,1,69.5
2024-12-09,1,86.0
2024-12-10,1,72.0
2024-12-11,1,70.8
2024-12-12,1,63.9
2024-12-13,1,85.8
2024-12-14,1,54.1
2024-12-15,1,59.7
2024-12-16,1,55.3
2024-12-17,1,41.5
2024-12-18,1,82.4
2024-12-19,1,65.8
2024-12-20,1,67.8
2024-12-21,1,86.1
2024-12-22,1,53.8
2024-12-23,1,81.8
2024-12-24,1,88.1
2024-12-25,1,52.0
2024-12-26,1,86.2
2024-12-27,1,84.7
2024-12-28,1,99.1
2024-12-29,1,73.5
2024-12-30,1,60.3
2024-12-31,1,50.6
2025-01-01,1,56.9
2025-01-02,1,64.8
2025-01-03,1,98.3
2025-01-04,1,93.5
2025-01-05,1,76.8
2025-01-06,1,92.9
2025-01-07,1,48.5
2025-01-08,1,57.7
2025-01-09,1,57.9
2025-01-10,1,86.1
2025-01-11,1,58.4
2025-01-12,1,65.2
2025-01-13,1,92.8
2025-01-14,1,86.8
2025-01-15,1,95.1
2025-01-16,1,67.0
2025-01-17,1,69.5
2025-01-18,1,89.8
2025-01-19,1,61.8
2025-01-20,1,73.6
2025-01-21,1,73.5
2025-01-22,1,82.8
2025-01-23,1,95.1
2025-01-24,1,108.3
2025-01-25,1,100.8
2025-01-26,1,72.9
2025-01-27,1,85.4
2025-01-28,1,71.3
2025-01-29,1,63.6
2025-01-30,1,55.4
2025-01-31,1,79.7
2025-02-01,1,97.2
2025-02-02,1,87.4
2025-02-03,1,77.8
2024-01-01,2,25.7
2024-01-02,2,21.3
2024-01-03,2,30.5
2024-01-04,2,23.8
2024-01-05,2,26.3
2024-01-06,2,30.9
2024-01-07,2,23.0
2024-01-08,2,25.5
2024-01-09,2,29.8
2024-01-10,2,20.4
2024-01-11,2,22.2
2024-01-12,2,26.0
2024-01-13,2,27.7
2024-01-14,2,32.0
2024-01-15,2,27.9
2024-01-16,2,30.3
2024-01-17,2,13.1
2024-01-18,2,27.1
2024-01-19,2,29.1
2024-01-20,2,31.2
2024-01-21,2,24.7
2024-01-22,2,21.7
2024-01-23,2,27.2
2024-01-24,2,23.6
2024-01-25,2,24.6
2024-01-26,2,25.4
2024-01-27,2,27.4
2024-01-28,2,27.3
2024-01-29,2,28.1
2024-01-30,2,24.6
2024-01-31,2,24.4
2024-02-01,2,24.2
2024-02-02,2,33.5
2024-02-03,2,26.5
2024-02-04,2,23.7
2024-02-05,2,25.1
2024-02-06,2,23.1
2024-02-07,2,26.6
2024-02-08,2,32.9
2024-02-09,2,28.8
2024-02-10,2,36.4
2024-02-11,2,29.4
2024-02-12,2,26.5
2024-02-13,2,28.8
2024-02-14,2,31.9
2024-02-15,2,21.3
2024-02-16,2,33.0
2024-02-17,2,35.8
2024-02-18,2,22.2
2024-02-19,2,31.9
2024-02-20,2,28.6
2024-02-21,2,21.9
2024-02-22,2,28.8
2024-02-23,2,22.5
2024-02-24,2,23.3
2024-02-25,2,19.0
2024-02-26,2,27.3
2024-02-27,2,23.4
2024-02-28,2,22.6
2024-02-29,2,23.0
2024-03-01,2,29.9
2024-03-02,2,27.9
2024-03-03,2,23.2
2024-03-04,2,26.0
2024-03-05,2,21.1
2024-03-06,2,23.0
2024-03-07,2,31.4
2024-03-08,2,32.3
2024-03-09,2,20.0
2024-03-10,2,33.1
2024-03-11,2,22.4
2024-03-12,2,34.1
2024-03-13,2,26.7
2024-03-14,2,30.4
2024-03-15,2,20.4
2024-03-16,2,25.4
2024-03-17,2,23.3
2024-03-18,2,23.1
2024-03-19,2,22.1
2024-03-20,2,23.6
2024-03-21,2,25.3
2024-03-22,2,27.1
2024-03-23,2,29.3
2024-03-24,2,27.8
2024-03-25,2,18.0
2024-03-26,2,24.7
2024-03-27,2,21.5
2024-03-28,2,25.6
2024-03-29,2,32.8
2024-03-30,2,22.4
2024-03-31,2,24.2
2024-04-01,2,30.5
2024-04-02,2,31.0
2024-04-03,2,23.7
2024-04-04,2,30.8
2024-04-05,2,32.4
2024-04-06,2,30.4
2024-04-07,2,23.9
2024-04-08,2,26.8
2024-04-09,2,29.3
2024-04-10,2,23.3
2024-04-11,2,27.9
2024-04-12,2,23.7
2024-04-13,2,23.1
2024-04-14,2,28.3
2024-04-15,2,25.0
2024-04-16,2,22.9
2024-04-17,2,27.8
2024-04-18,2,28.9
2024-04-19,2,30.9
2024-04-20,2,37.1
2024-04-21,2,22.7
2024-04-22,2,23.1
2024-04-23,2,30.8
2024-04-24,2,21.4
2024-04-25,2,29.5
2024-04-26,2,21.2
2024-04-27,2,24.4
2024-04-28,2,24.7
2024-04-29,2,24.3
2024-04-30,2,33.1
2024-05-01,2,21.2
2024-05-02,2,25.8
2024-05-03,2,29.9
2024-05-04,2,29.1
2024-05-05,2,30.8
2024-05-06,2,22.9
2024-05-07,2,23.8
2024-05-08,2,21.4
2024-05-09,2,30.5
2024-05-10,2,31.0
2024-05-11,2,31.3
2024-05-12,2,26.3
2024-05-13,2,20.7
2024-05-14,2,28.1
2024-05-15,2,27.6
2024-05-16,2,31.9
2024-05-17,2,31.5
2024-05-18,2,24.2
2024-05-19,2,23.1
2024-05-20,2,33.1
2024-05-21,2,20.2
2024-05-22,2,19.9
2024-05-23,2,26.4
2024-05-24,2,37.1
2024-05-25,2,29.7
2024-05-26,2,20.3
2024-05-27,2,35.0
2024-05-28,2,21.7
2024-05-29,2,29.1
2024-05-30,2,31.9
2024-05-31,2,30.0
2024-06-01,2,32.9
2024-06-02,2,32.5
2024-06-03,2,19.4
2024-06-04,2,27.9
2024-06-05,2,30.2
2024-06-06,2,30.1
2024-06-07,2,26.6
2024-06-08,2,31.4
2024-06-09,2,22.7
2024-06-10,2,22.6
2024-06-11,2,20.2
2024-06-12,2,27.8
2024-06-13,2,25.6
2024-06-14,2,34.9
2024-06-15,2,16.3
2024-06-16,2,20.7
2024-06-17,2,26.4
2024-06-18,2,32.4
2024-06-19,2,21.5
2024-06-20,2,16.8
2024-06-21,2,25.6
2024-06-22,2,28.2
2024-06-23,2,28.7
2024-06-24,2,29.2
2024-06-25,2,27.4
2024-06-26,2,24.3
2024-06-27,2,33.6
2024-06-28,2,24.8
2024-06-29,2,27.2
2024-06-30,2,26.7
2024-07-01,2,22.3
2024-07-02,2,22.9
2024-07-03,2,27.2
2024-07-04,2,20.4
2024-07-05,2,26.8
2024-07-06,2,27.5
2024-07-07,2,34.7
2024-07-08,2,27.5
2024-07-09,2,20.7
2024-07-10,2,27.6
2024-07-11,2,20.1
2024-07-12,2,29.0
2024-07-13,2,19.9
2024-07-14,2,27.5
2024-07-15,2,23.2
2024-07-16,2,18.8
2024-07-17,2,26.0
2024-07-18,2,27.4
2024-07-19,2,29.6
2024-07-20,2,27.9
2024-07-21,2,18.7
2024-07-22,2,27.1
2024-07-23,2,15.3
2024-07-24,2,21.7
2024-07-25,2,32.7
2024-07-26,2,21.3
2024-07-27,2,18.9
2024-07-28,2,20.2
2024-07-29,2,24.9
2024-07-30,2,23.9
2024-07-31,2,27.6
2024-08-01,2,24.1
2024-08-02,2,22.2
2024-08-03,2,30.9
2024-08-04,2,21.3
2024-08-05,2,26.0
2024-08-06,2,29.2
2024-08-07,2,26.2
2024-08-08,2,28.9
2024-08-09,2,21.3
2024-08-10,2,25.1
2024-08-11,2,24.5
2024-08-12,2,18.8
2024-08-13,2,28.7
2024-08-14,2,27.5
2024-08-15,2,25.1
2024-08-16,2,29.9
2024-08-17,2,26.0
2024-08-18,2,19.7
2024-08-19,2,21.5
2024-08-20,2,22.3
2024-08-21,2,23.7
2024-08-22,2,23.0
2024-08-23,2,28.4
2024-08-24,2,21.3
2024-08-25,2,20.2
2024-08-26,2,24.5
2024-08-27,2,27.6
2024-08-28,2,16.8
2024-08-29,2,24.9
2024-08-30,2,31.4
2024-08-31,2,27.1
2024-09-01,2,23.0
2024-09-02,2,22.1
2024-09-03,2,23.6
2024-09-04,2,21.1
2024-09-05,2,16.7
2024-09-06,2,33.5
2024-09-07,2,28.9
2024-09-08,2,21.1
2024-09-09,2,28.4
2024-09-10,2,22.3
2024-09-11,2,26.1
2024-09-12,2,16.5
2024-09-13,2,23.8
2024-09-14,2,32.1
2024-09-15,2,29.6
2024-09-16,2,31.4
2024-09-17,2,28.9
2024-09-18,2,30.8
2024-09-19,2,20.5
2024-09-20,2,20.5
2024-09-21,2,15.7
2024-09-22,2,23.3
2024-09-23,2,22.2
2024-09-24,2,29.7
2024-09-25,2,22.5
2024-09-26,2,29.6
2024-09-27,2,20.0
2024-09-28,2,35.3
2024-09-29,2,23.2
2024-09-30,2,28.2
2024-10-01,2,27.3
2024-10-02,2,20.0
2024-10-03,2,28.1
2024-10-04,2,24.8
2024-10-05,2,31.1
2024-10-06,2,26.0
2024-10-07,2,25.5
2024-10-08,2,23.7
2024-10-09,2,22.7
2024-10-10,2,23.9
2024-10-11,2,16.1
2024-10-12,2,32.2
2024-10-13,2,23.7
2024-10-14,2,25.1
2024-10-15,2,20.1
2024-10-16,2,25.2
2024-10-17,2,22.2
2024-10-18,2,35.2
2024-10-19,2,20.6
2024-10-20,2,29.8
2024-10-21,2,20.7
2024-10-22,2,25.5
2024-10-23,2,22.6
2024-10-24,2,20.1
2024-10-25,2,18.1
2024-10-26,2,31.3
2024-10-27,2,16.7
2024-10-28,2,22.7
2024-10-29,2,29.4
2024-10-30,2,30.2
2024-10-31,2,25.9
2024-11-01,2,20.2
2024-11-02,2,27.4
2024-11-03,2,24.5
2024-11-04,2,20.9
2024-11-05,2,29.9
2024-11-06,2,25.3
2024-11-07,2,26.0
2024-11-08,2,27.1
2024-11-09,2,21.5
2024-11-10,2,20.5
2024-11-11,2,20.4
2024-11-12,2,29.8
2024-11-13,2,25.4
2024-11-14,2,26.5
2024-11-15,2,31.1
2024-11-16,2,30.5
2024-11-17,2,32.8
2024-11-18,2,28.0
2024-11-19,2,26.0
2024-11-20,2,25.1
2024-11-21,2,31.8
2024-11-22,2,20.3
2024-11-23,2,36.3
2024-11-24,2,23.3
2024-11-25,2,27.6
2024-11-26,2,23.9
2024-11-27,2,25.5
2024-11-28,2,24.8
2024-11-29,2,10.8
2024-11-30,2,23.7
2024-12-01,2,22.3
2024-12-02,2,19.9
2024-12-03,2,17.2
2024-12-04,2,27.4
2024-12-05,2,20.5
2024-12-06,2,31.3
2024-12-07,2,36.2
2024-12-08,2,20.7
2024-12-09,2,24.6
2024-12-10,2,30.6
2024-12-11,2,25.4
2024-12-12,2,24.8
2024-12-13,2,18.5
2024-12-14,2,37.9
2024-12-15,2,24.4
2024-12-16,2,19.8
2024-12-17,2,29.8
2024-12-18,2,24.3
2024-12-19,2,26.0
2024-12-20,2,26.7
2024-12-21,2,34.5
2024-12-22,2,29.3
2024-12-23,2,24.3
2024-12-24,2,27.0
2024-12-25,2,34.2
2024-12-26,2,27.7
2024-12-27,2,28.2
2024-12-28,2,38.2
2024-12-29,2,24.1
2024-12-30,2,27.3
2024-12-31,2,20.4
2025-01-01,2,22.9
2025-01-02,2,24.5
2025-01-03,2,33.8
2025-01-04,2,37.0
2025-01-05,2,25.3
2025-01-06,2,30.6
2025-01-07,2,26.6
2025-01-08,2,30.7
2025-01-09,2,23.3
2025-01-10,2,32.1
2025-01-11,2,30.6
2025-01-12,2,29.0
2025-01-13,2,39.2
2025-01-14,2,29.0
2025-01-15,2,34.7
2025-01-16,2,32.6
2025-01-17,2,24.0
2025-01-18,2,35.2
2025-01-19,2,34.0
2025-01-20,2,20.5
2025-01-21,2,23.9
2025-01-22,2,45.1
2025-01-23,2,28.3
2025-01-24,2,30.5
2025-01-25,2,33.6
2025-01-26,2,23.8
2025-01-27,2,29.2
2025-01-28,2,29.5
2025-01-29,2,26.5
2025-01-30,2,35.7
2025-01-31,2,42.8
2025-02-01,2,39.2
2025-02-02,2,24.7
2025-02-03,2,26.3
2024-01-01,3,52.7
2024-01-02,3,73.6
2024-01-03,3,65.2
2024-01-04,3,63.5
2024-01-05,3,69.5
2024-01-06,3,82.6
2024-01-07,3,72.6
2024-01-08,3,56.7
2024-01-09,3,88.0
2024-01-10,3,71.4
2024-01-11,3,53.7
2024-01-12,3,93.2
2024-01-13,3,69.6
2024-01-14,3,98.4
2024-01-15,3,90.3
2024-01-16,3,79.2
2024-01-17,3,105.7
2024-01-18,3,61.9
2024-01-19,3,90.2
2024-01-20,3,82.3
2024-01-21,3,62.1
2024-01-22,3,56.0
2024-01-23,3,90.1
2024-01-24,3,69.9
2024-01-25,3,61.0
2024-01-26,3,77.5
2024-01-27,3,137.3
2024-01-28,3,78.1
2024-01-29,3,65.4
2024-01-30,3,73.7
2024-01-31,3,93.8
2024-02-01,3,74.9
2024-02-02,3,84.3
2024-02-03,3,84.1
2024-02-04,3,71.2
2024-02-05,3,74.1
2024-02-06,3,95.7
2024-02-07,3,72.6
2024-02-08,3,75.0
2024-02-09,3,43.6
2024-02-10,3,101.8
2024-02-11,3,96.7
2024-02-12,3,68.5
2024-02-13,3,87.0
2024-02-14,3,63.2
2024-02-15,3,82.0
2024-02-16,3,99.3
2024-02-17,3,54.4
2024-02-18,3,97.2
2024-02-19,3,99.0
2024-02-20,3,77.8
2024-02-21,3,65.0
2024-02-22,3,80.3
2024-02-23,3,91.8
2024-02-24,3,107.2
2024-02-25,3,79.1
2024-02-26,3,79.6
2024-02-27,3,96.1
2024-02-28,3,89.9
2024-02-29,3,83.6
2024-03-01,3,80.4
2024-03-02,3,79.7
2024-03-03,3,70.3
2024-03-04,3,68.5
2024-03-05,3,75.9
2024-03-06,3,99.8
2024-03-07,3,76.4
2024-03-08,3,92.1
2024-03-09,3,61.4
2024-03-10,3,96.3
2024-03-11,3,76.1
2024-03-12,3,90.2
2024-03-13,3,88.7
2024-03-14,3,73.8
2024-03-15,3,104.8
2024-03-16,3,70.4
2024-03-17,3,73.3
2024-03-18,3,104.1
2024-03-19,3,69.8
2024-03-20,3,92.4
2024-03-21,3,84.4
2024-03-22,3,83.1
2024-03-23,3,121.0
2024-03-24,3,81.7
2024-03-25,3,93.3
2024-03-26,3,114.9
2024-03-27,3,60.0
2024-03-28,3,82.6
2024-03-29,3,111.2
2024-03-30,3,95.6
2024-03-31,3,103.4
2024-04-01,3,93.2
2024-04-02,3,86.0
2024-04-03,3,90.9
2024-04-04,3,69.4
2024-04-05,3,68.4
2024-04-06,3,61.4
2024-04-07,3,85.7
2024-04-08,3,66.5
2024-04-09,3,100.0
2024-04-10,3,65.6
2024-04-11,3,58.3
2024-04-12,3,59.5
2024-04-13,3,118.1
2024-04-14,3,79.1
2024-04-15,3,90.0
2024-04-16,3,65.3
2024-04-17,3,105.7
2024-04-18,3,60.1
2024-04-19,3,92.3
2024-04-20,3,85.4
2024-04-21,3,97.5
2024-04-22,3,64.5
2024-04-23,3,74.1
2024-04-24,3,78.0
2024-04-25,3,80.4
2024-04-26,3,95.1
2024-04-27,3,105.1
2024-04-28,3,98.6
2024-04-29,3,78.0
2024-04-30,3,77.0
2024-05-01,3,82.9
2024-05-02,3,88.7
2024-05-03,3,92.8
2024-05-04,3,105.3
2024-05-05,3,85.1
2024-05-06,3,96.2
2024-05-07,3,70.5
2024-05-08,3,83.2
2024-05-09,3,72.7
2024-05-10,3,62.0
2024-05-11,3,77.9
2024-05-12,3,82.4
2024-05-13,3,72.7
2024-05-14,3,62.7
2024-05-15,3,88.7
2024-05-16,3,96.5
2024-05-17,3,104.9
2024-05-18,3,101.4
2024-05-19,3,61.7
2024-05-20,3,84.8
2024-05-21,3,99.3
2024-05-22,3,94.5
2024-05-23,3,79.6
2024-05-24,3,107.2
2024-05-25,3,85.0
2024-05-26,3,72.7
2024-05-27,3,82.8
2024-05-28,3,85.4
2024-05-29,3,69.5
2024-05-30,3,74.7
2024-05-31,3,104.8
2024-06-01,3,78.9
2024-06-02,3,80.4
2024-06-03,3,80.6
2024-06-04,3,91.2
2024-06-05,3,74.3
2024-06-06,3,79.6
2024-06-07,3,103.0
2024-06-08,3,77.1
2024-06-09,3,65.6
2024-06-10,3,55.9
2024-06-11,3,87.2
2024-06-12,3,66.8
2024-06-13,3,68.7
2024-06-14,3,57.8
2024-06-15,3,79.1
2024-06-16,3,60.7
2024-06-17,3,69.7
2024-06-18,3,68.9
2024-06-19,3,71.2
2024-06-20,3,94.5
2024-06-21,3,67.0
2024-06-22,3,79.7
2024-06-23,3,64.0
2024-06-24,3,67.0
2024-06-25,3,77.1
2024-06-26,3,84.7
2024-06-27,3,72.6
2024-06-28,3,86.1
2024-06-29,3,90.1
2024-06-30,3,72.1
2024-07-01,3,65.1
2024-07-02,3,70.8
2024-07-03,3,73.6
2024-07-04,3,53.5
2024-07-05,3,90.7
2024-07-06,3,81.0
2024-07-07,3,77.8
2024-07-08,3,76.3
2024-07-09,3,55.2
2024-07-10,3,61.9
2024-07-11,3,70.9
2024-07-12,3,62.6
2024-07-13,3,92.9
2024-07-14,3,53.7
2024-07-15,3,88.7
2024-07-16,3,72.6
2024-07-17,3,75.6
2024-07-18,3,52.8
2024-07-19,3,75.5
2024-07-20,3,74.2
2024-07-21,3,86.0
2024-07-22,3,91.2
2024-07-23,3,85.7
2024-07-24,3,39.7
2024-07-25,3,68.3
2024-07-26,3,60.3
2024-07-27,3,73.8
2024-07-28,3,62.5
2024-07-29,3,48.2
2024-07-30,3,52.7
2024-07-31,3,72.7
2024-08-01,3,65.1
2024-08-02,3,67.3
2024-08-03,3,77.4
2024-08-04,3,55.2
2024-08-05,3,74.7
2024-08-06,3,61.2
2024-08-07,3,78.6
2024-08-08,3,43.0
2024-08-09,3,80.0
2024-08-10,3,70.2
2024-08-11,3,48.8
2024-08-12,3,54.7
2024-08-13,3,65.4
2024-08-14,3,73.6
2024-08-15,3,62.8
2024-08-16,3,70.0
2024-08-17,3,65.4
2024-08-18,3,58.9
2024-08-19,3,87.7
2024-08-20,3,71.9
2024-08-21,3,80.2
2024-08-22,3,58.8
2024-08-23,3,77.5
2024-08-24,3,69.5
2024-08-25,3,73.7
2024-08-26,3,66.1
2024-08-27,3,81.1
2024-08-28,3,63.3
2024-08-29,3,59.9
2024-08-30,3,61.0
2024-08-31,3,64.2
2024-09-01,3,73.2
2024-09-02,3,56.6
2024-09-03,3,63.5
2024-09-04,3,71.2
2024-09-05,3,79.6
2024-09-06,3,57.5
2024-09-07,3,70.2
2024-09-08,3,49.3
2024-09-09,3,67.3
2024-09-10,3,59.8
2024-09-11,3,64.6
2024-09-12,3,49.4
2024-09-13,3,65.5
2024-09-14,3,50.4
2024-09-15,3,69.6
2024-09-16,3,55.1
2024-09-17,3,53.2
2024-09-18,3,64.5
2024-09-19,3,68.2
2024-09-20,3,63.5
2024-09-21,3,71.7
2024-09-22,3,63.9
2024-09-23,3,57.1
2024-09-24,3,52.2
2024-09-25,3,53.7
2024-09-26,3,66.8
2024-09-27,3,73.2
2024-09-28,3,57.3
2024-09-29,3,55.5
2024-09-30,3,69.3
2024-10-01,3,63.7
2024-10-02,3,53.6
2024-10-03,3,50.2
2024-10-04,3,72.2
2024-10-05,3,93.3
2024-10-06,3,59.8
2024-10-07,3,53.5
2024-10-08,3,51.4
2024-10-09,3,74.6
2024-10-10,3,40.5
2024-10-11,3,63.3
2024-10-12,3,68.9
2024-10-13,3,55.8
2024-10-14,3,85.8
2024-10-15,3,63.4
2024-10-16,3,63.1
2024-10-17,3,73.4
2024-10-18,3,70.8
2024-10-19,3,52.2
2024-10-20,3,60.6
2024-10-21,3,56.3
2024-10-22,3,55.9
2024-10-23,3,74.2
2024-10-24,3,52.4
2024-10-25,3,70.1
2024-10-26,3,72.8
2024-10-27,3,69.4
2024-10-28,3,84.2
2024-10-29,3,53.7
2024-10-30,3,62.9
2024-10-31,3,77.3
2024-11-01,3,72.3
2024-11-02,3,63.6
2024-11-03,3,60.8
2024-11-04,3,77.9
2024-11-05,3,52.3
2024-11-06,3,85.7
2024-11-07,3,87.1
2024-11-08,3,77.3
2024-11-09,3,81.1
2024-11-10,3,71.8
2024-11-11,3,61.1
2024-11-12,3,68.9
2024-11-13,3,42.6
2024-11-14,3,47.9
2024-11-15,3,62.6
2024-11-16,3,68.2
2024-11-17,3,73.9
2024-11-18,3,68.5
2024-11-19,3,75.9
2024-11-20,3,68.5
2024-11-21,3,70.2
2024-11-22,3,83.0
2024-11-23,3,68.2
2024-11-24,3,56.1
2024-11-25,3,60.1
2024-11-26,3,53.7
2024-11-27,3,63.5
2024-11-28,3,66.3
2024-11-29,3,64.4
2024-11-30,3,68.5
2024-12-01,3,61.7
2024-12-02,3,83.7
2024-12-03,3,87.9
2024-12-04,3,60.3
2024-12-05,3,82.0
2024-12-06,3,79.3
2024-12-07,3,68.9
2024-12-08,3,67.5
2024-12-09,3,61.6
2024-12-10,3,64.0
2024-12-11,3,53.9
2024-12-12,3,75.1
2024-12-13,3,61.7
2024-12-14,3,71.9
2024-12-15,3,80.0
2024-12-16,3,95.6
2024-12-17,3,72.0
2024-12-18,3,72.9
2024-12-19,3,86.2
2024-12-20,3,85.5
2024-12-21,3,106.3
2024-12-22,3,44.4
2024-12-23,3,79.8
2024-12-24,3,63.1
2024-12-25,3,76.9
2024-12-26,3,93.2
2024-12-27,3,88.1
2024-12-28,3,81.9
2024-12-29,3,76.2
2024-12-30,3,70.0
2024-12-31,3,76.8
2025-01-01,3,70.3
2025-01-02,3,65.0
2025-01-03,3,65.7
2025-01-04,3,100.6
2025-01-05,3,74.3
2025-01-06,3,61.8
2025-01-07,3,61.6
2025-01-08,3,80.8
2025-01-09,3,66.2
2025-01-10,3,95.7
2025-01-11,3,105.3
2025-01-12,3,119.5
2025-01-13,3,85.5
2025-01-14,3,98.5
2025-01-15,3,57.8
2025-01-16,3,71.9
2025-01-17,3,95.1
2025-01-18,3,98.9
2025-01-19,3,57.4
2025-01-20,3,94.7
2025-01-21,3,89.5
2025-01-22,3,86.8
2025-01-23,3,87.3
2025-01-24,3,84.0
2025-01-25,3,106.2
2025-01-26,3,83.8
2025-01-27,3,77.6
2025-01-28,3,91.7
2025-01-29,3,66.8
2025-01-30,3,77.3
2025-01-31,3,91.1
2025-02-01,3,101.9
2025-02-02,3,80.5
2025-02-03,3,86.5
2024-01-01,4,38.5
2024-01-02,4,40.7
2024-01-03,4,54.8
2024-01-04,4,49.8
2024-01-05,4,52.8
2024-01-06,4,62.6
2024-01-07,4,54.1
2024-01-08,4,61.4
2024-01-09,4,54.2
2024-01-10,4,45.1
2024-01-11,4,51.1
2024-01-12,4,68.2
2024-01-13,4,65.7
2024-01-14,4,46.6
2024-01-15,4,62.8
2024-01-16,4,47.0
2024-01-17,4,51.6
2024-01-18,4,37.6
2024-01-19,4,61.1
2024-01-20,4,65.6
2024-01-21,4,51.5
2024-01-22,4,53.2
2024-01-23,4,45.7
2024-01-24,4,57.4
2024-01-25,4,48.6
2024-01-26,4,68.0
2024-01-27,4,66.7
2024-01-28,4,55.8
2024-01-29,4,56.0
2024-01-30,4,57.1
2024-01-31,4,50.9
2024-02-01,4,41.3
2024-02-02,4,81.2
2024-02-03,4,87.0
2024-02-04,4,58.2
2024-02-05,4,47.5
2024-02-06,4,57.8
2024-02-07,4,43.3
2024-02-08,4,61.6
2024-02-09,4,82.1
2024-02-10,4,69.4
2024-02-11,4,61.5
2024-02-12,4,38.7
2024-02-13,4,54.3
2024-02-14,4,44.4
2024-02-15,4,71.5
2024-02-16,4,64.7
2024-02-17,4,62.0
2024-02-18,4,62.9
2024-02-19,4,68.0
2024-02-20,4,63.4
2024-02-21,4,50.5
2024-02-22,4,64.2
2024-02-23,4,75.0
2024-02-24,4,64.0
2024-02-25,4,65.9
2024-02-26,4,52.1
2024-02-27,4,62.0
2024-02-28,4,70.8
2024-02-29,4,62.1
2024-03-01,4,59.4
2024-03-02,4,72.7
2024-03-03,4,66.0
2024-03-04,4,63.9
2024-03-05,4,48.9
2024-03-06,4,58.0
2024-03-07,4,60.3
2024-03-08,4,106.4
2024-03-09,4,76.6
2024-03-10,4,57.0
2024-03-11,4,73.1
2024-03-12,4,58.4
2024-03-13,4,60.6
2024-03-14,4,75.8
2024-03-15,4,84.4
2024-03-16,4,71.9
2024-03-17,4,53.8
2024-03-18,4,30.0
2024-03-19,4,60.9
2024-03-20,4,52.7
2024-03-21,4,70.7
2024-03-22,4,84.8
2024-03-23,4,55.0
2024-03-24,4,47.7
2024-03-25,4,56.8
2024-03-26,4,60.6
2024-03-27,4,69.2
2024-03-28,4,47.0
2024-03-29,4,43.5
2024-03-30,4,64.9
2024-03-31,4,54.4
2024-04-01,4,58.3
2024-04-02,4,73.6
2024-04-03,4,54.1
2024-04-04,4,70.7
2024-04-05,4,67.3
2024-04-06,4,73.0
2024-04-07,4,68.3
2024-04-08,4,56.0
2024-04-09,4,42.3
2024-04-10,4,49.6
2024-04-11,4,56.3
2024-04-12,4,49.3
2024-04-13,4,49.8
2024-04-14,4,51.7
2024-04-15,4,47.8
2024-04-16,4,68.5
2024-04-17,4,66.0
2024-04-18,4,31.7
2024-04-19,4,75.8
2024-04-20,4,56.6
2024-04-21,4,55.5
2024-04-22,4,72.8
2024-04-23,4,60.5
2024-04-24,4,55.7
2024-04-25,4,49.9
2024-04-26,4,68.6
2024-04-27,4,72.7
2024-04-28,4,65.6
2024-04-29,4,54.5
2024-04-30,4,78.1
2024-05-01,4,56.4
2024-05-02,4,77.4
2024-05-03,4,66.6
2024-05-04,4,87.0
2024-05-05,4,73.9
2024-05-06,4,50.0
2024-05-07,4,57.7
2024-05-08,4,57.2
2024-05-09,4,67.7
2024-05-10,4,56.8
2024-05-11,4,53.9
2024-05-12,4,87.1
2024-05-13,4,66.1
2024-05-14,4,70.0
2024-05-15,4,61.5
2024-05-16,4,60.9
2024-05-17,4,75.8
2024-05-18,4,66.2
2024-05-19,4,53.0
2024-05-20,4,53.5
2024-05-21,4,72.2
2024-05-22,4,52.6
2024-05-23,4,64.0
2024-05-24,4,67.9
2024-05-25,4,63.8
2024-05-26,4,66.6
2024-05-27,4,52.4
2024-05-28,4,35.9
2024-05-29,4,66.0
2024-05-30,4,59.0
2024-05-31,4,71.1
2024-06-01,4,80.0
2024-06-02,4,57.4
2024-06-03,4,69.1
2024-06-04,4,52.1
2024-06-05,4,76.9
2024-06-06,4,42.8
2024-06-07,4,63.1
2024-06-08,4,60.7
2024-06-09,4,43.4
2024-06-10,4,45.9
2024-06-11,4,53.1
2024-06-12,4,37.6
2024-06-13,4,53.9
2024-06-14,4,72.0
2024-06-15,4,48.6
2024-06-16,4,45.3
2024-06-17,4,39.7
2024-06-18,4,48.9
2024-06-19,4,50.9
2024-06-20,4,44.8
2024-06-21,4,53.3
2024-06-22,4,62.8
2024-06-23,4,57.4
2024-06-24,4,40.3
2024-06-25,4,47.3
2024-06-26,4,46.4
2024-06-27,4,37.0
2024-06-28,4,59.6
2024-06-29,4,61.5
2024-06-30,4,53.4
2024-07-01,4,43.9
2024-07-02,4,60.5
2024-07-03,4,60.0
2024-07-04,4,45.5
2024-07-05,4,55.0
2024-07-06,4,69.4
2024-07-07,4,48.2
2024-07-08,4,62.1
2024-07-09,4,63.2
2024-07-10,4,51.3
2024-07-11,4,53.6
2024-07-12,4,57.1
2024-07-13,4,73.0
2024-07-14,4,59.8
2024-07-15,4,41.3
2024-07-16,4,39.4
2024-07-17,4,45.6
2024-07-18,4,47.0
2024-07-19,4,48.2
2024-07-20,4,66.0
2024-07-21,4,52.5
2024-07-22,4,58.2
2024-07-23,4,61.1
2024-07-24,4,42.9
2024-07-25,4,70.7
2024-07-26,4,76.9
2024-07-27,4,55.5
2024-07-28,4,43.3
2024-07-29,4,41.9
2024-07-30,4,56.3
2024-07-31,4,44.6
2024-08-01,4,53.6
2024-08-02,4,75.8
2024-08-03,4,55.1
2024-08-04,4,47.0
2024-08-05,4,53.0
2024-08-06,4,52.4
2024-08-07,4,41.9
2024-08-08,4,33.8
2024-08-09,4,55.0
2024-08-10,4,52.8
2024-08-11,4,45.4
2024-08-12,4,50.1
2024-08-13,4,53.1
2024-08-14,4,40.2
2024-08-15,4,55.6
2024-08-16,4,48.0
2024-08-17,4,53.5
2024-08-18,4,53.4
2024-08-19,4,58.4
2024-08-20,4,59.9
2024-08-21,4,51.0
2024-08-22,4,49.2
2024-08-23,4,61.3
2024-08-24,4,62.4
2024-08-25,4,43.0
2024-08-26,4,50.5
2024-08-27,4,47.2
2024-08-28,4,51.4
2024-08-29,4,34.9
2024-08-30,4,44.4
2024-08-31,4,35.0
2024-09-01,4,54.4
2024-09-02,4,46.3
2024-09-03,4,50.2
2024-09-04,4,30.4
2024-09-05,4,52.0
2024-09-06,4,59.6
2024-09-07,4,72.3
2024-09-08,4,62.2
2024-09-09,4,52.8
2024-09-10,4,50.3
2024-09-11,4,52.8
2024-09-12,4,48.2
2024-09-13,4,52.8
2024-09-14,4,57.1
2024-09-15,4,52.1
2024-09-16,4,43.1
2024-09-17,4,45.5
2024-09-18,4,66.1
2024-09-19,4,44.1
2024-09-20,4,52.8
2024-09-21,4,61.0
2024-09-22,4,39.8
2024-09-23,4,44.9
2024-09-24,4,36.5
2024-09-25,4,48.4
2024-09-26,4,39.6
2024-09-27,4,36.4
2024-09-28,4,60.9
2024-09-29,4,55.7
2024-09-30,4,45.4
2024-10-01,4,65.7
2024-10-02,4,34.3
2024-10-03,4,37.3
2024-10-04,4,59.3
2024-10-05,4,66.4
2024-10-06,4,48.4
2024-10-07,4,46.2
2024-10-08,4,41.5
2024-10-09,4,67.1
2024-10-10,4,44.3
2024-10-11,4,65.1
2024-10-12,4,60.3
2024-10-13,4,37.5
2024-10-14,4,59.3
2024-10-15,4,44.4
2024-10-16,4,54.1
2024-10-17,4,56.0
2024-10-18,4,56.0
2024-10-19,4,76.2
2024-10-20,4,64.1
2024-10-21,4,50.0
2024-10-22,4,58.3
2024-10-23,4,60.9
2024-10-24,4,67.7
2024-10-25,4,56.6
2024-10-26,4,81.1
2024-10-27,4,42.9
2024-10-28,4,41.2
2024-10-29,4,56.8
2024-10-30,4,43.0
2024-10-31,4,69.4
2024-11-01,4,39.4
2024-11-02,4,59.6
2024-11-03,4,57.8
2024-11-04,4,35.9
2024-11-05,4,61.7
2024-11-06,4,38.0
2024-11-07,4,56.1
2024-11-08,4,60.8
2024-11-09,4,63.1
2024-11-10,4,60.4
2024-11-11,4,60.4
2024-11-12,4,44.3
2024-11-13,4,45.1
2024-11-14,4,53.4
2024-11-15,4,42.9
2024-11-16,4,75.9
2024-11-17,4,52.9
2024-11-18,4,73.7
2024-11-19,4,57.9
2024-11-20,4,46.4
2024-11-21,4,44.6
2024-11-22,4,79.3
2024-11-23,4,25.8
2024-11-24,4,50.3
2024-11-25,4,75.5
2024-11-26,4,53.5
2024-11-27,4,61.5
2024-11-28,4,56.1
2024-11-29,4,71.0
2024-11-30,4,54.4
2024-12-01,4,57.6
2024-12-02,4,69.8
2024-12-03,4,56.2
2024-12-04,4,55.3
2024-12-05,4,66.3
2024-12-06,4,80.8
2024-12-07,4,68.2
2024-12-08,4,47.7
2024-12-09,4,44.2
2024-12-10,4,58.0
2024-12-11,4,59.7
2024-12-12,4,77.8
2024-12-13,4,104.1
2024-12-14,4,87.6
2024-12-15,4,50.9
2024-12-16,4,54.6
2024-12-17,4,40.4
2024-12-18,4,60.8
2024-12-19,4,62.0
2024-12-20,4,79.4
2024-12-21,4,56.4
2024-12-22,4,61.0
2024-12-23,4,59.2
2024-12-24,4,70.9
2024-12-25,4,43.9
2024-12-26,4,74.7
2024-12-27,4,68.8
2024-12-28,4,67.3
2024-12-29,4,47.2
2024-12-30,4,57.6
2024-12-31,4,60.2
2025-01-01,4,57.5
2025-01-02,4,62.1
2025-01-03,4,53.1
2025-01-04,4,69.4
2025-01-05,4,50.8
2025-01-06,4,39.4
2025-01-07,4,44.5
2025-01-08,4,57.5
2025-01-09,4,64.2
2025-01-10,4,68.8
2025-01-11,4,86.8
2025-01-12,4,67.1
2025-01-13,4,60.7
2025-01-14,4,55.2
2025-01-15,4,67.5
2025-01-16,4,59.7
2025-01-17,4,48.7
2025-01-18,4,72.5
2025-01-19,4,63.2
2025-01-20,4,61.7
2025-01-21,4,93.4
2025-01-22,4,69.1
2025-01-23,4,71.2
2025-01-24,4,82.2
2025-01-25,4,68.0
2025-01-26,4,64.9
2025-01-27,4,67.2
2025-01-28,4,66.6
2025-01-29,4,53.3
2025-01-30,4,67.3
2025-01-31,4,69.0
2025-02-01,4,57.8
2025-02-02,4,52.1
2025-02-03,4,59.7
2024-01-01,5,29.2
2024-01-02,5,22.3
2024-01-03,5,21.7
2024-01-04,5,24.5
2024-01-05,5,30.4
2024-01-06,5,43.3
2024-01-07,5,32.8
2024-01-08,5,17.9
2024-01-09,5,26.5
2024-01-10,5,30.3
2024-01-11,5,36.0
2024-01-12,5,33.7
2024-01-13,5,46.6
2024-01-14,5,27.6
2024-01-15,5,42.9
2024-01-16,5,28.9
2024-01-17,5,31.6
2024-01-18,5,33.9
2024-01-19,5,33.1
2024-01-20,5,29.7
2024-01-21,5,34.3
2024-01-22,5,32.5
2024-01-23,5,41.5
2024-01-24,5,36.4
2024-01-25,5,28.1
2024-01-26,5,40.6
2024-01-27,5,32.4
2024-01-28,5,23.4
2024-01-29,5,30.5
2024-01-30,5,29.3
2024-01-31,5,28.7
2024-02-01,5,38.4
2024-02-02,5,36.8
2024-02-03,5,29.9
2024-02-04,5,30.3
2024-02-05,5,34.5
2024-02-06,5,20.0
2024-02-07,5,34.8
2024-02-08,5,33.6
2024-02-09,5,41.9
2024-02-10,5,47.7
2024-02-11,5,41.5
2024-02-12,5,30.3
2024-02-13,5,41.1
2024-02-14,5,34.6
2024-02-15,5,25.7
2024-02-16,5,39.5
2024-02-17,5,37.6
2024-02-18,5,37.7
2024-02-19,5,29.1
2024-02-20,5,28.8
2024-02-21,5,36.5
2024-02-22,5,29.9
2024-02-23,5,36.9
2024-02-24,5,34.3
2024-02-25,5,36.3
2024-02-26,5,36.1
2024-02-27,5,31.9
2024-02-28,5,16.1
2024-02-29,5,39.3
2024-03-01,5,32.3
2024-03-02,5,40.0
2024-03-03,5,30.7
2024-03-04,5,22.4
2024-03-05,5,37.7
2024-03-06,5,31.4
2024-03-07,5,33.8
2024-03-08,5,41.7
2024-03-09,5,58.7
2024-03-10,5,31.1
2024-03-11,5,32.5
2024-03-12,5,30.0
2024-03-13,5,32.5
2024-03-14,5,37.1
2024-03-15,5,38.7
2024-03-16,5,41.7
2024-03-17,5,35.2
2024-03-18,5,33.8
2024-03-19,5,34.3
2024-03-20,5,53.0
2024-03-21,5,30.3
2024-03-22,5,41.3
2024-03-23,5,33.3
2024-03-24,5,39.8
2024-03-25,5,39.1
2024-03-26,5,34.6
2024-03-27,5,28.5
2024-03-28,5,40.4
2024-03-29,5,49.8
2024-03-30,5,29.2
2024-03-31,5,31.1
2024-04-01,5,34.8
2024-04-02,5,34.8
2024-04-03,5,35.9
2024-04-04,5,38.8
2024-04-05,5,38.3
2024-04-06,5,38.8
2024-04-07,5,39.2
2024-04-08,5,32.8
2024-04-09,5,43.6
2024-04-10,5,37.5
2024-04-11,5,43.8
2024-04-12,5,43.1
2024-04-13,5,46.9
2024-04-14,5,34.7
2024-04-15,5,37.2
2024-04-16,5,40.5
2024-04-17,5,33.9
2024-04-18,5,46.9
2024-04-19,5,36.6
2024-04-20,5,50.2
2024-04-21,5,34.5
2024-04-22,5,42.3
2024-04-23,5,39.1
2024-04-24,5,45.3
2024-04-25,5,55.4
2024-04-26,5,61.4
2024-04-27,5,39.1
2024-04-28,5,38.7
2024-04-29,5,32.7
2024-04-30,5,37.0
2024-05-01,5,28.4
2024-05-02,5,39.9
2024-05-03,5,31.9
2024-05-04,5,54.4
2024-05-05,5,33.7
2024-05-06,5,29.4
2024-05-07,5,32.2
2024-05-08,5,36.3
2024-05-09,5,28.8
2024-05-10,5,51.8
2024-05-11,5,42.1
2024-05-12,5,31.7
2024-05-13,5,27.4
2024-05-14,5,34.7
2024-05-15,5,37.2
2024-05-16,5,39.1
2024-05-17,5,40.2
2024-05-18,5,33.1
2024-05-19,5,40.4
2024-05-20,5,32.8
2024-05-21,5,27.5
2024-05-22,5,33.3
2024-05-23,5,32.8
2024-05-24,5,35.2
2024-05-25,5,43.3
2024-05-26,5,17.7
2024-05-27,5,37.4
2024-05-28,5,31.5
2024-05-29,5,30.5
2024-05-30,5,30.9
2024-05-31,5,39.8
2024-06-01,5,29.0
2024-06-02,5,33.0
2024-06-03,5,38.5
2024-06-04,5,37.9
2024-06-05,5,26.0
2024-06-06,5,27.6
2024-06-07,5,26.6
2024-06-08,5,26.7
2024-06-09,5,36.5
2024-06-10,5,37.3
2024-06-11,5,25.6
2024-06-12,5,41.8
2024-06-13,5,40.6
2024-06-14,5,40.4
2024-06-15,5,34.0
2024-06-16,5,28.5
2024-06-17,5,36.4
2024-06-18,5,34.6
2024-06-19,5,22.3
2024-06-20,5,32.7
2024-06-21,5,37.2
2024-06-22,5,43.3
2024-06-23,5,25.9
2024-06-24,5,28.4
2024-06-25,5,31.1
2024-06-26,5,30.4
2024-06-27,5,27.2
2024-06-28,5,44.1
2024-06-29,5,28.9
2024-06-30,5,27.1
2024-07-01,5,24.7
2024-07-02,5,28.6
2024-07-03,5,36.4
2024-07-04,5,32.7
2024-07-05,5,38.4
2024-07-06,5,36.9
2024-07-07,5,28.4
2024-07-08,5,21.0
2024-07-09,5,30.7
2024-07-10,5,29.4
2024-07-11,5,28.8
2024-07-12,5,30.7
2024-07-13,5,31.2
2024-07-14,5,25.0
2024-07-15,5,25.0
2024-07-16,5,25.9
2024-07-17,5,30.2
2024-07-18,5,36.5
2024-07-19,5,37.3
2024-07-20,5,22.0
2024-07-21,5,30.1
2024-07-22,5,31.2
2024-07-23,5,31.6
2024-07-24,5,25.8
2024-07-25,5,20.5
2024-07-26,5,37.2
2024-07-27,5,28.7
2024-07-28,5,37.8
2024-07-29,5,22.2
2024-07-30,5,37.6
2024-07-31,5,21.5
2024-08-01,5,37.8
2024-08-02,5,32.8
2024-08-03,5,37.5
2024-08-04,5,31.5
2024-08-05,5,34.2
2024-08-06,5,29.3
2024-08-07,5,32.7
2024-08-08,5,22.1
2024-08-09,5,31.7
2024-08-10,5,25.2
2024-08-11,5,26.8
2024-08-12,5,29.1
2024-08-13,5,27.1
2024-08-14,5,33.8
2024-08-15,5,33.3
2024-08-16,5,34.3
2024-08-17,5,35.4
2024-08-18,5,35.0
2024-08-19,5,24.5
2024-08-20,5,25.6
2024-08-21,5,27.2
2024-08-22,5,22.3
2024-08-23,5,28.2
2024-08-24,5,22.0
2024-08-25,5,20.9
2024-08-26,5,33.4
2024-08-27,5,25.8
2024-08-28,5,17.1
2024-08-29,5,28.3
2024-08-30,5,29.0
2024-08-31,5,19.7
2024-09-01,5,23.5
2024-09-02,5,24.7
2024-09-03,5,27.5
2024-09-04,5,23.6
2024-09-05,5,33.2
2024-09-06,5,28.5
2024-09-07,5,44.4
2024-09-08,5,31.2
2024-09-09,5,35.4
2024-09-10,5,31.6
2024-09-11,5,20.9
2024-09-12,5,33.1
2024-09-13,5,44.6
2024-09-14,5,40.0
2024-09-15,5,28.8
2024-09-16,5,21.1
2024-09-17,5,30.9
2024-09-18,5,24.3
2024-09-19,5,27.5
2024-09-20,5,35.1
2024-09-21,5,37.1
2024-09-22,5,22.4
2024-09-23,5,30.4
2024-09-24,5,29.5
2024-09-25,5,25.1
2024-09-26,5,24.1
2024-09-27,5,32.9
2024-09-28,5,40.4
2024-09-29,5,24.6
2024-09-30,5,31.2
2024-10-01,5,23.6
2024-10-02,5,24.5
2024-10-03,5,27.4
2024-10-04,5,29.9
2024-10-05,5,30.7
2024-10-06,5,23.2
2024-10-07,5,24.3
2024-10-08,5,24.5
2024-10-09,5,31.0
2024-10-10,5,28.5
2024-10-11,5,34.4
2024-10-12,5,36.8
2024-10-13,5,27.1
2024-10-14,5,24.5
2024-10-15,5,23.2
2024-10-16,5,34.7
2024-10-17,5,31.5
2024-10-18,5,39.7
2024-10-19,5,39.2
2024-10-20,5,24.8
2024-10-21,5,29.4
2024-10-22,5,27.8
2024-10-23,5,37.0
2024-10-24,5,29.8
2024-10-25,5,39.2
2024-10-26,5,32.6
2024-10-27,5,35.8
2024-10-28,5,28.5
2024-10-29,5,24.8
2024-10-30,5,34.4
2024-10-31,5,25.0
2024-11-01,5,29.9
2024-11-02,5,36.3
2024-11-03,5,31.2
2024-11-04,5,26.5
2024-11-05,5,29.8
2024-11-06,5,35.9
2024-11-07,5,25.5
2024-11-08,5,18.2
2024-11-09,5,39.5
2024-11-10,5,26.4
2024-11-11,5,26.7
2024-11-12,5,32.2
2024-11-13,5,26.8
2024-11-14,5,28.2
2024-11-15,5,39.1
2024-11-16,5,38.0
2024-11-17,5,29.6
2024-11-18,5,24.6
2024-11-19,5,24.2
2024-11-20,5,34.9
2024-11-21,5,33.9
2024-11-22,5,28.0
2024-11-23,5,36.4
2024-11-24,5,18.1
2024-11-25,5,32.8
2024-11-26,5,32.6
2024-11-27,5,26.5
2024-11-28,5,36.4
2024-11-29,5,36.7
2024-11-30,5,33.2
2024-12-01,5,28.3
2024-12-02,5,29.2
2024-12-03,5,36.0
2024-12-04,5,34.0
2024-12-05,5,27.7
2024-12-06,5,27.5
2024-12-07,5,35.2
2024-12-08,5,32.9
2024-12-09,5,26.1
2024-12-10,5,27.7
2024-12-11,5,30.2
2024-12-12,5,34.1
2024-12-13,5,41.4
2024-12-14,5,42.6
2024-12-15,5,21.6
2024-12-16,5,38.3
2024-12-17,5,34.6
2024-12-18,5,28.4
2024-12-19,5,38.9
2024-12-20,5,24.7
2024-12-21,5,25.4
2024-12-22,5,43.9
2024-12-23,5,25.4
2024-12-24,5,34.2
2024-12-25,5,26.6
2024-12-26,5,30.9
2024-12-27,5,31.6
2024-12-28,5,46.6
2024-12-29,5,21.1
2024-12-30,5,33.6
2024-12-31,5,27.2
2025-01-01,5,27.0
2025-01-02,5,38.1
2025-01-03,5,32.0
2025-01-04,5,39.8
2025-01-05,5,38.1
2025-01-06,5,36.2
2025-01-07,5,39.2
2025-01-08,5,42.6
2025-01-09,5,36.6
2025-01-10,5,39.1
2025-01-11,5,39.0
2025-01-12,5,31.8
2025-01-13,5,42.4
2025-01-14,5,30.0
2025-01-15,5,37.7
2025-01-16,5,40.5
2025-01-17,5,36.0
2025-01-18,5,29.6
2025-01-19,5,40.6
2025-01-20,5,36.5
2025-01-21,5,35.8
2025-01-22,5,36.3
2025-01-23,5,37.1
2025-01-24,5,44.0
2025-01-25,5,39.6
2025-01-26,5,32.0
2025-01-27,5,40.3
2025-01-28,5,42.2
2025-01-29,5,32.2
2025-01-30,5,24.2
2025-01-31,5,52.3
2025-02-01,5,50.8
2025-02-02,5,43.8
2025-02-03,5,34.3
2024-01-01,6,69.4
2024-01-02,6,63.2
2024-01-03,6,54.0
2024-01-04,6,49.6
2024-01-05,6,89.1
2024-01-06,6,70.2
2024-01-07,6,58.0
2024-01-08,6,48.5
2024-01-09,6,66.4
2024-01-10,6,57.0
2024-01-11,6,76.2
2024-01-12,6,68.9
2024-01-13,6,73.8
2024-01-14,6,49.3
2024-01-15,6,45.9
2024-01-16,6,49.7
2024-01-17,6,53.4
2024-01-18,6,45.6
2024-01-19,6,53.9
2024-01-20,6,51.9
2024-01-21,6,63.9
2024-01-22,6,68.7
2024-01-23,6,50.1
2024-01-24,6,75.7
2024-01-25,6,64.6
2024-01-26,6,69.9
2024-01-27,6,71.7
2024-01-28,6,78.5
2024-01-29,6,67.2
2024-01-30,6,71.9
2024-01-31,6,90.5
2024-02-01,6,58.1
2024-02-02,6,67.5
2024-02-03,6,76.4
2024-02-04,6,49.7
2024-02-05,6,52.8
2024-02-06,6,51.9
2024-02-07,6,81.4
2024-02-08,6,67.5
2024-02-09,6,64.1
2024-02-10,6,59.0
2024-02-11,6,68.4
2024-02-12,6,72.4
2024-02-13,6,56.9
2024-02-14,6,71.8
2024-02-15,6,54.7
2024-02-16,6,85.2
2024-02-17,6,77.4
2024-02-18,6,58.3
2024-02-19,6,46.7
2024-02-20,6,62.5
2024-02-21,6,66.8
2024-02-22,6,84.5
2024-02-23,6,65.8
2024-02-24,6,69.9
2024-02-25,6,53.0
2024-02-26,6,67.9
2024-02-27,6,58.4
2024-02-28,6,51.7
2024-02-29,6,57.9
2024-03-01,6,69.5
2024-03-02,6,60.8
2024-03-03,6,65.3
2024-03-04,6,54.8
2024-03-05,6,56.2
2024-03-06,6,61.1
2024-03-07,6,44.0
2024-03-08,6,74.4
2024-03-09,6,66.0
2024-03-10,6,53.7
2024-03-11,6,84.8
2024-03-12,6,68.6
2024-03-13,6,54.3
2024-03-14,6,45.3
2024-03-15,6,62.3
2024-03-16,6,88.5
2024-03-17,6,38.0
2024-03-18,6,67.4
2024-03-19,6,49.6
2024-03-20,6,65.5
2024-03-21,6,88.0
2024-03-22,6,88.3
2024-03-23,6,77.6
2024-03-24,6,60.3
2024-03-25,6,73.0
2024-03-26,6,52.7
2024-03-27,6,51.7
2024-03-28,6,63.9
2024-03-29,6,95.9
2024-03-30,6,76.2
2024-03-31,6,76.0
2024-04-01,6,56.5
2024-04-02,6,65.2
2024-04-03,6,46.8
2024-04-04,6,66.9
2024-04-05,6,65.8
2024-04-06,6,90.8
2024-04-07,6,72.3
2024-04-08,6,70.3
2024-04-09,6,78.6
2024-04-10,6,59.5
2024-04-11,6,36.3
2024-04-12,6,49.8
2024-04-13,6,71.9
2024-04-14,6,48.9
2024-04-15,6,54.1
2024-04-16,6,56.3
2024-04-17,6,65.9
2024-04-18,6,30.3
2024-04-19,6,82.5
2024-04-20,6,79.1
2024-04-21,6,61.4
2024-04-22,6,61.5
2024-04-23,6,85.3
2024-04-24,6,63.0
2024-04-25,6,34.1
2024-04-26,6,88.8
2024-04-27,6,56.4
2024-04-28,6,61.6
2024-04-29,6,81.5
2024-04-30,6,51.9
2024-05-01,6,58.9
2024-05-02,6,69.8
2024-05-03,6,67.8
2024-05-04,6,80.8
2024-05-05,6,56.4
2024-05-06,6,56.2
2024-05-07,6,62.9
2024-05-08,6,61.5
2024-05-09,6,68.5
2024-05-10,6,85.1
2024-05-11,6,91.6
2024-05-12,6,47.3
2024-05-13,6,58.8
2024-05-14,6,64.7
2024-05-15,6,75.8
2024-05-16,6,72.7
2024-05-17,6,58.7
2024-05-18,6,96.3
2024-05-19,6,58.7
2024-05-20,6,89.8
2024-05-21,6,54.7
2024-05-22,6,58.1
2024-05-23,6,80.7
2024-05-24,6,67.7
2024-05-25,6,74.1
2024-05-26,6,77.1
2024-05-27,6,69.8
2024-05-28,6,85.5
2024-05-29,6,55.8
2024-05-30,6,65.9
2024-05-31,6,64.4
2024-06-01,6,84.5
2024-06-02,6,74.7
2024-06-03,6,69.2
2024-06-04,6,49.7
2024-06-05,6,68.8
2024-06-06,6,51.2
2024-06-07,6,63.3
2024-06-08,6,67.7
2024-06-09,6,65.1
2024-06-10,6,68.7
2024-06-11,6,52.7
2024-06-12,6,60.5
2024-06-13,6,83.1
2024-06-14,6,70.4
2024-06-15,6,75.9
2024-06-16,6,54.5
2024-06-17,6,87.8
2024-06-18,6,54.3
2024-06-19,6,60.4
2024-06-20,6,58.2
2024-06-21,6,68.0
2024-06-22,6,82.9
2024-06-23,6,59.3
2024-06-24,6,68.3
2024-06-25,6,81.1
2024-06-26,6,48.9
2024-06-27,6,56.1
2024-06-28,6,57.3
2024-06-29,6,69.3
2024-06-30,6,54.7
2024-07-01,6,66.8
2024-07-02,6,23.1
2024-07-03,6,70.5
2024-07-04,6,51.6
2024-07-05,6,72.0
2024-07-06,6,43.2
2024-07-07,6,74.4
2024-07-08,6,35.8
2024-07-09,6,43.6
2024-07-10,6,61.6
2024-07-11,6,47.9
2024-07-12,6,57.1
2024-07-13,6,95.2
2024-07-14,6,64.4
2024-07-15,6,53.7
2024-07-16,6,52.3
2024-07-17,6,66.5
2024-07-18,6,66.6
2024-07-19,6,62.4
2024-07-20,6,40.8
2024-07-21,6,50.2
2024-07-22,6,30.0
2024-07-23,6,47.2
2024-07-24,6,63.7
2024-07-25,6,73.7
2024-07-26,6,83.4
2024-07-27,6,74.1
2024-07-28,6,68.5
2024-07-29,6,40.6
2024-07-30,6,65.3
2024-07-31,6,38.0
2024-08-01,6,46.7
2024-08-02,6,68.9
2024-08-03,6,91.9
2024-08-04,6,51.3
2024-08-05,6,47.0
2024-08-06,6,64.6
2024-08-07,6,66.9
2024-08-08,6,45.7
2024-08-09,6,68.7
2024-08-10,6,57.4
2024-08-11,6,67.0
2024-08-12,6,62.7
2024-08-13,6,59.6
2024-08-14,6,55.2
2024-08-15,6,61.5
2024-08-16,6,57.1
2024-08-17,6,88.8
2024-08-18,6,82.7
2024-08-19,6,68.9
2024-08-20,6,47.4
2024-08-21,6,77.0
2024-08-22,6,44.5
2024-08-23,6,78.1
2024-08-24,6,80.3
2024-08-25,6,62.2
2024-08-26,6,71.3
2024-08-27,6,76.3
2024-08-28,6,47.3
2024-08-29,6,72.1
2024-08-30,6,61.2
2024-08-31,6,69.7
2024-09-01,6,46.8
2024-09-02,6,56.5
2024-09-03,6,60.6
2024-09-04,6,53.3
2024-09-05,6,59.1
2024-09-06,6,65.5
2024-09-07,6,64.8
2024-09-08,6,57.0
2024-09-09,6,52.4
2024-09-10,6,76.2
2024-09-11,6,46.6
2024-09-12,6,76.6
2024-09-13,6,63.5
2024-09-14,6,52.8
2024-09-15,6,43.2
2024-09-16,6,54.4
2024-09-17,6,58.2
2024-09-18,6,63.2
2024-09-19,6,78.1
2024-09-20,6,52.3
2024-09-21,6,76.6
2024-09-22,6,66.9
2024-09-23,6,48.9
2024-09-24,6,64.3
2024-09-25,6,76.4
2024-09-26,6,72.5
2024-09-27,6,61.0
2024-09-28,6,85.9
2024-09-29,6,61.7
2024-09-30,6,56.3
2024-10-01,6,54.5
2024-10-02,6,68.2
2024-10-03,6,60.5
2024-10-04,6,77.0
2024-10-05,6,64.2
2024-10-06,6,58.7
2024-10-07,6,63.8
2024-10-08,6,65.4
2024-10-09,6,55.6
2024-10-10,6,59.8
2024-10-11,6,65.1
2024-10-12,6,70.9
2024-10-13,6,45.0
2024-10-14,6,53.6
2024-10-15,6,72.4
2024-10-16,6,63.0
2024-10-17,6,60.5
2024-10-18,6,54.4
2024-10-19,6,69.7
2024-10-20,6,59.7
2024-10-21,6,54.9
2024-10-22,6,76.6
2024-10-23,6,40.1
2024-10-24,6,62.7
2024-10-25,6,85.5
2024-10-26,6,83.3
2024-10-27,6,65.6
2024-10-28,6,64.6
2024-10-29,6,58.4
2024-10-30,6,65.1
2024-10-31,6,61.4
2024-11-01,6,70.8
2024-11-02,6,71.7
2024-11-03,6,72.5
2024-11-04,6,61.1
2024-11-05,6,52.6
2024-11-06,6,48.6
2024-11-07,6,64.0
2024-11-08,6,45.7
2024-11-09,6,84.7
2024-11-10,6,51.9
2024-11-11,6,66.9
2024-11-12,6,77.4
2024-11-13,6,70.2
2024-11-14,6,77.9
2024-11-15,6,105.0
2024-11-16,6,82.3
2024-11-17,6,49.7
2024-11-18,6,78.5
2024-11-19,6,67.2
2024-11-20,6,75.0
2024-11-21,6,74.8
2024-11-22,6,59.8
2024-11-23,6,89.5
2024-11-24,6,53.4
2024-11-25,6,60.4
2024-11-26,6,45.3
2024-11-27,6,79.2
2024-11-28,6,61.1
2024-11-29,6,78.5
2024-11-30,6,47.6
2024-12-01,6,53.9
2024-12-02,6,72.1
2024-12-03,6,77.3
2024-12-04,6,61.1
2024-12-05,6,52.6
2024-12-06,6,72.6
2024-12-07,6,73.7
2024-12-08,6,67.3
2024-12-09,6,62.0
2024-12-10,6,77.4
2024-12-11,6,55.8
2024-12-12,6,71.0
2024-12-13,6,77.6
2024-12-14,6,88.7
2024-12-15,6,47.4
2024-12-16,6,61.7
2024-12-17,6,67.6
2024-12-18,6,76.1
2024-12-19,6,66.2
2024-12-20,6,85.7
2024-12-21,6,74.3
2024-12-22,6,60.7
2024-12-23,6,49.6
2024-12-24,6,78.3
2024-12-25,6,104.9
2024-12-26,6,46.7
2024-12-27,6,69.7
2024-12-28,6,62.0
2024-12-29,6,69.9
2024-12-30,6,90.1
2024-12-31,6,60.7
2025-01-01,6,82.2
2025-01-02,6,68.6
2025-01-03,6,62.0
2025-01-04,6,62.5
2025-01-05,6,79.7
2025-01-06,6,62.3
2025-01-07,6,83.9
2025-01-08,6,71.7
2025-01-09,6,71.4
2025-01-10,6,59.6
2025-01-11,6,72.9
2025-01-12,6,46.3
2025-01-13,6,72.6
2025-01-14,6,66.6
2025-01-15,6,85.7
2025-01-16,6,59.6
2025-01-17,6,83.9
2025-01-18,6,72.7
2025-01-19,6,81.7
2025-01-20,6,54.2
2025-01-21,6,68.8
2025-01-22,6,62.8
2025-01-23,6,41.1
2025-01-24,6,67.4
2025-01-25,6,101.3
2025-01-26,6,82.4
2025-01-27,6,67.9
2025-01-28,6,87.6
2025-01-29,6,74.4
2025-01-30,6,78.4
2025-01-31,6,79.2
2025-02-01,6,68.4
2025-02-02,6,67.9
2025-02-03,6,88.3
2024-01-01,7,58.6
2024-01-02,7,31.3
2024-01-03,7,65.8
2024-01-04,7,56.5
2024-01-05,7,36.7
2024-01-06,7,66.4
2024-01-07,7,58.7
2024-01-08,7,60.9
2024-01-09,7,68.2
2024-01-10,7,58.5
2024-01-11,7,64.5
2024-01-12,7,61.6
2024-01-13,7,57.2
2024-01-14,7,63.9
2024-01-15,7,57.5
2024-01-16,7,55.6
2024-01-17,7,52.8
2024-01-18,7,62.2
2024-01-19,7,54.4
2024-01-20,7,62.9
2024-01-21,7,53.2
2024-01-22,7,80.9
2024-01-23,7,70.4
2024-01-24,7,65.9
2024-01-25,7,84.7
2024-01-26,7,54.6
2024-01-27,7,79.9
2024-01-28,7,78.2
2024-01-29,7,63.7
2024-01-30,7,60.3
2024-01-31,7,62.0
2024-02-01,7,68.7
2024-02-02,7,78.1
2024-02-03,7,70.0
2024-02-04,7,79.9
2024-02-05,7,81.6
2024-02-06,7,74.3
2024-02-07,7,44.6
2024-02-08,7,67.0
2024-02-09,7,74.6
2024-02-10,7,60.6
2024-02-11,7,72.4
2024-02-12,7,52.8
2024-02-13,7,76.6
2024-02-14,7,78.9
2024-02-15,7,66.5
2024-02-16,7,100.6
2024-02-17,7,60.7
2024-02-18,7,88.1
2024-02-19,7,70.7
2024-02-20,7,66.0
2024-02-21,7,65.9
2024-02-22,7,86.0
2024-02-23,7,78.7
2024-02-24,7,74.0
2024-02-25,7,96.4
2024-02-26,7,70.3
2024-02-27,7,99.2
2024-02-28,7,66.4
2024-02-29,7,76.5
2024-03-01,7,64.7
2024-03-02,7,68.5
2024-03-03,7,68.1
2024-03-04,7,50.5
2024-03-05,7,63.4
2024-03-06,7,57.8
2024-03-07,7,63.2
2024-03-08,7,93.8
2024-03-09,7,77.3
2024-03-10,7,65.4
2024-03-11,7,57.2
2024-03-12,7,75.0
2024-03-13,7,72.4
2024-03-14,7,89.0
2024-03-15,7,87.1
2024-03-16,7,95.1
2024-03-17,7,73.6
2024-03-18,7,90.6
2024-03-19,7,53.0
2024-03-20,7,74.9
2024-03-21,7,58.6
2024-03-22,7,58.0
2024-03-23,7,79.1
2024-03-24,7,57.8
2024-03-25,7,80.4
2024-03-26,7,74.0
2024-03-27,7,61.1
2024-03-28,7,61.3
2024-03-29,7,93.4
2024-03-30,7,83.9
2024-03-31,7,87.4
2024-04-01,7,62.2
2024-04-02,7,100.7
2024-04-03,7,62.3
2024-04-04,7,42.7
2024-04-05,7,82.5
2024-04-06,7,106.3
2024-04-07,7,61.6
2024-04-08,7,55.0
2024-04-09,7,42.1
2024-04-10,7,55.6
2024-04-11,7,68.9
2024-04-12,7,82.0
2024-04-13,7,88.3
2024-04-14,7,89.8
2024-04-15,7,58.9
2024-04-16,7,80.0
2024-04-17,7,69.3
2024-04-18,7,92.2
2024-04-19,7,85.0
2024-04-20,7,89.0
2024-04-21,7,76.4
2024-04-22,7,62.1
2024-04-23,7,58.3
2024-04-24,7,71.1
2024-04-25,7,58.0
2024-04-26,7,104.9
2024-04-27,7,61.9
2024-04-28,7,75.2
2024-04-29,7,74.0
2024-04-30,7,64.3
2024-05-01,7,67.3
2024-05-02,7,73.6
2024-05-03,7,97.2
2024-05-04,7,84.7
2024-05-05,7,76.3
2024-05-06,7,72.7
2024-05-07,7,104.4
2024-05-08,7,55.6
2024-05-09,7,40.7
2024-05-10,7,102.4
2024-05-11,7,98.8
2024-05-12,7,76.2
2024-05-13,7,53.1
2024-05-14,7,87.8
2024-05-15,7,80.9
2024-05-16,7,80.7
2024-05-17,7,101.6
2024-05-18,7,75.8
2024-05-19,7,59.2
2024-05-20,7,73.6
2024-05-21,7,68.7
2024-05-22,7,60.7
2024-05-23,7,72.1
2024-05-24,7,62.9
2024-05-25,7,78.6
2024-05-26,7,81.5
2024-05-27,7,52.3
2024-05-28,7,59.7
2024-05-29,7,57.0
2024-05-30,7,47.9
2024-05-31,7,82.4
2024-06-01,7,75.7
2024-06-02,7,55.6
2024-06-03,7,75.5
2024-06-04,7,62.9
2024-06-05,7,70.5
2024-06-06,7,63.1
2024-06-07,7,83.4
2024-06-08,7,92.6
2024-06-09,7,51.9
2024-06-10,7,68.7
2024-06-11,7,65.5
2024-06-12,7,61.0
2024-06-13,7,66.4
2024-06-14,7,69.5
2024-06-15,7,95.1
2024-06-16,7,65.7
2024-06-17,7,64.2
2024-06-18,7,87.4
2024-06-19,7,75.4
2024-06-20,7,60.7
2024-06-21,7,72.2
2024-06-22,7,78.9
2024-06-23,7,62.9
2024-06-24,7,60.3
2024-06-25,7,65.8
2024-06-26,7,56.7
2024-06-27,7,84.7
2024-06-28,7,94.0
2024-06-29,7,67.1
2024-06-30,7,77.3
2024-07-01,7,62.0
2024-07-02,7,53.7
2024-07-03,7,64.7
2024-07-04,7,75.8
2024-07-05,7,94.1
2024-07-06,7,73.3
2024-07-07,7,63.7
2024-07-08,7,76.2
2024-07-09,7,80.2
2024-07-10,7,46.0
2024-07-11,7,78.4
2024-07-12,7,61.6
2024-07-13,7,88.9
2024-07-14,7,82.4
2024-07-15,7,66.7
2024-07-16,7,56.2
2024-07-17,7,61.4
2024-07-18,7,79.0
2024-07-19,7,63.8
2024-07-20,7,52.7
2024-07-21,7,70.0
2024-07-22,7,65.2
2024-07-23,7,56.0
2024-07-24,7,74.8
2024-07-25,7,73.2
2024-07-26,7,73.7
2024-07-27,7,71.1
2024-07-28,7,55.2
2024-07-29,7,62.8
2024-07-30,7,37.7
2024-07-31,7,47.2
2024-08-01,7,54.7
2024-08-02,7,77.8
2024-08-03,7,45.8
2024-08-04,7,59.3
2024-08-05,7,73.2
2024-08-06,7,62.8
2024-08-07,7,52.8
2024-08-08,7,76.4
2024-08-09,7,85.1
2024-08-10,7,86.9
2024-08-11,7,60.9
2024-08-12,7,56.6
2024-08-13,7,48.4
2024-08-14,7,59.0
2024-08-15,7,60.0
2024-08-16,7,71.2
2024-08-17,7,86.5
2024-08-18,7,62.9
2024-08-19,7,61.9
2024-08-20,7,50.9
2024-08-21,7,52.9
2024-08-22,7,60.0
2024-08-23,7,76.3
2024-08-24,7,74.8
2024-08-25,7,58.2
2024-08-26,7,57.2
2024-08-27,7,37.7
2024-08-28,7,84.1
2024-08-29,7,59.9
2024-08-30,7,53.6
2024-08-31,7,54.8
2024-09-01,7,62.7
2024-09-02,7,53.7
2024-09-03,7,61.5
2024-09-04,7,46.3
2024-09-05,7,61.4
2024-09-06,7,85.0
2024-09-07,7,61.6
2024-09-08,7,50.2
2024-09-09,7,49.8
2024-09-10,7,51.5
2024-09-11,7,57.0
2024-09-12,7,74.1
2024-09-13,7,83.6
2024-09-14,7,49.8
2024-09-15,7,57.7
2024-09-16,7,46.8
2024-09-17,7,58.3
2024-09-18,7,51.4
2024-09-19,7,67.3
2024-09-20,7,67.3
2024-09-21,7,85.6
2024-09-22,7,64.0
2024-09-23,7,78.8
2024-09-24,7,61.9
2024-09-25,7,51.3
2024-09-26,7,78.3
2024-09-27,7,66.5
2024-09-28,7,45.3
2024-09-29,7,65.5
2024-09-30,7,75.5
2024-10-01,7,52.5
2024-10-02,7,58.2
2024-10-03,7,66.6
2024-10-04,7,69.3
2024-10-05,7,70.8
2024-10-06,7,43.3
2024-10-07,7,48.3
2024-10-08,7,44.5
2024-10-09,7,70.9
2024-10-10,7,64.1
2024-10-11,7,67.8
2024-10-12,7,82.5
2024-10-13,7,79.0
2024-10-14,7,62.7
2024-10-15,7,47.8
2024-10-16,7,59.3
2024-10-17,7,37.0
2024-10-18,7,61.9
2024-10-19,7,70.0
2024-10-20,7,42.1
2024-10-21,7,63.6
2024-10-22,7,70.6
2024-10-23,7,55.0
2024-10-24,7,54.9
2024-10-25,7,80.2
2024-10-26,7,77.4
2024-10-27,7,77.3
2024-10-28,7,73.5
2024-10-29,7,47.5
2024-10-30,7,54.7
2024-10-31,7,49.7
2024-11-01,7,67.2
2024-11-02,7,50.9
2024-11-03,7,61.4
2024-11-04,7,59.6
2024-11-05,7,71.2
2024-11-06,7,80.6
2024-11-07,7,81.6
2024-11-08,7,43.9
2024-11-09,7,75.8
2024-11-10,7,63.8
2024-11-11,7,46.9
2024-11-12,7,81.3
2024-11-13,7,57.9
2024-11-14,7,71.3
2024-11-15,7,86.4
2024-11-16,7,71.2
2024-11-17,7,82.3
2024-11-18,7,41.3
2024-11-19,7,79.2
2024-11-20,7,50.4
2024-11-21,7,74.7
2024-11-22,7,59.9
2024-11-23,7,69.4
2024-11-24,7,73.7
2024-11-25,7,75.3
2024-11-26,7,87.7
2024-11-27,7,84.4
2024-11-28,7,53.7
2024-11-29,7,70.7
2024-11-30,7,86.9
2024-12-01,7,67.0
2024-12-02,7,57.4
2024-12-03,7,68.6
2024-12-04,7,77.0
2024-12-05,7,78.5
2024-12-06,7,94.4
2024-12-07,7,65.7
2024-12-08,7,66.8
2024-12-09,7,73.6
2024-12-10,7,51.6
2024-12-11,7,58.2
2024-12-12,7,62.0
2024-12-13,7,61.3
2024-12-14,7,57.1
2024-12-15,7,84.8
2024-12-16,7,49.7
2024-12-17,7,81.7
2024-12-18,7,76.1
2024-12-19,7,58.2
2024-12-20,7,90.0
2024-12-21,7,68.9
2024-12-22,7,64.7
2024-12-23,7,62.1
2024-12-24,7,60.1
2024-12-25,7,81.6
2024-12-26,7,71.0
2024-12-27,7,88.8
2024-12-28,7,85.2
2024-12-29,7,107.4
2024-12-30,7,56.7
2024-12-31,7,79.2
2025-01-01,7,90.3
2025-01-02,7,62.0
2025-01-03,7,82.1
2025-01-04,7,106.5
2025-01-05,7,97.6
2025-01-06,7,92.2
2025-01-07,7,102.5
2025-01-08,7,78.6
2025-01-09,7,75.6
2025-01-10,7,104.6
2025-01-11,7,110.3
2025-01-12,7,62.9
2025-01-13,7,102.9
2025-01-14,7,77.7
2025-01-15,7,61.7
2025-01-16,7,96.9
2025-01-17,7,80.6
2025-01-18,7,71.7
2025-01-19,7,84.3
2025-01-20,7,67.5
2025-01-21,7,62.4
2025-01-22,7,94.5
2025-01-23,7,57.9
2025-01-24,7,85.1
2025-01-25,7,102.3
2025-01-26,7,81.8
2025-01-27,7,60.0
2025-01-28,7,68.7
2025-01-29,7,67.6
2025-01-30,7,87.4
2025-01-31,7,68.6
2025-02-01,7,123.4
2025-02-02,7,72.0
2025-02-03,7,74.0
2024-01-01,8,21.3
2024-01-02,8,28.2
2024-01-03,8,25.9
2024-01-04,8,25.6
2024-01-05,8,21.1
2024-01-06,8,39.3
2024-01-07,8,28.6
2024-01-08,8,21.6
2024-01-09,8,25.3
2024-01-10,8,31.9
2024-01-11,8,29.0
2024-01-12,8,36.8
2024-01-13,8,26.2
2024-01-14,8,34.6
2024-01-15,8,20.7
2024-01-16,8,27.3
2024-01-17,8,18.9
2024-01-18,8,29.7
2024-01-19,8,36.8
2024-01-20,8,32.6
2024-01-21,8,31.5
2024-01-22,8,33.3
2024-01-23,8,24.3
2024-01-24,8,27.1
2024-01-25,8,23.8
2024-01-26,8,40.4
2024-01-27,8,21.4
2024-01-28,8,22.9
2024-01-29,8,26.1
2024-01-30,8,27.3
2024-01-31,8,39.8
2024-02-01,8,23.6
2024-02-02,8,32.2
2024-02-03,8,34.4
2024-02-04,8,33.8
2024-02-05,8,30.6
2024-02-06,8,31.5
2024-02-07,8,30.0
2024-02-08,8,31.2
2024-02-09,8,36.5
2024-02-10,8,25.0
2024-02-11,8,32.0
2024-02-12,8,29.1
2024-02-13,8,29.0
2024-02-14,8,33.7
2024-02-15,8,36.9
2024-02-16,8,44.8
2024-02-17,8,37.3
2024-02-18,8,30.9
2024-02-19,8,32.4
2024-02-20,8,23.4
2024-02-21,8,29.6
2024-02-22,8,23.4
2024-02-23,8,48.1
2024-02-24,8,41.7
2024-02-25,8,32.8
2024-02-26,8,38.6
2024-02-27,8,40.8
2024-02-28,8,32.8
2024-02-29,8,38.8
2024-03-01,8,37.4
2024-03-02,8,44.8
2024-03-03,8,30.9
2024-03-04,8,34.0
2024-03-05,8,35.5
2024-03-06,8,38.0
2024-03-07,8,27.9
2024-03-08,8,38.0
2024-03-09,8,32.6
2024-03-10,8,32.8
2024-03-11,8,20.8
2024-03-12,8,18.8
2024-03-13,8,28.9
2024-03-14,8,32.9
2024-03-15,8,29.8
2024-03-16,8,53.3
2024-03-17,8,25.6
2024-03-18,8,26.6
2024-03-19,8,32.4
2024-03-20,8,28.1
2024-03-21,8,34.7
2024-03-22,8,29.4
2024-03-23,8,42.2
2024-03-24,8,23.9
2024-03-25,8,27.3
2024-03-26,8,31.2
2024-03-27,8,26.2
2024-03-28,8,34.8
2024-03-29,8,38.3
2024-03-30,8,42.3
2024-03-31,8,26.2
2024-04-01,8,30.5
2024-04-02,8,31.5
2024-04-03,8,37.1
2024-04-04,8,31.9
2024-04-05,8,39.3
2024-04-06,8,41.0
2024-04-07,8,39.4
2024-04-08,8,35.3
2024-04-09,8,22.2
2024-04-10,8,29.4
2024-04-11,8,44.2
2024-04-12,8,35.5
2024-04-13,8,44.2
2024-04-14,8,44.7
2024-04-15,8,31.7
2024-04-16,8,30.9
2024-04-17,8,29.8
2024-04-18,8,41.8
2024-04-19,8,37.1
2024-04-20,8,33.4
2024-04-21,8,30.7
2024-04-22,8,28.7
2024-04-23,8,24.2
2024-04-24,8,37.4
2024-04-25,8,39.3
2024-04-26,8,50.5
2024-04-27,8,35.5
2024-04-28,8,40.8
2024-04-29,8,47.1
2024-04-30,8,20.7
2024-05-01,8,27.5
2024-05-02,8,27.5
2024-05-03,8,54.2
2024-05-04,8,42.1
2024-05-05,8,34.0
2024-05-06,8,32.8
2024-05-07,8,29.0
2024-05-08,8,26.2
2024-05-09,8,30.1
2024-05-10,8,29.1
2024-05-11,8,41.4
2024-05-12,8,35.0
2024-05-13,8,34.8
2024-05-14,8,43.5
2024-05-15,8,39.0
2024-05-16,8,38.2
2024-05-17,8,43.3
2024-05-18,8,39.8
2024-05-19,8,43.8
2024-05-20,8,36.3
2024-05-21,8,30.7
2024-05-22,8,31.0
2024-05-23,8,35.6
2024-05-24,8,33.3
2024-05-25,8,43.7
2024-05-26,8,48.1
2024-05-27,8,26.5
2024-05-28,8,29.8
2024-05-29,8,31.4
2024-05-30,8,33.4
2024-05-31,8,31.7
2024-06-01,8,43.0
2024-06-02,8,30.7
2024-06-03,8,38.7
2024-06-04,8,39.1
2024-06-05,8,30.7
2024-06-06,8,36.8
2024-06-07,8,53.0
2024-06-08,8,34.0
2024-06-09,8,27.3
2024-06-10,8,43.8
2024-06-11,8,32.9
2024-06-12,8,26.2
2024-06-13,8,20.8
2024-06-14,8,39.5
2024-06-15,8,39.3
2024-06-16,8,22.1
2024-06-17,8,32.6
2024-06-18,8,21.1
2024-06-19,8,35.1
2024-06-20,8,39.2
2024-06-21,8,36.5
2024-06-22,8,44.5
2024-06-23,8,21.0
2024-06-24,8,20.0
2024-06-25,8,37.8
2024-06-26,8,22.4
2024-06-27,8,30.0
2024-06-28,8,47.4
2024-06-29,8,42.2
2024-06-30,8,30.0
2024-07-01,8,29.4
2024-07-02,8,38.6
2024-07-03,8,26.0
2024-07-04,8,33.1
2024-07-05,8,36.6
2024-07-06,8,35.7
2024-07-07,8,28.1
2024-07-08,8,26.8
2024-07-09,8,23.4
2024-07-10,8,35.5
2024-07-11,8,27.6
2024-07-12,8,43.6
2024-07-13,8,37.5
2024-07-14,8,17.7
2024-07-15,8,33.8
2024-07-16,8,27.7
2024-07-17,8,34.0
2024-07-18,8,24.5
2024-07-19,8,39.6
2024-07-20,8,47.5
2024-07-21,8,19.0
2024-07-22,8,29.1
2024-07-23,8,28.7
2024-07-24,8,33.6
2024-07-25,8,32.6
2024-07-26,8,28.2
2024-07-27,8,34.3
2024-07-28,8,33.3
2024-07-29,8,25.8
2024-07-30,8,28.3
2024-07-31,8,28.0
2024-08-01,8,28.4
2024-08-02,8,21.4
2024-08-03,8,38.7
2024-08-04,8,28.4
2024-08-05,8,34.0
2024-08-06,8,33.6
2024-08-07,8,31.8
2024-08-08,8,32.9
2024-08-09,8,38.3
2024-08-10,8,41.9
2024-08-11,8,25.8
2024-08-12,8,19.1
2024-08-13,8,28.6
2024-08-14,8,31.1
2024-08-15,8,33.6
2024-08-16,8,33.7
2024-08-17,8,31.1
2024-08-18,8,31.6
2024-08-19,8,26.2
2024-08-20,8,21.5
2024-08-21,8,18.5
2024-08-22,8,24.6
2024-08-23,8,43.9
2024-08-24,8,29.9
2024-08-25,8,25.4
2024-08-26,8,27.3
2024-08-27,8,19.2
2024-08-28,8,35.4
2024-08-29,8,21.6
2024-08-30,8,24.0
2024-08-31,8,27.7
2024-09-01,8,36.4
2024-09-02,8,31.6
2024-09-03,8,29.6
2024-09-04,8,32.3
2024-09-05,8,19.4
2024-09-06,8,38.8
2024-09-07,8,33.1
2024-09-08,8,25.1
2024-09-09,8,23.1
2024-09-10,8,29.3
2024-09-11,8,21.2
2024-09-12,8,25.8
2024-09-13,8,43.0
2024-09-14,8,28.1
2024-09-15,8,27.9
2024-09-16,8,25.7
2024-09-17,8,34.0
2024-09-18,8,24.3
2024-09-19,8,32.5
2024-09-20,8,37.1
2024-09-21,8,35.2
2024-09-22,8,27.2
2024-09-23,8,32.0
2024-09-24,8,23.6
2024-09-25,8,16.3
2024-09-26,8,31.0
2024-09-27,8,25.4
2024-09-28,8,31.2
2024-09-29,8,28.6
2024-09-30,8,36.6
2024-10-01,8,21.6
2024-10-02,8,33.3
2024-10-03,8,27.5
2024-10-04,8,28.0
2024-10-05,8,30.5
2024-10-06,8,27.6
2024-10-07,8,32.1
2024-10-08,8,27.4
2024-10-09,8,23.1
2024-10-10,8,23.1
2024-10-11,8,30.1
2024-10-12,8,23.4
2024-10-13,8,37.0
2024-10-14,8,35.3
2024-10-15,8,26.3
2024-10-16,8,30.8
2024-10-17,8,18.2
2024-10-18,8,47.1
2024-10-19,8,25.8
2024-10-20,8,19.5
2024-10-21,8,41.5
2024-10-22,8,26.3
2024-10-23,8,32.8
2024-10-24,8,22.8
2024-10-25,8,30.9
2024-10-26,8,36.5
2024-10-27,8,31.6
2024-10-28,8,27.3
2024-10-29,8,29.7
2024-10-30,8,29.3
2024-10-31,8,31.1
2024-11-01,8,40.2
2024-11-02,8,29.7
2024-11-03,8,27.9
2024-11-04,8,25.5
2024-11-05,8,28.2
2024-11-06,8,28.2
2024-11-07,8,30.1
2024-11-08,8,32.5
2024-11-09,8,45.2
2024-11-10,8,32.7
2024-11-11,8,30.7
2024-11-12,8,33.3
2024-11-13,8,27.0
2024-11-14,8,37.7
2024-11-15,8,26.4
2024-11-16,8,27.4
2024-11-17,8,30.6
2024-11-18,8,31.4
2024-11-19,8,28.2
2024-11-20,8,26.5
2024-11-21,8,25.8
2024-11-22,8,43.2
2024-11-23,8,37.4
2024-11-24,8,15.8
2024-11-25,8,32.2
2024-11-26,8,35.1
2024-11-27,8,34.4
2024-11-28,8,25.5
2024-11-29,8,35.1
2024-11-30,8,41.3
2024-12-01,8,29.4
2024-12-02,8,26.3
2024-12-03,8,29.0
2024-12-04,8,35.4
2024-12-05,8,24.9
2024-12-06,8,35.9
2024-12-07,8,28.7
2024-12-08,8,30.3
2024-12-09,8,27.6
2024-12-10,8,31.7
2024-12-11,8,22.5
2024-12-12,8,26.5
2024-12-13,8,34.5
2024-12-14,8,26.1
2024-12-15,8,25.6
2024-12-16,8,37.9
2024-12-17,8,33.9
2024-12-18,8,30.0
2024-12-19,8,31.1
2024-12-20,8,32.8
2024-12-21,8,38.7
2024-12-22,8,32.6
2024-12-23,8,26.3
2024-12-24,8,28.7
2024-12-25,8,30.5
2024-12-26,8,31.3
2024-12-27,8,26.8
2024-12-28,8,40.9
2024-12-29,8,29.1
2024-12-30,8,34.1
2024-12-31,8,30.4
2025-01-01,8,23.6
2025-01-02,8,22.0
2025-01-03,8,23.0
2025-01-04,8,30.7
2025-01-05,8,33.3
2025-01-06,8,41.9
2025-01-07,8,31.5
2025-01-08,8,24.7
2025-01-09,8,33.5
2025-01-10,8,38.2
2025-01-11,8,40.3
2025-01-12,8,23.7
2025-01-13,8,34.7
2025-01-14,8,28.4
2025-01-15,8,37.8
2025-01-16,8,29.9
2025-01-17,8,36.8
2025-01-18,8,38.6
2025-01-19,8,38.9
2025-01-20,8,30.4
2025-01-21,8,30.7
2025-01-22,8,27.3
2025-01-23,8,23.5
2025-01-24,8,38.3
2025-01-25,8,40.4
2025-01-26,8,39.9
2025-01-27,8,35.5
2025-01-28,8,50.2
2025-01-29,8,44.7
2025-01-30,8,38.4
2025-01-31,8,43.3
2025-02-01,8,44.4
2025-02-02,8,27.3
2025-02-03,8,35.2
2024-01-01,9,52.0
2024-01-02,9,54.3
2024-01-03,9,55.3
2024-01-04,9,58.7
2024-01-05,9,55.5
2024-01-06,9,54.2
2024-01-07,9,47.6
2024-01-08,9,66.6
2024-01-09,9,52.4
2024-01-10,9,47.1
2024-01-11,9,67.1
2024-01-12,9,68.1
2024-01-13,9,66.8
2024-01-14,9,58.2
2024-01-15,9,39.5
2024-01-16,9,49.1
2024-01-17,9,44.8
2024-01-18,9,47.3
2024-01-19,9,68.4
2024-01-20,9,97.2
2024-01-21,9,71.1
2024-01-22,9,73.3
2024-01-23,9,45.4
2024-01-24,9,69.0
2024-01-25,9,58.3
2024-01-26,9,54.6
2024-01-27,9,59.3
2024-01-28,9,66.4
2024-01-29,9,91.6
2024-01-30,9,58.5
2024-01-31,9,57.2
2024-02-01,9,70.4
2024-02-02,9,59.9
2024-02-03,9,79.9
2024-02-04,9,71.4
2024-02-05,9,75.4
2024-02-06,9,60.9
2024-02-07,9,55.7
2024-02-08,9,44.3
2024-02-09,9,92.5
2024-02-10,9,39.3
2024-02-11,9,63.5
2024-02-12,9,63.8
2024-02-13,9,58.8
2024-02-14,9,73.7
2024-02-15,9,85.5
2024-02-16,9,71.1
2024-02-17,9,81.1
2024-02-18,9,70.8
2024-02-19,9,60.3
2024-02-20,9,63.4
2024-02-21,9,64.0
2024-02-22,9,54.8
2024-02-23,9,80.6
2024-02-24,9,81.6
2024-02-25,9,60.1
2024-02-26,9,75.9
2024-02-27,9,46.2
2024-02-28,9,48.0
2024-02-29,9,79.5
2024-03-01,9,57.1
2024-03-02,9,85.3
2024-03-03,9,50.7
2024-03-04,9,68.6
2024-03-05,9,65.2
2024-03-06,9,59.7
2024-03-07,9,62.5
2024-03-08,9,69.0
2024-03-09,9,50.1
2024-03-10,9,69.5
2024-03-11,9,52.1
2024-03-12,9,78.0
2024-03-13,9,73.0
2024-03-14,9,52.1
2024-03-15,9,86.4
2024-03-16,9,70.8
2024-03-17,9,38.4
2024-03-18,9,70.7
2024-03-19,9,58.0
2024-03-20,9,56.2
2024-03-21,9,67.2
2024-03-22,9,84.8
2024-03-23,9,71.1
2024-03-24,9,64.9
2024-03-25,9,41.7
2024-03-26,9,61.2
2024-03-27,9,57.3
2024-03-28,9,60.9
2024-03-29,9,84.1
2024-03-30,9,79.7
2024-03-31,9,75.3
2024-04-01,9,51.7
2024-04-02,9,50.6
2024-04-03,9,71.0
2024-04-04,9,55.0
2024-04-05,9,88.3
2024-04-06,9,55.9
2024-04-07,9,66.6
2024-04-08,9,65.3
2024-04-09,9,32.8
2024-04-10,9,63.8
2024-04-11,9,76.1
2024-04-12,9,74.4
2024-04-13,9,75.9
2024-04-14,9,66.0
2024-04-15,9,61.7
2024-04-16,9,65.4
2024-04-17,9,53.0
2024-04-18,9,70.3
2024-04-19,9,73.9
2024-04-20,9,64.4
2024-04-21,9,54.1
2024-04-22,9,61.1
2024-04-23,9,62.9
2024-04-24,9,48.6
2024-04-25,9,56.0
2024-04-26,9,107.1
2024-04-27,9,79.6
2024-04-28,9,56.6
2024-04-29,9,55.3
2024-04-30,9,51.7
2024-05-01,9,58.7
2024-05-02,9,63.8
2024-05-03,9,78.3
2024-05-04,9,92.7
2024-05-05,9,70.2
2024-05-06,9,38.8
2024-05-07,9,44.7
2024-05-08,9,40.9
2024-05-09,9,55.8
2024-05-10,9,74.2
2024-05-11,9,72.6
2024-05-12,9,38.0
2024-05-13,9,64.2
2024-05-14,9,37.4
2024-05-15,9,62.8
2024-05-16,9,68.7
2024-05-17,9,74.1
2024-05-18,9,82.0
2024-05-19,9,52.6
2024-05-20,9,55.2
2024-05-21,9,55.5
2024-05-22,9,60.2
2024-05-23,9,43.7
2024-05-24,9,78.1
2024-05-25,9,89.7
2024-05-26,9,62.6
2024-05-27,9,51.3
2024-05-28,9,58.3
2024-05-29,9,48.4
2024-05-30,9,60.8
2024-05-31,9,53.6
2024-06-01,9,67.1
2024-06-02,9,57.7
2024-06-03,9,32.8
2024-06-04,9,78.3
2024-06-05,9,79.6
2024-06-06,9,57.0
2024-06-07,9,86.8
2024-06-08,9,73.8
2024-06-09,9,67.3
2024-06-10,9,68.0
2024-06-11,9,42.5
2024-06-12,9,65.6
2024-06-13,9,60.2
2024-06-14,9,82.3
2024-06-15,9,87.1
2024-06-16,9,53.8
2024-06-17,9,39.6
2024-06-18,9,55.5
2024-06-19,9,39.1
2024-06-20,9,67.7
2024-06-21,9,64.5
2024-06-22,9,84.3
2024-06-23,9,55.0
2024-06-24,9,78.6
2024-06-25,9,36.3
2024-06-26,9,63.1
2024-06-27,9,51.5
2024-06-28,9,65.1
2024-06-29,9,88.9
2024-06-30,9,51.1
2024-07-01,9,59.7
2024-07-02,9,58.4
2024-07-03,9,69.7
2024-07-04,9,52.8
2024-07-05,9,59.8
2024-07-06,9,51.3
2024-07-07,9,63.6
2024-07-08,9,64.3
2024-07-09,9,30.6
2024-07-10,9,51.6
2024-07-11,9,62.0
2024-07-12,9,61.6
2024-07-13,9,63.8
2024-07-14,9,48.6
2024-07-15,9,67.3
2024-07-16,9,89.4
2024-07-17,9,49.8
2024-07-18,9,50.1
2024-07-19,9,62.7
2024-07-20,9,77.7
2024-07-21,9,72.3
2024-07-22,9,60.3
2024-07-23,9,59.1
2024-07-24,9,68.4
2024-07-25,9,49.8
2024-07-26,9,73.8
2024-07-27,9,53.7
2024-07-28,9,54.8
2024-07-29,9,68.9
2024-07-30,9,49.5
2024-07-31,9,51.7
2024-08-01,9,43.4
2024-08-02,9,44.4
2024-08-03,9,73.6
2024-08-04,9,48.6
2024-08-05,9,61.4
2024-08-06,9,52.8
2024-08-07,9,49.6
2024-08-08,9,68.4
2024-08-09,9,53.8
2024-08-10,9,70.5
2024-08-11,9,41.6
2024-08-12,9,54.1
2024-08-13,9,56.9
2024-08-14,9,66.7
2024-08-15,9,54.6
2024-08-16,9,64.9
2024-08-17,9,79.2
2024-08-18,9,51.6
2024-08-19,9,66.9
2024-08-20,9,70.4
2024-08-21,9,61.5
2024-08-22,9,58.8
2024-08-23,9,65.8
2024-08-24,9,73.9
2024-08-25,9,47.7
2024-08-26,9,47.5
2024-08-27,9,44.0
2024-08-28,9,48.0
2024-08-29,9,50.8
2024-08-30,9,83.9
2024-08-31,9,69.6
2024-09-01,9,59.2
2024-09-02,9,48.8
2024-09-03,9,65.2
2024-09-04,9,59.8
2024-09-05,9,55.9
2024-09-06,9,58.2
2024-09-07,9,51.7
2024-09-08,9,57.3
2024-09-09,9,54.3
2024-09-10,9,45.8
2024-09-11,9,55.1
2024-09-12,9,53.2
2024-09-13,9,73.3
2024-09-14,9,53.2
2024-09-15,9,49.6
2024-09-16,9,48.2
2024-09-17,9,59.1
2024-09-18,9,59.6
2024-09-19,9,42.0
2024-09-20,9,61.0
2024-09-21,9,58.8
2024-09-22,9,57.6
2024-09-23,9,44.4
2024-09-24,9,58.8
2024-09-25,9,58.6
2024-09-26,9,46.5
2024-09-27,9,82.7
2024-09-28,9,53.8
2024-09-29,9,54.1
2024-09-30,9,61.4
2024-10-01,9,59.4
2024-10-02,9,43.4
2024-10-03,9,56.5
2024-10-04,9,50.2
2024-10-05,9,60.6
2024-10-06,9,40.7
2024-10-07,9,73.8
2024-10-08,9,71.9
2024-10-09,9,58.9
2024-10-10,9,44.2
2024-10-11,9,55.9
2024-10-12,9,95.1
2024-10-13,9,52.1
2024-10-14,9,49.9
2024-10-15,9,68.1
2024-10-16,9,38.5
2024-10-17,9,34.5
2024-10-18,9,71.5
2024-10-19,9,45.9
2024-10-20,9,60.2
2024-10-21,9,66.6
2024-10-22,9,52.8
2024-10-23,9,71.6
2024-10-24,9,48.9
2024-10-25,9,48.8
2024-10-26,9,62.5
2024-10-27,9,56.5
2024-10-28,9,46.7
2024-10-29,9,67.6
2024-10-30,9,42.2
2024-10-31,9,59.6
2024-11-01,9,86.2
2024-11-02,9,78.2
2024-11-03,9,70.6
2024-11-04,9,70.2
2024-11-05,9,62.1
2024-11-06,9,66.5
2024-11-07,9,58.2
2024-11-08,9,30.5
2024-11-09,9,67.8
2024-11-10,9,31.1
2024-11-11,9,40.3
2024-11-12,9,56.3
2024-11-13,9,68.5
2024-11-14,9,42.9
2024-11-15,9,38.4
2024-11-16,9,51.5
2024-11-17,9,40.5
2024-11-18,9,59.0
2024-11-19,9,40.9
2024-11-20,9,60.4
2024-11-21,9,70.8
2024-11-22,9,71.3
2024-11-23,9,67.4
2024-11-24,9,73.0
2024-11-25,9,63.3
2024-11-26,9,64.9
2024-11-27,9,63.9
2024-11-28,9,30.0
2024-11-29,9,58.8
2024-11-30,9,87.7
2024-12-01,9,49.1
2024-12-02,9,67.5
2024-12-03,9,52.8
2024-12-04,9,60.1
2024-12-05,9,41.6
2024-12-06,9,55.8
2024-12-07,9,69.1
2024-12-08,9,62.3
2024-12-09,9,45.4
2024-12-10,9,41.0
2024-12-11,9,68.7
2024-12-12,9,68.3
2024-12-13,9,79.4
2024-12-14,9,90.0
2024-12-15,9,73.2
2024-12-16,9,69.5
2024-12-17,9,70.2
2024-12-18,9,61.8
2024-12-19,9,62.6
2024-12-20,9,79.3
2024-12-21,9,83.8
2024-12-22,9,83.4
2024-12-23,9,67.2
2024-12-24,9,69.5
2024-12-25,9,76.7
2024-12-26,9,66.4
2024-12-27,9,63.8
2024-12-28,9,70.7
2024-12-29,9,63.5
2024-12-30,9,57.8
2024-12-31,9,52.5
2025-01-01,9,75.8
2025-01-02,9,81.3
2025-01-03,9,61.4
2025-01-04,9,101.2
2025-01-05,9,46.5
2025-01-06,9,70.1
2025-01-07,9,70.2
2025-01-08,9,55.2
2025-01-09,9,78.6
2025-01-10,9,73.7
2025-01-11,9,75.4
2025-01-12,9,52.8
2025-01-13,9,39.2
2025-01-14,9,52.0
2025-01-15,9,78.6
2025-01-16,9,46.2
2025-01-17,9,67.6
2025-01-18,9,68.2
2025-01-19,9,49.4
2025-01-20,9,63.7
2025-01-21,9,66.9
2025-01-22,9,66.7
2025-01-23,9,77.5
2025-01-24,9,83.4
2025-01-25,9,105.5
2025-01-26,9,85.6
2025-01-27,9,70.5
2025-01-28,9,71.4
2025-01-29,9,65.9
2025-01-30,9,75.3
2025-01-31,9,72.5
2025-02-01,9,80.6
2025-02-02,9,80.5
2025-02-03,9,83.7
2024-01-01,10,51.5
2024-01-02,10,42.4
2024-01-03,10,45.3
2024-01-04,10,33.6
2024-01-05,10,35.0
2024-01-06,10,53.0
2024-01-07,10,57.0
2024-01-08,10,25.1
2024-01-09,10,35.1
2024-01-10,10,53.4
2024-01-11,10,48.2
2024-01-12,10,54.3
2024-01-13,10,53.8
2024-01-14,10,56.3
2024-01-15,10,42.1
2024-01-16,10,45.3
2024-01-17,10,40.8
2024-01-18,10,36.3
2024-01-19,10,71.0
2024-01-20,10,47.0
2024-01-21,10,32.7
2024-01-22,10,51.0
2024-01-23,10,26.6
2024-01-24,10,46.7
2024-01-25,10,30.5
2024-01-26,10,51.8
2024-01-27,10,54.5
2024-01-28,10,33.1
2024-01-29,10,50.3
2024-01-30,10,52.6
2024-01-31,10,48.5
2024-02-01,10,34.6
2024-02-02,10,68.6
2024-02-03,10,52.3
2024-02-04,10,59.5
2024-02-05,10,48.2
2024-02-06,10,58.9
2024-02-07,10,53.5
2024-02-08,10,38.9
2024-02-09,10,65.6
2024-02-10,10,47.3
2024-02-11,10,40.9
2024-02-12,10,38.1
2024-02-13,10,51.8
2024-02-14,10,50.0
2024-02-15,10,49.2
2024-02-16,10,34.8
2024-02-17,10,73.9
2024-02-18,10,52.7
2024-02-19,10,51.0
2024-02-20,10,47.4
2024-02-21,10,44.1
2024-02-22,10,53.7
2024-02-23,10,70.5
2024-02-24,10,42.3
2024-02-25,10,51.5
2024-02-26,10,46.6
2024-02-27,10,50.5
2024-02-28,10,37.2
2024-02-29,10,46.2
2024-03-01,10,63.9
2024-03-02,10,70.1
2024-03-03,10,50.4
2024-03-04,10,62.2
2024-03-05,10,46.8
2024-03-06,10,51.4
2024-03-07,10,38.5
2024-03-08,10,62.1
2024-03-09,10,49.9
2024-03-10,10,58.4
2024-03-11,10,35.3
2024-03-12,10,29.2
2024-03-13,10,32.0
2024-03-14,10,57.3
2024-03-15,10,52.7
2024-03-16,10,56.8
2024-03-17,10,47.8
2024-03-18,10,57.4
2024-03-19,10,35.8
2024-03-20,10,43.0
2024-03-21,10,46.5
2024-03-22,10,65.8
2024-03-23,10,51.6
2024-03-24,10,52.8
2024-03-25,10,58.0
2024-03-26,10,50.6
2024-03-27,10,45.8
2024-03-28,10,52.8
2024-03-29,10,53.4
2024-03-30,10,42.9
2024-03-31,10,45.3
2024-04-01,10,37.9
2024-04-02,10,59.3
2024-04-03,10,44.7
2024-04-04,10,32.0
2024-04-05,10,62.3
2024-04-06,10,74.2
2024-04-07,10,40.5
2024-04-08,10,54.0
2024-04-09,10,34.5
2024-04-10,10,45.9
2024-04-11,10,47.7
2024-04-12,10,55.0
2024-04-13,10,61.7
2024-04-14,10,52.1
2024-04-15,10,57.3
2024-04-16,10,57.2
2024-04-17,10,55.0
2024-04-18,10,42.3
2024-04-19,10,53.4
2024-04-20,10,45.1
2024-04-21,10,53.7
2024-04-22,10,55.5
2024-04-23,10,52.4
2024-04-24,10,51.9
2024-04-25,10,33.5
2024-04-26,10,62.5
2024-04-27,10,49.8
2024-04-28,10,54.0
2024-04-29,10,49.0
2024-04-30,10,55.3
2024-05-01,10,46.7
2024-05-02,10,52.9
2024-05-03,10,50.1
2024-05-04,10,69.1
2024-05-05,10,40.6
2024-05-06,10,41.0
2024-05-07,10,39.5
2024-05-08,10,53.3
2024-05-09,10,47.5
2024-05-10,10,53.5
2024-05-11,10,64.0
2024-05-12,10,48.7
2024-05-13,10,56.9
2024-05-14,10,46.1
2024-05-15,10,60.1
2024-05-16,10,45.7
2024-05-17,10,54.0
2024-05-18,10,71.1
2024-05-19,10,38.6
2024-05-20,10,49.5
2024-05-21,10,35.6
2024-05-22,10,48.9
2024-05-23,10,38.9
2024-05-24,10,67.1
2024-05-25,10,57.0
2024-05-26,10,43.1
2024-05-27,10,45.5
2024-05-28,10,41.1
2024-05-29,10,54.8
2024-05-30,10,45.1
2024-05-31,10,59.3
2024-06-01,10,58.3
2024-06-02,10,51.6
2024-06-03,10,63.0
2024-06-04,10,40.4
2024-06-05,10,47.6
2024-06-06,10,32.7
2024-06-07,10,55.2
2024-06-08,10,51.6
2024-06-09,10,58.4
2024-06-10,10,51.6
2024-06-11,10,38.8
2024-06-12,10,39.9
2024-06-13,10,55.0
2024-06-14,10,49.2
2024-06-15,10,46.8
2024-06-16,10,45.1
2024-06-17,10,50.5
2024-06-18,10,43.9
2024-06-19,10,46.4
2024-06-20,10,42.1
2024-06-21,10,39.9
2024-06-22,10,38.0
2024-06-23,10,33.2
2024-06-24,10,38.5
2024-06-25,10,46.4
2024-06-26,10,49.1
2024-06-27,10,43.7
2024-06-28,10,70.9
2024-06-29,10,45.5
2024-06-30,10,50.4
2024-07-01,10,38.8
2024-07-02,10,40.2
2024-07-03,10,48.2
2024-07-04,10,38.9
2024-07-05,10,37.8
2024-07-06,10,35.0
2024-07-07,10,32.7
2024-07-08,10,51.1
2024-07-09,10,43.1
2024-07-10,10,39.9
2024-07-11,10,40.9
2024-07-12,10,37.1
2024-07-13,10,46.7
2024-07-14,10,42.9
2024-07-15,10,48.7
2024-07-16,10,70.5
2024-07-17,10,46.7
2024-07-18,10,38.4
2024-07-19,10,55.5
2024-07-20,10,52.8
2024-07-21,10,36.1
2024-07-22,10,40.1
2024-07-23,10,44.2
2024-07-24,10,38.3
2024-07-25,10,43.7
2024-07-26,10,62.5
2024-07-27,10,60.4
2024-07-28,10,39.5
2024-07-29,10,41.9
2024-07-30,10,44.8
2024-07-31,10,41.3
2024-08-01,10,46.0
2024-08-02,10,36.6
2024-08-03,10,49.0
2024-08-04,10,36.0
2024-08-05,10,46.7
2024-08-06,10,39.2
2024-08-07,10,29.4
2024-08-08,10,46.1
2024-08-09,10,39.7
2024-08-10,10,56.4
2024-08-11,10,31.2
2024-08-12,10,49.9
2024-08-13,10,35.9
2024-08-14,10,61.1
2024-08-15,10,46.1
2024-08-16,10,64.0
2024-08-17,10,55.9
2024-08-18,10,46.9
2024-08-19,10,31.8
2024-08-20,10,52.4
2024-08-21,10,45.4
2024-08-22,10,43.6
2024-08-23,10,54.3
2024-08-24,10,53.5
2024-08-25,10,48.1
2024-08-26,10,36.2
2024-08-27,10,47.9
2024-08-28,10,37.6
2024-08-29,10,34.9
2024-08-30,10,51.9
2024-08-31,10,37.4
2024-09-01,10,39.1
2024-09-02,10,36.7
2024-09-03,10,40.7
2024-09-04,10,48.0
2024-09-05,10,43.0
2024-09-06,10,49.6
2024-09-07,10,54.4
2024-09-08,10,36.8
2024-09-09,10,49.0
2024-09-10,10,47.9
2024-09-11,10,49.0
2024-09-12,10,38.2
2024-09-13,10,48.6
2024-09-14,10,59.7
2024-09-15,10,45.0
2024-09-16,10,47.2
2024-09-17,10,37.0
2024-09-18,10,37.4
2024-09-19,10,38.0
2024-09-20,10,37.9
2024-09-21,10,52.3
2024-09-22,10,43.1
2024-09-23,10,38.8
2024-09-24,10,53.2
2024-09-25,10,30.4
2024-09-26,10,53.7
2024-09-27,10,56.1
2024-09-28,10,48.6
2024-09-29,10,47.6
2024-09-30,10,55.1
2024-10-01,10,41.7
2024-10-02,10,59.8
2024-10-03,10,38.4
2024-10-04,10,28.1
2024-10-05,10,42.5
2024-10-06,10,58.3
2024-10-07,10,53.5
2024-10-08,10,42.2
2024-10-09,10,31.4
2024-10-10,10,43.3
2024-10-11,10,51.4
2024-10-12,10,49.3
2024-10-13,10,25.7
2024-10-14,10,39.4
2024-10-15,10,46.1
2024-10-16,10,48.8
2024-10-17,10,34.5
2024-10-18,10,41.7
2024-10-19,10,48.7
2024-10-20,10,52.1
2024-10-21,10,54.0
2024-10-22,10,37.9
2024-10-23,10,40.4
2024-10-24,10,48.4
2024-10-25,10,55.5
2024-10-26,10,44.9
2024-10-27,10,31.6
2024-10-28,10,40.4
2024-10-29,10,38.4
2024-10-30,10,53.9
2024-10-31,10,41.0
2024-11-01,10,40.0
2024-11-02,10,57.8
2024-11-03,10,51.3
2024-11-04,10,56.3
2024-11-05,10,44.8
2024-11-06,10,40.2
2024-11-07,10,42.9
2024-11-08,10,32.9
2024-11-09,10,51.7
2024-11-10,10,34.5
2024-11-11,10,42.4
2024-11-12,10,42.0
2024-11-13,10,30.9
2024-11-14,10,49.7
2024-11-15,10,43.7
2024-11-16,10,55.0
2024-11-17,10,43.2
2024-11-18,10,49.8
2024-11-19,10,38.1
2024-11-20,10,56.1
2024-11-21,10,43.9
2024-11-22,10,64.0
2024-11-23,10,67.1
2024-11-24,10,39.4
2024-11-25,10,53.2
2024-11-26,10,37.6
2024-11-27,10,43.9
2024-11-28,10,50.3
2024-11-29,10,57.1
2024-11-30,10,50.5
2024-12-01,10,37.3
2024-12-02,10,48.0
2024-12-03,10,39.1
2024-12-04,10,56.3
2024-12-05,10,39.1
2024-12-06,10,53.2
2024-12-07,10,55.1
2024-12-08,10,27.6
2024-12-09,10,40.9
2024-12-10,10,53.4
2024-12-11,10,60.4
2024-12-12,10,52.3
2024-12-13,10,57.3
2024-12-14,10,56.1
2024-12-15,10,42.9
2024-12-16,10,60.8
2024-12-17,10,59.1
2024-12-18,10,40.8
2024-12-19,10,48.5
2024-12-20,10,65.6
2024-12-21,10,59.3
2024-12-22,10,51.2
2024-12-23,10,56.6
2024-12-24,10,53.6
2024-12-25,10,41.8
2024-12-26,10,55.3
2024-12-27,10,63.5
2024-12-28,10,59.0
2024-12-29,10,49.7
2024-12-30,10,48.6
2024-12-31,10,38.2
2025-01-01,10,42.3
2025-01-02,10,44.0
2025-01-03,10,78.1
2025-01-04,10,64.9
2025-01-05,10,48.7
2025-01-06,10,58.5
2025-01-07,10,58.2
2025-01-08,10,49.3
2025-01-09,10,58.7
2025-01-10,10,53.1
2025-01-11,10,41.0
2025-01-12,10,50.8
2025-01-13,10,56.6
2025-01-14,10,68.3
2025-01-15,10,35.2
2025-01-16,10,33.9
2025-01-17,10,45.9
2025-01-18,10,55.1
2025-01-19,10,61.1
2025-01-20,10,71.9
2025-01-21,10,65.2
2025-01-22,10,36.1
2025-01-23,10,42.0
2025-01-24,10,71.6
2025-01-25,10,60.0
2025-01-26,10,56.2
2025-01-27,10,47.5
2025-01-28,10,65.0
2025-01-29,10,44.0
2025-01-30,10,50.7
2025-01-31,10,51.1
2025-02-01,10,74.7
2025-02-02,10,47.1
2025-02-03,10,59.5
2024-01-01,11,88.9
2024-01-02,11,75.6
2024-01-03,11,50.8
2024-01-04,11,91.2
2024-01-05,11,93.3
2024-01-06,11,103.8
2024-01-07,11,66.2
2024-01-08,11,80.0
2024-01-09,11,104.9
2024-01-10,11,41.2
2024-01-11,11,83.3
2024-01-12,11,83.9
2024-01-13,11,122.0
2024-01-14,11,96.5
2024-01-15,11,60.9
2024-01-16,11,74.5
2024-01-17,11,67.2
2024-01-18,11,61.3
2024-01-19,11,63.1
2024-01-20,11,77.0
2024-01-21,11,88.6
2024-01-22,11,55.9
2024-01-23,11,92.3
2024-01-24,11,44.1
2024-01-25,11,60.4
2024-01-26,11,109.3
2024-01-27,11,103.9
2024-01-28,11,86.0
2024-01-29,11,72.2
2024-01-30,11,78.6
2024-01-31,11,116.3
2024-02-01,11,112.9
2024-02-02,11,105.5
2024-02-03,11,100.7
2024-02-04,11,71.4
2024-02-05,11,66.1
2024-02-06,11,68.5
2024-02-07,11,54.3
2024-02-08,11,84.1
2024-02-09,11,57.9
2024-02-10,11,79.6
2024-02-11,11,55.4
2024-02-12,11,81.0
2024-02-13,11,87.5
2024-02-14,11,67.4
2024-02-15,11,69.5
2024-02-16,11,98.6
2024-02-17,11,75.0
2024-02-18,11,66.6
2024-02-19,11,84.0
2024-02-20,11,83.7
2024-02-21,11,79.4
2024-02-22,11,89.8
2024-02-23,11,87.9
2024-02-24,11,102.3
2024-02-25,11,102.8
2024-02-26,11,76.3
2024-02-27,11,97.8
2024-02-28,11,102.6
2024-02-29,11,61.9
2024-03-01,11,111.2
2024-03-02,11,82.4
2024-03-03,11,101.5
2024-03-04,11,94.5
2024-03-05,11,74.2
2024-03-06,11,68.5
2024-03-07,11,76.0
2024-03-08,11,114.6
2024-03-09,11,104.2
2024-03-10,11,97.3
2024-03-11,11,85.9
2024-03-12,11,72.2
2024-03-13,11,81.1
2024-03-14,11,88.3
2024-03-15,11,116.5
2024-03-16,11,113.5
2024-03-17,11,65.7
2024-03-18,11,88.2
2024-03-19,11,47.5
2024-03-20,11,82.4
2024-03-21,11,83.0
2024-03-22,11,84.7
2024-03-23,11,106.5
2024-03-24,11,66.0
2024-03-25,11,77.6
2024-03-26,11,84.7
2024-03-27,11,97.1
2024-03-28,11,84.7
2024-03-29,11,126.0
2024-03-30,11,63.4
2024-03-31,11,86.6
2024-04-01,11,102.7
2024-04-02,11,100.6
2024-04-03,11,86.7
2024-04-04,11,88.9
2024-04-05,11,98.6
2024-04-06,11,95.1
2024-04-07,11,93.7
2024-04-08,11,100.2
2024-04-09,11,67.9
2024-04-10,11,100.3
2024-04-11,11,67.8
2024-04-12,11,134.0
2024-04-13,11,102.7
2024-04-14,11,102.9
2024-04-15,11,76.0
2024-04-16,11,77.8
2024-04-17,11,83.0
2024-04-18,11,94.5
2024-04-19,11,104.6
2024-04-20,11,132.7
2024-04-21,11,89.1
2024-04-22,11,80.9
2024-04-23,11,66.9
2024-04-24,11,75.1
2024-04-25,11,87.3
2024-04-26,11,99.9
2024-04-27,11,104.6
2024-04-28,11,94.3
2024-04-29,11,70.7
2024-04-30,11,85.9
2024-05-01,11,76.8
2024-05-02,11,92.2
2024-05-03,11,134.5
2024-05-04,11,85.7
2024-05-05,11,108.9
2024-05-06,11,80.9
2024-05-07,11,79.9
2024-05-08,11,107.2
2024-05-09,11,54.1
2024-05-10,11,135.6
2024-05-11,11,100.9
2024-05-12,11,57.7
2024-05-13,11,86.0
2024-05-14,11,71.3
2024-05-15,11,55.0
2024-05-16,11,90.1
2024-05-17,11,85.1
2024-05-18,11,71.3
2024-05-19,11,110.6
2024-05-20,11,75.1
2024-05-21,11,84.1
2024-05-22,11,101.5
2024-05-23,11,79.6
2024-05-24,11,87.0
2024-05-25,11,81.2
2024-05-26,11,101.5
2024-05-27,11,85.3
2024-05-28,11,93.9
2024-05-29,11,62.8
2024-05-30,11,75.4
2024-05-31,11,114.6
2024-06-01,11,103.6
2024-06-02,11,82.9
2024-06-03,11,76.5
2024-06-04,11,75.1
2024-06-05,11,93.9
2024-06-06,11,62.8
2024-06-07,11,85.0
2024-06-08,11,90.2
2024-06-09,11,87.5
2024-06-10,11,95.2
2024-06-11,11,90.4
2024-06-12,11,101.3
2024-06-13,11,79.3
2024-06-14,11,71.1
2024-06-15,11,113.3
2024-06-16,11,70.9
2024-06-17,11,79.5
2024-06-18,11,72.8
2024-06-19,11,94.9
2024-06-20,11,77.7
2024-06-21,11,83.9
2024-06-22,11,91.9
2024-06-23,11,97.8
2024-06-24,11,63.7
2024-06-25,11,113.3
2024-06-26,11,86.5
2024-06-27,11,59.4
2024-06-28,11,67.0
2024-06-29,11,99.8
2024-06-30,11,62.3
2024-07-01,11,86.0
2024-07-02,11,66.8
2024-07-03,11,73.7
2024-07-04,11,68.6
2024-07-05,11,92.8
2024-07-06,11,111.6
2024-07-07,11,93.9
2024-07-08,11,99.6
2024-07-09,11,71.9
2024-07-10,11,56.7
2024-07-11,11,65.0
2024-07-12,11,91.5
2024-07-13,11,72.4
2024-07-14,11,85.3
2024-07-15,11,89.4
2024-07-16,11,97.7
2024-07-17,11,78.4
2024-07-18,11,79.3
2024-07-19,11,73.5
2024-07-20,11,71.3
2024-07-21,11,82.1
2024-07-22,11,68.5
2024-07-23,11,63.4
2024-07-24,11,78.6
2024-07-25,11,43.0
2024-07-26,11,86.0
2024-07-27,11,99.1
2024-07-28,11,64.3
2024-07-29,11,59.0
2024-07-30,11,86.2
2024-07-31,11,75.1
2024-08-01,11,84.6
2024-08-02,11,72.1
2024-08-03,11,96.5
2024-08-04,11,60.7
2024-08-05,11,74.8
2024-08-06,11,80.3
2024-08-07,11,78.3
2024-08-08,11,117.1
2024-08-09,11,85.6
2024-08-10,11,90.1
2024-08-11,11,87.0
2024-08-12,11,51.1
2024-08-13,11,83.4
2024-08-14,11,67.6
2024-08-15,11,73.3
2024-08-16,11,87.3
2024-08-17,11,62.7
2024-08-18,11,80.6
2024-08-19,11,73.1
2024-08-20,11,74.3
2024-08-21,11,86.3
2024-08-22,11,65.5
2024-08-23,11,87.8
2024-08-24,11,98.4
2024-08-25,11,69.1
2024-08-26,11,86.9
2024-08-27,11,59.2
2024-08-28,11,85.0
2024-08-29,11,69.9
2024-08-30,11,89.2
2024-08-31,11,65.4
2024-09-01,11,72.5
2024-09-02,11,77.7
2024-09-03,11,56.8
2024-09-04,11,28.3
2024-09-05,11,57.9
2024-09-06,11,57.7
2024-09-07,11,58.2
2024-09-08,11,50.9
2024-09-09,11,60.0
2024-09-10,11,49.1
2024-09-11,11,91.2
2024-09-12,11,61.2
2024-09-13,11,77.7
2024-09-14,11,63.6
2024-09-15,11,67.1
2024-09-16,11,84.4
2024-09-17,11,73.8
2024-09-18,11,82.7
2024-09-19,11,69.3
2024-09-20,11,83.7
2024-09-21,11,68.8
2024-09-22,11,66.2
2024-09-23,11,65.4
2024-09-24,11,79.0
2024-09-25,11,66.6
2024-09-26,11,62.6
2024-09-27,11,81.6
2024-09-28,11,85.3
2024-09-29,11,57.2
2024-09-30,11,62.0
2024-10-01,11,99.0
2024-10-02,11,82.5
2024-10-03,11,54.4
2024-10-04,11,84.9
2024-10-05,11,74.5
2024-10-06,11,50.2
2024-10-07,11,64.8
2024-10-08,11,55.5
2024-10-09,11,84.8
2024-10-10,11,79.5
2024-10-11,11,93.4
2024-10-12,11,75.6
2024-10-13,11,50.7
2024-10-14,11,59.1
2024-10-15,11,80.7
2024-10-16,11,72.8
2024-10-17,11,66.9
2024-10-18,11,74.2
2024-10-19,11,82.7
2024-10-20,11,59.3
2024-10-21,11,65.4
2024-10-22,11,93.3
2024-10-23,11,99.1
2024-10-24,11,77.2
2024-10-25,11,55.8
2024-10-26,11,111.1
2024-10-27,11,69.3
2024-10-28,11,48.3
2024-10-29,11,63.9
2024-10-30,11,84.3
2024-10-31,11,60.6
2024-11-01,11,79.9
2024-11-02,11,85.2
2024-11-03,11,44.2
2024-11-04,11,92.2
2024-11-05,11,71.3
2024-11-06,11,69.9
2024-11-07,11,87.4
2024-11-08,11,48.9
2024-11-09,11,93.7
2024-11-10,11,74.0
2024-11-11,11,72.3
2024-11-12,11,67.4
2024-11-13,11,86.0
2024-11-14,11,45.0
2024-11-15,11,87.2
2024-11-16,11,93.5
2024-11-17,11,91.4
2024-11-18,11,102.7
2024-11-19,11,54.2
2024-11-20,11,58.6
2024-11-21,11,83.7
2024-11-22,11,102.4
2024-11-23,11,94.2
2024-11-24,11,87.7
2024-11-25,11,66.0
2024-11-26,11,88.8
2024-11-27,11,69.5
2024-11-28,11,67.3
2024-11-29,11,91.5
2024-11-30,11,61.9
2024-12-01,11,96.7
2024-12-02,11,91.1
2024-12-03,11,94.4
2024-12-04,11,45.5
2024-12-05,11,72.2
2024-12-06,11,107.0
2024-12-07,11,74.3
2024-12-08,11,95.9
2024-12-09,11,92.2
2024-12-10,11,113.7
2024-12-11,11,65.7
2024-12-12,11,82.6
2024-12-13,11,74.6
2024-12-14,11,87.1
2024-12-15,11,73.3
2024-12-16,11,45.0
2024-12-17,11,113.1
2024-12-18,11,61.0
2024-12-19,11,78.0
2024-12-20,11,107.9
2024-12-21,11,81.6
2024-12-22,11,88.7
2024-12-23,11,74.7
2024-12-24,11,79.0
2024-12-25,11,88.5
2024-12-26,11,111.8
2024-12-27,11,91.6
2024-12-28,11,86.9
2024-12-29,11,84.1
2024-12-30,11,100.5
2024-12-31,11,82.0
2025-01-01,11,111.3
2025-01-02,11,72.0
2025-01-03,11,93.3
2025-01-04,11,75.0
2025-01-05,11,71.8
2025-01-06,11,91.8
2025-01-07,11,92.3
2025-01-08,11,102.7
2025-01-09,11,102.1
2025-01-10,11,94.5
2025-01-11,11,123.7
2025-01-12,11,101.8
2025-01-13,11,89.2
2025-01-14,11,65.8
2025-01-15,11,86.9
2025-01-16,11,91.2
2025-01-17,11,91.1
2025-01-18,11,115.4
2025-01-19,11,81.5
2025-01-20,11,88.8
2025-01-21,11,98.1
2025-01-22,11,90.8
2025-01-23,11,71.0
2025-01-24,11,94.0
2025-01-25,11,94.7
2025-01-26,11,73.6
2025-01-27,11,90.2
2025-01-28,11,86.7
2025-01-29,11,72.6
2025-01-30,11,116.4
2025-01-31,11,106.0
2025-02-01,11,105.1
2025-02-02,11,82.5
2025-02-03,11,102.3
2024-01-01,12,52.4
2024-01-02,12,55.0
2024-01-03,12,54.9
2024-01-04,12,73.1
2024-01-05,12,64.2
2024-01-06,12,65.4
2024-01-07,12,54.6
2024-01-08,12,66.6
2024-01-09,12,59.4
2024-01-10,12,50.0
2024-01-11,12,51.7
2024-01-12,12,73.3
2024-01-13,12,56.3
2024-01-14,12,51.5
2024-01-15,12,42.1
2024-01-16,12,55.0
2024-01-17,12,54.3
2024-01-18,12,85.6
2024-01-19,12,52.4
2024-01-20,12,58.4
2024-01-21,12,55.1
2024-01-22,12,64.8
2024-01-23,12,81.1
2024-01-24,12,68.7
2024-01-25,12,67.8
2024-01-26,12,95.6
2024-01-27,12,80.4
2024-01-28,12,74.0
2024-01-29,12,65.7
2024-01-30,12,53.6
2024-01-31,12,40.5
2024-02-01,12,63.9
2024-02-02,12,59.1
2024-02-03,12,53.0
2024-02-04,12,78.3
2024-02-05,12,61.2
2024-02-06,12,59.3
2024-02-07,12,79.8
2024-02-08,12,68.5
2024-02-09,12,69.3
2024-02-10,12,62.9
2024-02-11,12,59.6
2024-02-12,12,55.0
2024-02-13,12,71.9
2024-02-14,12,68.1
2024-02-15,12,65.8
2024-02-16,12,89.8
2024-02-17,12,75.7
2024-02-18,12,73.8
2024-02-19,12,61.0
2024-02-20,12,84.7
2024-02-21,12,67.5
2024-02-22,12,67.9
2024-02-23,12,110.3
2024-02-24,12,70.8
2024-02-25,12,86.2
2024-02-26,12,69.5
2024-02-27,12,88.2
2024-02-28,12,71.6
2024-02-29,12,52.4
2024-03-01,12,76.7
2024-03-02,12,59.1
2024-03-03,12,72.3
2024-03-04,12,74.5
2024-03-05,12,66.5
2024-03-06,12,61.0
2024-03-07,12,61.5
2024-03-08,12,69.7
2024-03-09,12,70.2
2024-03-10,12,56.8
2024-03-11,12,50.8
2024-03-12,12,81.6
2024-03-13,12,66.7
2024-03-14,12,79.9
2024-03-15,12,93.2
2024-03-16,12,87.5
2024-03-17,12,56.9
2024-03-18,12,57.7
2024-03-19,12,73.4
2024-03-20,12,76.8
2024-03-21,12,59.1
2024-03-22,12,63.4
2024-03-23,12,92.3
2024-03-24,12,87.1
2024-03-25,12,70.2
2024-03-26,12,49.3
2024-03-27,12,56.9
2024-03-28,12,94.5
2024-03-29,12,74.8
2024-03-30,12,87.3
2024-03-31,12,84.2
2024-04-01,12,62.2
2024-04-02,12,55.7
2024-04-03,12,73.9
2024-04-04,12,43.8
2024-04-05,12,65.2
2024-04-06,12,89.4
2024-04-07,12,76.4
2024-04-08,12,52.4
2024-04-09,12,69.3
2024-04-10,12,55.3
2024-04-11,12,44.6
2024-04-12,12,66.7
2024-04-13,12,68.7
2024-04-14,12,54.5
2024-04-15,12,62.6
2024-04-16,12,86.7
2024-04-17,12,71.8
2024-04-18,12,72.3
2024-04-19,12,68.3
2024-04-20,12,64.4
2024-04-21,12,52.3
2024-04-22,12,53.6
2024-04-23,12,62.4
2024-04-24,12,46.9
2024-04-25,12,77.5
2024-04-26,12,72.9
2024-04-27,12,86.4
2024-04-28,12,71.8
2024-04-29,12,57.5
2024-04-30,12,58.7
2024-05-01,12,83.0
2024-05-02,12,59.2
2024-05-03,12,80.6
2024-05-04,12,94.6
2024-05-05,12,57.9
2024-05-06,12,78.0
2024-05-07,12,54.6
2024-05-08,12,68.4
2024-05-09,12,72.1
2024-05-10,12,72.8
2024-05-11,12,94.6
2024-05-12,12,61.6
2024-05-13,12,80.1
2024-05-14,12,62.3
2024-05-15,12,64.6
2024-05-16,12,68.1
2024-05-17,12,75.0
2024-05-18,12,50.7
2024-05-19,12,65.5
2024-05-20,12,81.9
2024-05-21,12,55.4
2024-05-22,12,57.8
2024-05-23,12,45.8
2024-05-24,12,64.7
2024-05-25,12,72.5
2024-05-26,12,79.1
2024-05-27,12,58.1
2024-05-28,12,66.7
2024-05-29,12,59.5
2024-05-30,12,53.7
2024-05-31,12,73.6
2024-06-01,12,87.9
2024-06-02,12,64.2
2024-06-03,12,58.6
2024-06-04,12,50.0
2024-06-05,12,54.2
2024-06-06,12,62.0
2024-06-07,12,54.7
2024-06-08,12,61.6
2024-06-09,12,71.4
2024-06-10,12,78.2
2024-06-11,12,71.0
2024-06-12,12,77.2
2024-06-13,12,58.3
2024-06-14,12,94.1
2024-06-15,12,83.6
2024-06-16,12,50.6
2024-06-17,12,48.2
2024-06-18,12,48.5
2024-06-19,12,45.9
2024-06-20,12,48.9
2024-06-21,12,88.3
2024-06-22,12,34.9
2024-06-23,12,68.0
2024-06-24,12,57.8
2024-06-25,12,76.6
2024-06-26,12,46.2
2024-06-27,12,45.4
2024-06-28,12,72.2
2024-06-29,12,46.9
2024-06-30,12,45.2
2024-07-01,12,66.0
2024-07-02,12,66.8
2024-07-03,12,64.6
2024-07-04,12,61.1
2024-07-05,12,40.0
2024-07-06,12,52.7
2024-07-07,12,71.0
2024-07-08,12,57.8
2024-07-09,12,58.5
2024-07-10,12,50.8
2024-07-11,12,55.2
2024-07-12,12,61.9
2024-07-13,12,71.5
2024-07-14,12,50.2
2024-07-15,12,52.0
2024-07-16,12,80.1
2024-07-17,12,67.6
2024-07-18,12,69.6
2024-07-19,12,79.8
2024-07-20,12,63.4
2024-07-21,12,34.6
2024-07-22,12,45.1
2024-07-23,12,57.5
2024-07-24,12,39.9
2024-07-25,12,46.3
2024-07-26,12,77.5
2024-07-27,12,72.4
2024-07-28,12,54.5
2024-07-29,12,73.0
2024-07-30,12,55.1
2024-07-31,12,42.3
2024-08-01,12,41.0
2024-08-02,12,47.5
2024-08-03,12,74.4
2024-08-04,12,52.9
2024-08-05,12,44.0
2024-08-06,12,47.5
2024-08-07,12,56.3
2024-08-08,12,44.5
2024-08-09,12,32.6
2024-08-10,12,71.3
2024-08-11,12,39.3
2024-08-12,12,59.1
2024-08-13,12,51.3
2024-08-14,12,55.0
2024-08-15,12,56.0
2024-08-16,12,59.7
2024-08-17,12,61.7
2024-08-18,12,50.3
2024-08-19,12,36.0
2024-08-20,12,40.7
2024-08-21,12,34.8
2024-08-22,12,48.2
2024-08-23,12,58.9
2024-08-24,12,48.3
2024-08-25,12,34.1
2024-08-26,12,47.4
2024-08-27,12,56.7
2024-08-28,12,53.4
2024-08-29,12,44.3
2024-08-30,12,55.4
2024-08-31,12,71.0
2024-09-01,12,64.5
2024-09-02,12,49.9
2024-09-03,12,60.5
2024-09-04,12,59.2
2024-09-05,12,45.5
2024-09-06,12,63.5
2024-09-07,12,66.8
2024-09-08,12,54.6
2024-09-09,12,66.5
2024-09-10,12,44.8
2024-09-11,12,58.8
2024-09-12,12,52.0
2024-09-13,12,70.1
2024-09-14,12,67.3
2024-09-15,12,56.0
2024-09-16,12,46.4
2024-09-17,12,58.2
2024-09-18,12,63.4
2024-09-19,12,46.0
2024-09-20,12,62.3
2024-09-21,12,56.6
2024-09-22,12,51.1
2024-09-23,12,67.0
2024-09-24,12,55.7
2024-09-25,12,67.6
2024-09-26,12,39.3
2024-09-27,12,73.2
2024-09-28,12,62.5
2024-09-29,12,62.8
2024-09-30,12,60.2
2024-10-01,12,47.2
2024-10-02,12,25.1
2024-10-03,12,61.8
2024-10-04,12,68.0
2024-10-05,12,60.5
2024-10-06,12,53.4
2024-10-07,12,45.4
2024-10-08,12,54.5
2024-10-09,12,51.2
2024-10-10,12,45.8
2024-10-11,12,57.0
2024-10-12,12,43.8
2024-10-13,12,34.3
2024-10-14,12,53.0
2024-10-15,12,50.8
2024-10-16,12,70.7
2024-10-17,12,64.0
2024-10-18,12,44.8
2024-10-19,12,42.5
2024-10-20,12,34.0
2024-10-21,12,47.4
2024-10-22,12,42.7
2024-10-23,12,49.9
2024-10-24,12,42.5
2024-10-25,12,53.0
2024-10-26,12,71.4
2024-10-27,12,54.6
2024-10-28,12,69.7
2024-10-29,12,57.7
2024-10-30,12,58.5
2024-10-31,12,36.8
2024-11-01,12,43.2
2024-11-02,12,60.8
2024-11-03,12,61.9
2024-11-04,12,67.8
2024-11-05,12,62.9
2024-11-06,12,60.8
2024-11-07,12,49.2
2024-11-08,12,47.8
2024-11-09,12,54.7
2024-11-10,12,58.4
2024-11-11,12,56.3
2024-11-12,12,59.7
2024-11-13,12,63.8
2024-11-14,12,88.4
2024-11-15,12,51.8
2024-11-16,12,64.3
2024-11-17,12,60.2
2024-11-18,12,54.5
2024-11-19,12,64.8
2024-11-20,12,53.7
2024-11-21,12,68.7
2024-11-22,12,65.9
2024-11-23,12,76.8
2024-11-24,12,66.2
2024-11-25,12,50.3
2024-11-26,12,67.5
2024-11-27,12,59.6
2024-11-28,12,66.4
2024-11-29,12,82.7
2024-11-30,12,72.4
2024-12-01,12,54.4
2024-12-02,12,61.3
2024-12-03,12,64.9
2024-12-04,12,57.8
2024-12-05,12,62.5
2024-12-06,12,67.5
2024-12-07,12,69.7
2024-12-08,12,59.3
2024-12-09,12,48.9
2024-12-10,12,61.3
2024-12-11,12,61.0
2024-12-12,12,93.5
2024-12-13,12,78.7
2024-12-14,12,67.9
2024-12-15,12,67.9
2024-12-16,12,73.8
2024-12-17,12,69.1
2024-12-18,12,63.7
2024-12-19,12,56.2
2024-12-20,12,69.0
2024-12-21,12,62.6
2024-12-22,12,65.0
2024-12-23,12,56.3
2024-12-24,12,64.7
2024-12-25,12,47.2
2024-12-26,12,63.8
2024-12-27,12,70.3
2024-12-28,12,77.5
2024-12-29,12,66.1
2024-12-30,12,44.1
2024-12-31,12,68.7
2025-01-01,12,41.4
2025-01-02,12,65.7
2025-01-03,12,80.5
2025-01-04,12,83.5
2025-01-05,12,63.9
2025-01-06,12,73.4
2025-01-07,12,45.1
2025-01-08,12,53.8
2025-01-09,12,51.0
2025-01-10,12,90.3
2025-01-11,12,79.9
2025-01-12,12,70.2
2025-01-13,12,70.4
2025-01-14,12,64.5
2025-01-15,12,78.4
2025-01-16,12,66.6
2025-01-17,12,61.8
2025-01-18,12,101.9
2025-01-19,12,53.3
2025-01-20,12,78.1
2025-01-21,12,54.1
2025-01-22,12,63.8
2025-01-23,12,82.8
2025-01-24,12,64.8
2025-01-25,12,85.2
2025-01-26,12,66.7
2025-01-27,12,66.5
2025-01-28,12,65.6
2025-01-29,12,87.5
2025-01-30,12,64.4
2025-01-31,12,82.8
2025-02-01,12,88.3
2025-02-02,12,72.4
2025-02-03,12,62.2
2024-01-01,13,29.8
2024-01-02,13,16.7
2024-01-03,13,24.6
2024-01-04,13,26.6
2024-01-05,13,15.9
2024-01-06,13,22.9
2024-01-07,13,21.7
2024-01-08,13,22.1
2024-01-09,13,25.5
2024-01-10,13,14.5
2024-01-11,13,16.3
2024-01-12,13,32.6
2024-01-13,13,26.8
2024-01-14,13,24.6
2024-01-15,13,20.1
2024-01-16,13,21.2
2024-01-17,13,22.2
2024-01-18,13,26.3
2024-01-19,13,33.7
2024-01-20,13,27.8
2024-01-21,13,26.8
2024-01-22,13,24.9
2024-01-23,13,29.9
2024-01-24,13,19.9
2024-01-25,13,24.6
2024-01-26,13,25.6
2024-01-27,13,31.1
2024-01-28,13,33.4
2024-01-29,13,23.1
2024-01-30,13,23.1
2024-01-31,13,29.4
2024-02-01,13,30.1
2024-02-02,13,26.7
2024-02-03,13,35.4
2024-02-04,13,35.7
2024-02-05,13,23.4
2024-02-06,13,20.3
2024-02-07,13,26.1
2024-02-08,13,24.6
2024-02-09,13,40.4
2024-02-10,13,27.6
2024-02-11,13,28.5
2024-02-12,13,28.1
2024-02-13,13,21.5
2024-02-14,13,26.9
2024-02-15,13,17.6
2024-02-16,13,25.1
2024-02-17,13,36.5
2024-02-18,13,22.4
2024-02-19,13,27.5
2024-02-20,13,29.7
2024-02-21,13,32.1
2024-02-22,13,33.0
2024-02-23,13,28.6
2024-02-24,13,25.9
2024-02-25,13,25.9
2024-02-26,13,30.3
2024-02-27,13,27.2
2024-02-28,13,25.3
2024-02-29,13,25.6
2024-03-01,13,25.6
2024-03-02,13,40.2
2024-03-03,13,16.1
2024-03-04,13,28.9
2024-03-05,13,25.6
2024-03-06,13,24.7
2024-03-07,13,30.2
2024-03-08,13,24.2
2024-03-09,13,26.7
2024-03-10,13,20.9
2024-03-11,13,19.8
2024-03-12,13,19.7
2024-03-13,13,30.7
2024-03-14,13,26.9
2024-03-15,13,29.1
2024-03-16,13,36.0
2024-03-17,13,29.2
2024-03-18,13,24.4
2024-03-19,13,26.9
2024-03-20,13,26.8
2024-03-21,13,27.6
2024-03-22,13,40.9
2024-03-23,13,32.2
2024-03-24,13,25.7
2024-03-25,13,27.7
2024-03-26,13,25.0
2024-03-27,13,27.1
2024-03-28,13,36.3
2024-03-29,13,28.3
2024-03-30,13,23.6
2024-03-31,13,35.2
2024-04-01,13,19.9
2024-04-02,13,34.8
2024-04-03,13,28.8
2024-04-04,13,17.2
2024-04-05,13,35.8
2024-04-06,13,25.8
2024-04-07,13,28.3
2024-04-08,13,23.8
2024-04-09,13,19.2
2024-04-10,13,22.8
2024-04-11,13,35.4
2024-04-12,13,28.7
2024-04-13,13,30.3
2024-04-14,13,23.3
2024-04-15,13,28.3
2024-04-16,13,27.6
2024-04-17,13,33.9
2024-04-18,13,24.5
2024-04-19,13,30.1
2024-04-20,13,28.6
2024-04-21,13,23.1
2024-04-22,13,29.2
2024-04-23,13,19.4
2024-04-24,13,31.1
2024-04-25,13,22.2
2024-04-26,13,40.6
2024-04-27,13,29.7
2024-04-28,13,33.4
2024-04-29,13,34.6
2024-04-30,13,18.9
2024-05-01,13,26.1
2024-05-02,13,25.3
2024-05-03,13,30.6
2024-05-04,13,38.5
2024-05-05,13,24.4
2024-05-06,13,34.9
2024-05-07,13,25.8
2024-05-08,13,25.0
2024-05-09,13,35.1
2024-05-10,13,22.9
2024-05-11,13,24.5
2024-05-12,13,31.9
2024-05-13,13,29.2
2024-05-14,13,22.5
2024-05-15,13,22.9
2024-05-16,13,22.0
2024-05-17,13,33.0
2024-05-18,13,25.5
2024-05-19,13,34.1
2024-05-20,13,18.1
2024-05-21,13,30.6
2024-05-22,13,26.3
2024-05-23,13,31.5
2024-05-24,13,39.3
2024-05-25,13,31.4
2024-05-26,13,35.8
2024-05-27,13,23.0
2024-05-28,13,34.6
2024-05-29,13,31.1
2024-05-30,13,24.6
2024-05-31,13,23.2
2024-06-01,13,21.2
2024-06-02,13,24.4
2024-06-03,13,27.8
2024-06-04,13,16.2
2024-06-05,13,18.5
2024-06-06,13,17.5
2024-06-07,13,29.5
2024-06-08,13,27.3
2024-06-09,13,35.3
2024-06-10,13,25.4
2024-06-11,13,31.3
2024-06-12,13,23.8
2024-06-13,13,19.8
2024-06-14,13,28.1
2024-06-15,13,39.3
2024-06-16,13,27.6
2024-06-17,13,24.7
2024-06-18,13,22.5
2024-06-19,13,24.6
2024-06-20,13,22.5
2024-06-21,13,28.6
2024-06-22,13,28.4
2024-06-23,13,24.2
2024-06-24,13,26.8
2024-06-25,13,21.1
2024-06-26,13,25.8
2024-06-27,13,25.2
2024-06-28,13,28.6
2024-06-29,13,27.1
2024-06-30,13,21.3
2024-07-01,13,18.7
2024-07-02,13,23.7
2024-07-03,13,22.0
2024-07-04,13,23.3
2024-07-05,13,19.9
2024-07-06,13,26.3
2024-07-07,13,16.6
2024-07-08,13,20.8
2024-07-09,13,24.7
2024-07-10,13,22.2
2024-07-11,13,20.6
2024-07-12,13,27.5
2024-07-13,13,28.1
2024-07-14,13,13.8
2024-07-15,13,17.3
2024-07-16,13,25.6
2024-07-17,13,25.4
2024-07-18,13,23.3
2024-07-19,13,21.8
2024-07-20,13,27.4
2024-07-21,13,23.5
2024-07-22,13,17.0
2024-07-23,13,24.9
2024-07-24,13,12.5
2024-07-25,13,24.3
2024-07-26,13,22.5
2024-07-27,13,20.8
2024-07-28,13,16.1
2024-07-29,13,17.1
2024-07-30,13,13.1
2024-07-31,13,20.3
2024-08-01,13,15.7
2024-08-02,13,26.0
2024-08-03,13,24.6
2024-08-04,13,19.5
2024-08-05,13,17.5
2024-08-06,13,21.5
2024-08-07,13,21.9
2024-08-08,13,21.6
2024-08-09,13,28.7
2024-08-10,13,23.1
2024-08-11,13,21.2
2024-08-12,13,20.8
2024-08-13,13,19.9
2024-08-14,13,21.9
2024-08-15,13,20.0
2024-08-16,13,17.5
2024-08-17,13,20.8
2024-08-18,13,22.0
2024-08-19,13,26.5
2024-08-20,13,17.3
2024-08-21,13,23.3
2024-08-22,13,21.3
2024-08-23,13,27.4
2024-08-24,13,18.9
2024-08-25,13,19.6
2024-08-26,13,16.7
2024-08-27,13,19.6
2024-08-28,13,15.9
2024-08-29,13,18.4
2024-08-30,13,24.5
2024-08-31,13,29.8
2024-09-01,13,21.3
2024-09-02,13,16.9
2024-09-03,13,11.3
2024-09-04,13,15.0
2024-09-05,13,19.7
2024-09-06,13,22.5
2024-09-07,13,25.8
2024-09-08,13,15.1
2024-09-09,13,18.5
2024-09-10,13,23.3
2024-09-11,13,21.8
2024-09-12,13,13.9
2024-09-13,13,20.2
2024-09-14,13,24.5
2024-09-15,13,19.6
2024-09-16,13,20.3
2024-09-17,13,19.6
2024-09-18,13,23.5
2024-09-19,13,22.6
2024-09-20,13,18.6
2024-09-21,13,21.8
2024-09-22,13,19.6
2024-09-23,13,15.1
2024-09-24,13,19.2
2024-09-25,13,25.9
2024-09-26,13,14.8
2024-09-27,13,21.4
2024-09-28,13,26.6
2024-09-29,13,18.5
2024-09-30,13,19.7
2024-10-01,13,20.2
2024-10-02,13,17.3
2024-10-03,13,22.7
2024-10-04,13,13.1
2024-10-05,13,14.0
2024-10-06,13,16.5
2024-10-07,13,19.5
2024-10-08,13,12.8
2024-10-09,13,18.9
2024-10-10,13,22.9
2024-10-11,13,19.5
2024-10-12,13,13.1
2024-10-13,13,17.9
2024-10-14,13,19.6
2024-10-15,13,19.2
2024-10-16,13,20.7
2024-10-17,13,17.2
2024-10-18,13,23.0
2024-10-19,13,28.4
2024-10-20,13,16.7
2024-10-21,13,18.2
2024-10-22,13,19.4
2024-10-23,13,18.0
2024-10-24,13,29.6
2024-10-25,13,16.8
2024-10-26,13,22.1
2024-10-27,13,17.0
2024-10-28,13,21.8
2024-10-29,13,27.8
2024-10-30,13,23.9
2024-10-31,13,21.1
2024-11-01,13,28.8
2024-11-02,13,29.5
2024-11-03,13,26.7
2024-11-04,13,22.4
2024-11-05,13,22.1
2024-11-06,13,23.2
2024-11-07,13,20.3
2024-11-08,13,28.2
2024-11-09,13,23.2
2024-11-10,13,15.5
2024-11-11,13,16.9
2024-11-12,13,23.8
2024-11-13,13,18.8
2024-11-14,13,17.1
2024-11-15,13,17.4
2024-11-16,13,20.3
2024-11-17,13,21.3
2024-11-18,13,19.3
2024-11-19,13,26.7
2024-11-20,13,23.5
2024-11-21,13,27.6
2024-11-22,13,26.6
2024-11-23,13,22.7
2024-11-24,13,20.6
2024-11-25,13,26.4
2024-11-26,13,27.0
2024-11-27,13,23.7
2024-11-28,13,24.8
2024-11-29,13,24.5
2024-11-30,13,30.8
2024-12-01,13,23.3
2024-12-02,13,24.4
2024-12-03,13,21.4
2024-12-04,13,25.7
2024-12-05,13,21.2
2024-12-06,13,27.8
2024-12-07,13,30.6
2024-12-08,13,23.5
2024-12-09,13,19.4
2024-12-10,13,14.0
2024-12-11,13,22.6
2024-12-12,13,23.0
2024-12-13,13,29.8
2024-12-14,13,25.2
2024-12-15,13,24.9
2024-12-16,13,30.1
2024-12-17,13,21.4
2024-12-18,13,27.5
2024-12-19,13,28.9
2024-12-20,13,28.6
2024-12-21,13,28.7
2024-12-22,13,20.8
2024-12-23,13,29.9
2024-12-24,13,19.0
2024-12-25,13,21.5
2024-12-26,13,19.3
2024-12-27,13,39.2
2024-12-28,13,26.6
2024-12-29,13,24.0
2024-12-30,13,17.8
2024-12-31,13,22.9
2025-01-01,13,25.1
2025-01-02,13,26.1
2025-01-03,13,28.5
2025-01-04,13,31.2
2025-01-05,13,19.7
2025-01-06,13,29.4
2025-01-07,13,31.5
2025-01-08,13,21.2
2025-01-09,13,25.8
2025-01-10,13,33.2
2025-01-11,13,35.2
2025-01-12,13,22.8
2025-01-13,13,28.2
2025-01-14,13,23.9
2025-01-15,13,31.9
2025-01-16,13,27.9
2025-01-17,13,37.0
2025-01-18,13,27.9
2025-01-19,13,28.0
2025-01-20,13,26.2
2025-01-21,13,14.5
2025-01-22,13,22.1
2025-01-23,13,29.0
2025-01-24,13,24.2
2025-01-25,13,24.2
2025-01-26,13,25.5
2025-01-27,13,28.3
2025-01-28,13,23.6
2025-01-29,13,32.6
2025-01-30,13,22.2
2025-01-31,13,28.6
2025-02-01,13,25.8
2025-02-02,13,33.8
2025-02-03,13,19.5
2024-01-01,14,45.5
2024-01-02,14,33.5
2024-01-03,14,52.2
2024-01-04,14,46.7
2024-01-05,14,43.3
2024-01-06,14,56.0
2024-01-07,14,35.6
2024-01-08,14,36.2
2024-01-09,14,43.9
2024-01-10,14,41.1
2024-01-11,14,31.1
2024-01-12,14,39.9
2024-01-13,14,68.9
2024-01-14,14,48.0
2024-01-15,14,36.1
2024-01-16,14,41.2
2024-01-17,14,47.5
2024-01-18,14,38.6
2024-01-19,14,37.9
2024-01-20,14,48.3
2024-01-21,14,47.6
2024-01-22,14,41.4
2024-01-23,14,33.7
2024-01-24,14,31.5
2024-01-25,14,27.1
2024-01-26,14,36.6
2024-01-27,14,44.8
2024-01-28,14,26.9
2024-01-29,14,47.3
2024-01-30,14,42.9
2024-01-31,14,42.6
2024-02-01,14,40.4
2024-02-02,14,58.9
2024-02-03,14,44.1
2024-02-04,14,52.3
2024-02-05,14,39.9
2024-02-06,14,50.5
2024-02-07,14,35.3
2024-02-08,14,45.2
2024-02-09,14,41.2
2024-02-10,14,38.4
2024-02-11,14,51.0
2024-02-12,14,50.5
2024-02-13,14,36.0
2024-02-14,14,38.0
2024-02-15,14,37.9
2024-02-16,14,57.2
2024-02-17,14,56.0
2024-02-18,14,52.9
2024-02-19,14,47.4
2024-02-20,14,42.1
2024-02-21,14,44.1
2024-02-22,14,41.4
2024-02-23,14,50.3
2024-02-24,14,60.7
2024-02-25,14,61.5
2024-02-26,14,31.9
2024-02-27,14,49.3
2024-02-28,14,47.8
2024-02-29,14,48.6
2024-03-01,14,53.2
2024-03-02,14,59.0
2024-03-03,14,50.1
2024-03-04,14,40.4
2024-03-05,14,47.9
2024-03-06,14,48.7
2024-03-07,14,55.8
2024-03-08,14,43.1
2024-03-09,14,54.6
2024-03-10,14,46.5
2024-03-11,14,47.4
2024-03-12,14,41.4
2024-03-13,14,54.2
2024-03-14,14,44.6
2024-03-15,14,38.1
2024-03-16,14,57.3
2024-03-17,14,50.1
2024-03-18,14,40.4
2024-03-19,14,47.5
2024-03-20,14,39.5
2024-03-21,14,43.6
2024-03-22,14,42.0
2024-03-23,14,56.7
2024-03-24,14,42.8
2024-03-25,14,45.9
2024-03-26,14,50.7
2024-03-27,14,38.2
2024-03-28,14,58.2
2024-03-29,14,67.6
2024-03-30,14,41.4
2024-03-31,14,43.5
2024-04-01,14,47.9
2024-04-02,14,37.7
2024-04-03,14,43.9
2024-04-04,14,50.3
2024-04-05,14,66.6
2024-04-06,14,60.3
2024-04-07,14,31.2
2024-04-08,14,47.8
2024-04-09,14,37.0
2024-04-10,14,44.3
2024-04-11,14,54.9
2024-04-12,14,52.1
2024-04-13,14,65.4
2024-04-14,14,48.5
2024-04-15,14,56.0
2024-04-16,14,50.7
2024-04-17,14,52.3
2024-04-18,14,52.7
2024-04-19,14,49.5
2024-04-20,14,51.7
2024-04-21,14,49.7
2024-04-22,14,43.9
2024-04-23,14,37.5
2024-04-24,14,44.2
2024-04-25,14,31.2
2024-04-26,14,43.3
2024-04-27,14,46.2
2024-04-28,14,49.1
2024-04-29,14,55.9
2024-04-30,14,36.2
2024-05-01,14,60.9
2024-05-02,14,38.9
2024-05-03,14,61.4
2024-05-04,14,65.4
2024-05-05,14,36.4
2024-05-06,14,46.6
2024-05-07,14,53.7
2024-05-08,14,36.8
2024-05-09,14,50.8
2024-05-10,14,61.6
2024-05-11,14,66.4
2024-05-12,14,38.7
2024-05-13,14,40.1
2024-05-14,14,46.8
2024-05-15,14,33.7
2024-05-16,14,34.4
2024-05-17,14,39.5
2024-05-18,14,50.8
2024-05-19,14,45.5
2024-05-20,14,49.1
2024-05-21,14,53.6
2024-05-22,14,58.8
2024-05-23,14,48.6
2024-05-24,14,53.0
2024-05-25,14,48.5
2024-05-26,14,42.3
2024-05-27,14,60.1
2024-05-28,14,44.8
2024-05-29,14,49.7
2024-05-30,14,48.9
2024-05-31,14,46.2
2024-06-01,14,66.4
2024-06-02,14,54.6
2024-06-03,14,42.4
2024-06-04,14,61.5
2024-06-05,14,41.3
2024-06-06,14,38.6
2024-06-07,14,48.8
2024-06-08,14,62.4
2024-06-09,14,45.9
2024-06-10,14,36.0
2024-06-11,14,49.7
2024-06-12,14,45.3
2024-06-13,14,50.2
2024-06-14,14,56.6
2024-06-15,14,46.0
2024-06-16,14,38.6
2024-06-17,14,56.0
2024-06-18,14,37.8
2024-06-19,14,49.2
2024-06-20,14,49.1
2024-06-21,14,45.8
2024-06-22,14,55.9
2024-06-23,14,41.1
2024-06-24,14,38.9
2024-06-25,14,34.7
2024-06-26,14,51.5
2024-06-27,14,32.9
2024-06-28,14,49.5
2024-06-29,14,38.5
2024-06-30,14,51.7
2024-07-01,14,42.8
2024-07-02,14,53.4
2024-07-03,14,38.3
2024-07-04,14,44.1
2024-07-05,14,40.9
2024-07-06,14,51.2
2024-07-07,14,45.9
2024-07-08,14,43.1
2024-07-09,14,35.0
2024-07-10,14,41.1
2024-07-11,14,50.0
2024-07-12,14,31.2
2024-07-13,14,52.6
2024-07-14,14,51.4
2024-07-15,14,55.1
2024-07-16,14,32.1
2024-07-17,14,52.8
2024-07-18,14,48.4
2024-07-19,14,49.0
2024-07-20,14,38.1
2024-07-21,14,54.1
2024-07-22,14,41.6
2024-07-23,14,48.7
2024-07-24,14,47.9
2024-07-25,14,34.9
2024-07-26,14,59.2
2024-07-27,14,23.5
2024-07-28,14,39.9
2024-07-29,14,35.1
2024-07-30,14,42.4
2024-07-31,14,58.0
2024-08-01,14,34.8
2024-08-02,14,42.3
2024-08-03,14,51.4
2024-08-04,14,33.1
2024-08-05,14,35.6
2024-08-06,14,40.4
2024-08-07,14,37.4
2024-08-08,14,46.8
2024-08-09,14,45.6
2024-08-10,14,54.9
2024-08-11,14,48.7
2024-08-12,14,27.3
2024-08-13,14,42.0
2024-08-14,14,36.0
2024-08-15,14,48.0
2024-08-16,14,50.4
2024-08-17,14,45.6
2024-08-18,14,42.8
2024-08-19,14,47.9
2024-08-20,14,52.9
2024-08-21,14,46.0
2024-08-22,14,45.7
2024-08-23,14,47.0
2024-08-24,14,54.4
2024-08-25,14,35.5
2024-08-26,14,55.8
2024-08-27,14,30.9
2024-08-28,14,42.6
2024-08-29,14,38.5
2024-08-30,14,35.2
2024-08-31,14,35.6
2024-09-01,14,31.8
2024-09-02,14,43.1
2024-09-03,14,45.7
2024-09-04,14,48.2
2024-09-05,14,35.4
2024-09-06,14,55.0
2024-09-07,14,46.8
2024-09-08,14,43.2
2024-09-09,14,45.6
2024-09-10,14,37.0
2024-09-11,14,40.2
2024-09-12,14,43.8
2024-09-13,14,48.5
2024-09-14,14,43.3
2024-09-15,14,51.4
2024-09-16,14,41.2
2024-09-17,14,35.9
2024-09-18,14,51.8
2024-09-19,14,47.3
2024-09-20,14,54.1
2024-09-21,14,55.1
2024-09-22,14,35.2
2024-09-23,14,42.6
2024-09-24,14,41.0
2024-09-25,14,39.3
2024-09-26,14,40.1
2024-09-27,14,51.3
2024-09-28,14,40.3
2024-09-29,14,33.2
2024-09-30,14,39.5
2024-10-01,14,24.6
2024-10-02,14,54.2
2024-10-03,14,42.2
2024-10-04,14,57.8
2024-10-05,14,29.3
2024-10-06,14,40.5
2024-10-07,14,35.4
2024-10-08,14,46.8
2024-10-09,14,38.7
2024-10-10,14,53.2
2024-10-11,14,51.8
2024-10-12,14,35.3
2024-10-13,14,44.5
2024-10-14,14,27.6
2024-10-15,14,38.6
2024-10-16,14,50.9
2024-10-17,14,44.6
2024-10-18,14,47.4
2024-10-19,14,51.7
2024-10-20,14,56.5
2024-10-21,14,37.9
2024-10-22,14,48.4
2024-10-23,14,53.2
2024-10-24,14,48.8
2024-10-25,14,65.1
2024-10-26,14,58.8
2024-10-27,14,46.9
2024-10-28,14,36.9
2024-10-29,14,30.8
2024-10-30,14,51.2
2024-10-31,14,41.9
2024-11-01,14,39.7
2024-11-02,14,43.5
2024-11-03,14,25.8
2024-11-04,14,45.9
2024-11-05,14,33.2
2024-11-06,14,40.6
2024-11-07,14,35.1
2024-11-08,14,49.3
2024-11-09,14,36.8
2024-11-10,14,44.5
2024-11-11,14,49.9
2024-11-12,14,48.2
2024-11-13,14,47.7
2024-11-14,14,37.9
2024-11-15,14,56.9
2024-11-16,14,54.2
2024-11-17,14,50.3
2024-11-18,14,49.8
2024-11-19,14,28.6
2024-11-20,14,40.9
2024-11-21,14,26.3
2024-11-22,14,55.9
2024-11-23,14,56.7
2024-11-24,14,52.2
2024-11-25,14,36.9
2024-11-26,14,40.8
2024-11-27,14,47.5
2024-11-28,14,29.2
2024-11-29,14,57.3
2024-11-30,14,56.6
2024-12-01,14,37.5
2024-12-02,14,53.2
2024-12-03,14,47.2
2024-12-04,14,39.5
2024-12-05,14,41.6
2024-12-06,14,61.3
2024-12-07,14,63.9
2024-12-08,14,46.3
2024-12-09,14,45.2
2024-12-10,14,56.6
2024-12-11,14,72.4
2024-12-12,14,36.9
2024-12-13,14,53.6
2024-12-14,14,44.7
2024-12-15,14,41.1
2024-12-16,14,40.8
2024-12-17,14,41.2
2024-12-18,14,45.1
2024-12-19,14,45.2
2024-12-20,14,50.8
2024-12-21,14,49.8
2024-12-22,14,56.6
2024-12-23,14,51.2
2024-12-24,14,48.9
2024-12-25,14,52.7
2024-12-26,14,39.0
2024-12-27,14,52.3
2024-12-28,14,70.0
2024-12-29,14,43.8
2024-12-30,14,46.3
2024-12-31,14,40.5
2025-01-01,14,51.6
2025-01-02,14,52.9
2025-01-03,14,41.0
2025-01-04,14,66.9
2025-01-05,14,58.5
2025-01-06,14,57.4
2025-01-07,14,46.8
2025-01-08,14,40.0
2025-01-09,14,50.3
2025-01-10,14,50.1
2025-01-11,14,61.7
2025-01-12,14,64.3
2025-01-13,14,50.5
2025-01-14,14,48.0
2025-01-15,14,50.1
2025-01-16,14,60.8
2025-01-17,14,51.7
2025-01-18,14,56.0
2025-01-19,14,51.3
2025-01-20,14,48.5
2025-01-21,14,50.1
2025-01-22,14,49.6
2025-01-23,14,54.2
2025-01-24,14,56.6
2025-01-25,14,52.7
2025-01-26,14,61.5
2025-01-27,14,61.2
2025-01-28,14,58.6
2025-01-29,14,50.2
2025-01-30,14,68.3
2025-01-31,14,38.9
2025-02-01,14,53.0
2025-02-02,14,61.4
2025-02-03,14,33.8
2024-01-01,15,61.5
2024-01-02,15,67.4
2024-01-03,15,45.9
2024-01-04,15,55.1
2024-01-05,15,75.7
2024-01-06,15,84.7
2024-01-07,15,75.0
2024-01-08,15,63.6
2024-01-09,15,59.1
2024-01-10,15,67.4
2024-01-11,15,80.6
2024-01-12,15,42.1
2024-01-13,15,83.4
2024-01-14,15,40.9
2024-01-15,15,63.0
2024-01-16,15,59.4
2024-01-17,15,71.8
2024-01-18,15,51.6
2024-01-19,15,52.6
2024-01-20,15,35.5
2024-01-21,15,64.4
2024-01-22,15,52.3
2024-01-23,15,64.2
2024-01-24,15,59.2
2024-01-25,15,71.2
2024-01-26,15,103.3
2024-01-27,15,63.5
2024-01-28,15,52.6
2024-01-29,15,49.3
2024-01-30,15,62.8
2024-01-31,15,89.0
2024-02-01,15,59.1
2024-02-02,15,69.3
2024-02-03,15,93.2
2024-02-04,15,81.3
2024-02-05,15,57.8
2024-02-06,15,74.2
2024-02-07,15,70.1
2024-02-08,15,55.1
2024-02-09,15,75.5
2024-02-10,15,75.3
2024-02-11,15,54.7
2024-02-12,15,33.5
2024-02-13,15,64.3
2024-02-14,15,81.8
2024-02-15,15,63.5
2024-02-16,15,68.3
2024-02-17,15,67.0
2024-02-18,15,60.3
2024-02-19,15,67.1
2024-02-20,15,37.5
2024-02-21,15,61.2
2024-02-22,15,73.5
2024-02-23,15,87.1
2024-02-24,15,56.7
2024-02-25,15,41.5
2024-02-26,15,49.9
2024-02-27,15,89.9
2024-02-28,15,56.5
2024-02-29,15,57.6
2024-03-01,15,95.5
2024-03-02,15,66.7
2024-03-03,15,78.2
2024-03-04,15,66.0
2024-03-05,15,52.8
2024-03-06,15,60.9
2024-03-07,15,76.4
2024-03-08,15,68.7
2024-03-09,15,64.1
2024-03-10,15,63.2
2024-03-11,15,76.3
2024-03-12,15,79.1
2024-03-13,15,80.5
2024-03-14,15,63.7
2024-03-15,15,77.5
2024-03-16,15,62.7
2024-03-17,15,53.7
2024-03-18,15,60.0
2024-03-19,15,61.4
2024-03-20,15,74.1
2024-03-21,15,53.8
2024-03-22,15,86.5
2024-03-23,15,99.0
2024-03-24,15,67.9
2024-03-25,15,87.9
2024-03-26,15,59.6
2024-03-27,15,41.2
2024-03-28,15,72.7
2024-03-29,15,47.3
2024-03-30,15,80.0
2024-03-31,15,72.3
2024-04-01,15,62.4
2024-04-02,15,77.1
2024-04-03,15,70.3
2024-04-04,15,78.7
2024-04-05,15,69.2
2024-04-06,15,77.1
2024-04-07,15,56.1
2024-04-08,15,42.4
2024-04-09,15,82.5
2024-04-10,15,74.3
2024-04-11,15,65.8
2024-04-12,15,63.8
2024-04-13,15,64.6
2024-04-14,15,73.9
2024-04-15,15,60.2
2024-04-16,15,50.9
2024-04-17,15,76.9
2024-04-18,15,77.8
2024-04-19,15,105.8
2024-04-20,15,71.8
2024-04-21,15,79.0
2024-04-22,15,58.6
2024-04-23,15,56.1
2024-04-24,15,65.0
2024-04-25,15,69.5
2024-04-26,15,63.5
2024-04-27,15,80.8
2024-04-28,15,47.0
2024-04-29,15,74.2
2024-04-30,15,59.9
2024-05-01,15,55.9
2024-05-02,15,48.6
2024-05-03,15,53.8
2024-05-04,15,73.1
2024-05-05,15,60.1
2024-05-06,15,65.4
2024-05-07,15,62.1
2024-05-08,15,57.8
2024-05-09,15,64.4
2024-05-10,15,71.3
2024-05-11,15,85.6
2024-05-12,15,70.3
2024-05-13,15,64.4
2024-05-14,15,42.0
2024-05-15,15,57.1
2024-05-16,15,62.5
2024-05-17,15,67.6
2024-05-18,15,53.1
2024-05-19,15,61.9
2024-05-20,15,71.5
2024-05-21,15,57.3
2024-05-22,15,41.4
2024-05-23,15,58.9
2024-05-24,15,76.1
2024-05-25,15,65.2
2024-05-26,15,79.5
2024-05-27,15,47.7
2024-05-28,15,69.9
2024-05-29,15,53.9
2024-05-30,15,58.0
2024-05-31,15,83.5
2024-06-01,15,98.0
2024-06-02,15,76.6
2024-06-03,15,64.9
2024-06-04,15,54.0
2024-06-05,15,64.7
2024-06-06,15,70.3
2024-06-07,15,90.6
2024-06-08,15,91.4
2024-06-09,15,63.4
2024-06-10,15,57.5
2024-06-11,15,42.4
2024-06-12,15,63.1
2024-06-13,15,55.2
2024-06-14,15,57.3
2024-06-15,15,64.2
2024-06-16,15,68.4
2024-06-17,15,47.1
2024-06-18,15,75.1
2024-06-19,15,74.2
2024-06-20,15,48.6
2024-06-21,15,77.6
2024-06-22,15,98.8
2024-06-23,15,66.9
2024-06-24,15,67.1
2024-06-25,15,53.0
2024-06-26,15,83.7
2024-06-27,15,65.9
2024-06-28,15,79.7
2024-06-29,15,81.6
2024-06-30,15,71.6
2024-07-01,15,57.6
2024-07-02,15,76.1
2024-07-03,15,38.4
2024-07-04,15,53.4
2024-07-05,15,61.3
2024-07-06,15,83.0
2024-07-07,15,59.8
2024-07-08,15,63.9
2024-07-09,15,58.1
2024-07-10,15,56.7
2024-07-11,15,56.1
2024-07-12,15,86.1
2024-07-13,15,80.9
2024-07-14,15,70.5
2024-07-15,15,65.0
2024-07-16,15,72.4
2024-07-17,15,59.8
2024-07-18,15,69.3
2024-07-19,15,98.8
2024-07-20,15,63.9
2024-07-21,15,57.3
2024-07-22,15,56.1
2024-07-23,15,69.3
2024-07-24,15,57.6
2024-07-25,15,40.7
2024-07-26,15,77.8
2024-07-27,15,89.3
2024-07-28,15,59.3
2024-07-29,15,60.9
2024-07-30,15,54.9
2024-07-31,15,40.3
2024-08-01,15,77.8
2024-08-02,15,46.3
2024-08-03,15,75.9
2024-08-04,15,74.7
2024-08-05,15,77.0
2024-08-06,15,71.0
2024-08-07,15,68.0
2024-08-08,15,69.2
2024-08-09,15,79.5
2024-08-10,15,86.5
2024-08-11,15,58.5
2024-08-12,15,58.5
2024-08-13,15,66.2
2024-08-14,15,59.3
2024-08-15,15,46.2
2024-08-16,15,81.0
2024-08-17,15,71.9
2024-08-18,15,55.3
2024-08-19,15,75.3
2024-08-20,15,56.2
2024-08-21,15,68.5
2024-08-22,15,51.2
2024-08-23,15,87.1
2024-08-24,15,76.8
2024-08-25,15,68.3
2024-08-26,15,72.8
2024-08-27,15,65.6
2024-08-28,15,69.1
2024-08-29,15,42.1
2024-08-30,15,63.7
2024-08-31,15,85.7
2024-09-01,15,60.5
2024-09-02,15,66.7
2024-09-03,15,82.2
2024-09-04,15,91.3
2024-09-05,15,68.5
2024-09-06,15,65.4
2024-09-07,15,78.2
2024-09-08,15,65.1
2024-09-09,15,65.2
2024-09-10,15,83.2
2024-09-11,15,46.5
2024-09-12,15,59.8
2024-09-13,15,76.0
2024-09-14,15,72.9
2024-09-15,15,66.2
2024-09-16,15,73.2
2024-09-17,15,54.1
2024-09-18,15,57.5
2024-09-19,15,72.4
2024-09-20,15,68.0
2024-09-21,15,68.5
2024-09-22,15,53.9
2024-09-23,15,66.9
2024-09-24,15,60.0
2024-09-25,15,46.8
2024-09-26,15,58.8
2024-09-27,15,75.4
2024-09-28,15,70.3
2024-09-29,15,49.7
2024-09-30,15,55.8
2024-10-01,15,65.5
2024-10-02,15,87.6
2024-10-03,15,43.4
2024-10-04,15,73.2
2024-10-05,15,88.8
2024-10-06,15,60.6
2024-10-07,15,63.9
2024-10-08,15,53.8
2024-10-09,15,75.4
2024-10-10,15,79.0
2024-10-11,15,79.4
2024-10-12,15,98.0
2024-10-13,15,41.1
2024-10-14,15,69.5
2024-10-15,15,57.6
2024-10-16,15,60.5
2024-10-17,15,78.7
2024-10-18,15,59.4
2024-10-19,15,45.7
2024-10-20,15,72.3
2024-10-21,15,37.7
2024-10-22,15,62.4
2024-10-23,15,65.8
2024-10-24,15,56.6
2024-10-25,15,59.4
2024-10-26,15,67.9
2024-10-27,15,52.1
2024-10-28,15,75.3
2024-10-29,15,57.2
2024-10-30,15,75.9
2024-10-31,15,66.9
2024-11-01,15,83.1
2024-11-02,15,67.7
2024-11-03,15,63.6
2024-11-04,15,69.1
2024-11-05,15,56.9
2024-11-06,15,59.0
2024-11-07,15,76.4
2024-11-08,15,58.3
2024-11-09,15,66.5
2024-11-10,15,66.8
2024-11-11,15,65.8
2024-11-12,15,68.6
2024-11-13,15,88.0
2024-11-14,15,66.7
2024-11-15,15,61.1
2024-11-16,15,53.7
2024-11-17,15,59.1
2024-11-18,15,65.1
2024-11-19,15,62.3
2024-11-20,15,49.9
2024-11-21,15,73.6
2024-11-22,15,81.7
2024-11-23,15,64.4
2024-11-24,15,78.5
2024-11-25,15,73.8
2024-11-26,15,48.0
2024-11-27,15,65.1
2024-11-28,15,61.4
2024-11-29,15,80.9
2024-11-30,15,74.6
2024-12-01,15,79.2
2024-12-02,15,69.0
2024-12-03,15,65.6
2024-12-04,15,62.4
2024-12-05,15,54.4
2024-12-06,15,57.7
2024-12-07,15,54.0
2024-12-08,15,78.2
2024-12-09,15,74.0
2024-12-10,15,41.3
2024-12-11,15,58.8
2024-12-12,15,84.2
2024-12-13,15,65.0
2024-12-14,15,76.9
2024-12-15,15,73.4
2024-12-16,15,76.6
2024-12-17,15,58.9
2024-12-18,15,78.3
2024-12-19,15,60.5
2024-12-20,15,93.3
2024-12-21,15,90.4
2024-12-22,15,54.0
2024-12-23,15,88.6
2024-12-24,15,84.8
2024-12-25,15,53.3
2024-12-26,15,60.9
2024-12-27,15,84.5
2024-12-28,15,100.8
2024-12-29,15,47.6
2024-12-30,15,67.3
2024-12-31,15,54.6
2025-01-01,15,46.5
2025-01-02,15,64.3
2025-01-03,15,77.2
2025-01-04,15,46.7
2025-01-05,15,74.5
2025-01-06,15,77.0
2025-01-07,15,63.9
2025-01-08,15,80.3
2025-01-09,15,47.8
2025-01-10,15,60.8
2025-01-11,15,90.8
2025-01-12,15,54.7
2025-01-13,15,50.1
2025-01-14,15,60.0
2025-01-15,15,74.6
2025-01-16,15,75.7
2025-01-17,15,97.9
2025-01-18,15,85.5
2025-01-19,15,43.7
2025-01-20,15,83.5
2025-01-21,15,88.5
2025-01-22,15,61.0
2025-01-23,15,64.3
2025-01-24,15,83.2
2025-01-25,15,95.2
2025-01-26,15,73.8
2025-01-27,15,62.1
2025-01-28,15,69.2
2025-01-29,15,73.2
2025-01-30,15,86.7
2025-01-31,15,77.7
2025-02-01,15,41.7
2025-02-02,15,35.9
2025-02-03,15,72.5
2024-01-01,16,38.2
2024-01-02,16,50.9
2024-01-03,16,49.1
2024-01-04,16,59.4
2024-01-05,16,53.5
2024-01-06,16,59.0
2024-01-07,16,48.9
2024-01-08,16,48.2
2024-01-09,16,35.6
2024-01-10,16,62.0
2024-01-11,16,53.3
2024-01-12,16,58.3
2024-01-13,16,71.9
2024-01-14,16,32.8
2024-01-15,16,52.3
2024-01-16,16,45.3
2024-01-17,16,69.5
2024-01-18,16,49.3
2024-01-19,16,71.9
2024-01-20,16,46.5
2024-01-21,16,58.2
2024-01-22,16,56.4
2024-01-23,16,74.3
2024-01-24,16,69.4
2024-01-25,16,47.0
2024-01-26,16,78.8
2024-01-27,16,63.4
2024-01-28,16,69.0
2024-01-29,16,56.1
2024-01-30,16,56.3
2024-01-31,16,59.7
2024-02-01,16,58.3
2024-02-02,16,67.7
2024-02-03,16,67.6
2024-02-04,16,77.7
2024-02-05,16,66.1
2024-02-06,16,54.1
2024-02-07,16,55.2
2024-02-08,16,67.0
2024-02-09,16,81.9
2024-02-10,16,42.7
2024-02-11,16,67.5
2024-02-12,16,63.8
2024-02-13,16,58.4
2024-02-14,16,52.5
2024-02-15,16,84.9
2024-02-16,16,76.7
2024-02-17,16,90.7
2024-02-18,16,42.2
2024-02-19,16,49.7
2024-02-20,16,64.9
2024-02-21,16,67.0
2024-02-22,16,57.8
2024-02-23,16,62.4
2024-02-24,16,60.6
2024-02-25,16,55.8
2024-02-26,16,54.2
2024-02-27,16,39.2
2024-02-28,16,34.8
2024-02-29,16,57.0
2024-03-01,16,65.5
2024-03-02,16,77.5
2024-03-03,16,71.3
2024-03-04,16,75.2
2024-03-05,16,50.6
2024-03-06,16,62.8
2024-03-07,16,70.1
2024-03-08,16,66.6
2024-03-09,16,79.0
2024-03-10,16,73.9
2024-03-11,16,54.5
2024-03-12,16,43.7
2024-03-13,16,46.0
2024-03-14,16,45.8
2024-03-15,16,92.6
2024-03-16,16,51.8
2024-03-17,16,56.3
2024-03-18,16,67.5
2024-03-19,16,50.5
2024-03-20,16,66.9
2024-03-21,16,73.3
2024-03-22,16,64.2
2024-03-23,16,70.6
2024-03-24,16,77.6
2024-03-25,16,60.7
2024-03-26,16,67.0
2024-03-27,16,64.9
2024-03-28,16,55.9
2024-03-29,16,79.2
2024-03-30,16,80.4
2024-03-31,16,63.3
2024-04-01,16,47.1
2024-04-02,16,56.5
2024-04-03,16,64.0
2024-04-04,16,76.3
2024-04-05,16,60.8
2024-04-06,16,53.2
2024-04-07,16,53.2
2024-04-08,16,64.3
2024-04-09,16,51.0
2024-04-10,16,94.5
2024-04-11,16,69.8
2024-04-12,16,79.8
2024-04-13,16,54.0
2024-04-14,16,50.9
2024-04-15,16,60.7
2024-04-16,16,52.3
2024-04-17,16,66.8
2024-04-18,16,45.7
2024-04-19,16,58.5
2024-04-20,16,45.4
2024-04-21,16,74.1
2024-04-22,16,69.4
2024-04-23,16,49.0
2024-04-24,16,75.0
2024-04-25,16,53.1
2024-04-26,16,63.4
2024-04-27,16,83.9
2024-04-28,16,78.5
2024-04-29,16,88.2
2024-04-30,16,66.6
2024-05-01,16,30.9
2024-05-02,16,71.1
2024-05-03,16,78.3
2024-05-04,16,79.2
2024-05-05,16,67.8
2024-05-06,16,67.6
2024-05-07,16,49.4
2024-05-08,16,56.1
2024-05-09,16,66.9
2024-05-10,16,78.1
2024-05-11,16,43.8
2024-05-12,16,32.9
2024-05-13,16,55.7
2024-05-14,16,51.1
2024-05-15,16,47.7
2024-05-16,16,73.2
2024-05-17,16,72.1
2024-05-18,16,79.6
2024-05-19,16,57.4
2024-05-20,16,49.5
2024-05-21,16,30.8
2024-05-22,16,41.3
2024-05-23,16,59.2
2024-05-24,16,71.1
2024-05-25,16,79.6
2024-05-26,16,48.3
2024-05-27,16,44.1
2024-05-28,16,69.8
2024-05-29,16,70.3
2024-05-30,16,38.0
2024-05-31,16,41.5
2024-06-01,16,43.7
2024-06-02,16,47.0
2024-06-03,16,62.6
2024-06-04,16,56.2
2024-06-05,16,58.7
2024-06-06,16,48.1
2024-06-07,16,78.9
2024-06-08,16,53.5
2024-06-09,16,61.3
2024-06-10,16,48.3
2024-06-11,16,54.4
2024-06-12,16,58.7
2024-06-13,16,54.2
2024-06-14,16,82.6
2024-06-15,16,48.4
2024-06-16,16,50.7
2024-06-17,16,42.3
2024-06-18,16,67.8
2024-06-19,16,69.1
2024-06-20,16,57.2
2024-06-21,16,49.2
2024-06-22,16,71.4
2024-06-23,16,60.1
2024-06-24,16,33.4
2024-06-25,16,54.4
2024-06-26,16,54.9
2024-06-27,16,48.4
2024-06-28,16,66.3
2024-06-29,16,70.1
2024-06-30,16,64.3
2024-07-01,16,65.9
2024-07-02,16,47.3
2024-07-03,16,38.5
2024-07-04,16,63.3
2024-07-05,16,43.7
2024-07-06,16,71.1
2024-07-07,16,53.6
2024-07-08,16,63.9
2024-07-09,16,62.3
2024-07-10,16,61.8
2024-07-11,16,56.5
2024-07-12,16,72.5
2024-07-13,16,48.3
2024-07-14,16,38.1
2024-07-15,16,51.6
2024-07-16,16,54.9
2024-07-17,16,31.7
2024-07-18,16,43.7
2024-07-19,16,57.4
2024-07-20,16,61.6
2024-07-21,16,55.2
2024-07-22,16,43.2
2024-07-23,16,55.4
2024-07-24,16,51.0
2024-07-25,16,48.3
2024-07-26,16,30.5
2024-07-27,16,52.6
2024-07-28,16,45.2
2024-07-29,16,61.7
2024-07-30,16,45.9
2024-07-31,16,41.3
2024-08-01,16,51.1
2024-08-02,16,54.5
2024-08-03,16,65.4
2024-08-04,16,46.3
2024-08-05,16,60.0
2024-08-06,16,36.0
2024-08-07,16,51.9
2024-08-08,16,52.4
2024-08-09,16,53.0
2024-08-10,16,71.0
2024-08-11,16,54.3
2024-08-12,16,55.6
2024-08-13,16,42.5
2024-08-14,16,48.8
2024-08-15,16,66.2
2024-08-16,16,48.6
2024-08-17,16,46.2
2024-08-18,16,47.3
2024-08-19,16,48.3
2024-08-20,16,53.9
2024-08-21,16,56.7
2024-08-22,16,63.9
2024-08-23,16,45.4
2024-08-24,16,57.2
2024-08-25,16,47.0
2024-08-26,16,54.8
2024-08-27,16,37.2
2024-08-28,16,41.7
2024-08-29,16,41.1
2024-08-30,16,45.8
2024-08-31,16,46.8
2024-09-01,16,41.8
2024-09-02,16,53.1
2024-09-03,16,59.0
2024-09-04,16,65.9
2024-09-05,16,63.9
2024-09-06,16,45.7
2024-09-07,16,60.7
2024-09-08,16,52.2
2024-09-09,16,51.3
2024-09-10,16,45.3
2024-09-11,16,54.9
2024-09-12,16,50.5
2024-09-13,16,50.4
2024-09-14,16,40.2
2024-09-15,16,39.6
2024-09-16,16,50.1
2024-09-17,16,49.6
2024-09-18,16,31.3
2024-09-19,16,44.2
2024-09-20,16,47.9
2024-09-21,16,52.6
2024-09-22,16,47.8
2024-09-23,16,36.0
2024-09-24,16,53.9
2024-09-25,16,43.7
2024-09-26,16,55.1
2024-09-27,16,52.7
2024-09-28,16,55.6
2024-09-29,16,47.0
2024-09-30,16,46.3
2024-10-01,16,64.5
2024-10-02,16,45.1
2024-10-03,16,55.9
2024-10-04,16,52.0
2024-10-05,16,43.9
2024-10-06,16,41.3
2024-10-07,16,50.3
2024-10-08,16,52.6
2024-10-09,16,34.6
2024-10-10,16,49.2
2024-10-11,16,48.2
2024-10-12,16,41.1
2024-10-13,16,47.0
2024-10-14,16,44.4
2024-10-15,16,32.0
2024-10-16,16,50.3
2024-10-17,16,41.1
2024-10-18,16,47.4
2024-10-19,16,64.8
2024-10-20,16,48.4
2024-10-21,16,33.7
2024-10-22,16,70.5
2024-10-23,16,45.5
2024-10-24,16,54.8
2024-10-25,16,36.2
2024-10-26,16,42.6
2024-10-27,16,53.3
2024-10-28,16,59.6
2024-10-29,16,50.7
2024-10-30,16,39.9
2024-10-31,16,42.8
2024-11-01,16,47.7
2024-11-02,16,63.6
2024-11-03,16,48.0
2024-11-04,16,55.9
2024-11-05,16,50.8
2024-11-06,16,48.2
2024-11-07,16,48.4
2024-11-08,16,56.5
2024-11-09,16,54.8
2024-11-10,16,45.9
2024-11-11,16,29.3
2024-11-12,16,53.8
2024-11-13,16,41.0
2024-11-14,16,57.1
2024-11-15,16,41.2
2024-11-16,16,62.0
2024-11-17,16,36.5
2024-11-18,16,56.0
2024-11-19,16,56.2
2024-11-20,16,29.3
2024-11-21,16,32.7
2024-11-22,16,53.8
2024-11-23,16,47.1
2024-11-24,16,63.6
2024-11-25,16,35.8
2024-11-26,16,51.4
2024-11-27,16,51.5
2024-11-28,16,58.5
2024-11-29,16,38.2
2024-11-30,16,61.7
2024-12-01,16,57.5
2024-12-02,16,59.0
2024-12-03,16,53.7
2024-12-04,16,51.3
2024-12-05,16,49.8
2024-12-06,16,67.4
2024-12-07,16,65.2
2024-12-08,16,39.9
2024-12-09,16,53.8
2024-12-10,16,59.3
2024-12-11,16,45.6
2024-12-12,16,41.1
2024-12-13,16,69.9
2024-12-14,16,34.8
2024-12-15,16,42.9
2024-12-16,16,31.0
2024-12-17,16,47.5
2024-12-18,16,68.1
2024-12-19,16,39.8
2024-12-20,16,69.0
2024-12-21,16,65.4
2024-12-22,16,47.3
2024-12-23,16,43.9
2024-12-24,16,59.5
2024-12-25,16,30.7
2024-12-26,16,60.4
2024-12-27,16,61.6
2024-12-28,16,80.7
2024-12-29,16,29.0
2024-12-30,16,68.1
2024-12-31,16,55.3
2025-01-01,16,49.6
2025-01-02,16,42.1
2025-01-03,16,80.2
2025-01-04,16,61.8
2025-01-05,16,61.9
2025-01-06,16,60.5
2025-01-07,16,50.4
2025-01-08,16,69.7
2025-01-09,16,72.6
2025-01-10,16,76.6
2025-01-11,16,62.0
2025-01-12,16,73.0
2025-01-13,16,47.1
2025-01-14,16,50.3
2025-01-15,16,53.1
2025-01-16,16,78.8
2025-01-17,16,66.0
2025-01-18,16,59.2
2025-01-19,16,55.1
2025-01-20,16,61.8
2025-01-21,16,52.2
2025-01-22,16,68.8
2025-01-23,16,52.9
2025-01-24,16,63.7
2025-01-25,16,61.3
2025-01-26,16,57.0
2025-01-27,16,68.7
2025-01-28,16,71.7
2025-01-29,16,60.1
2025-01-30,16,64.2
2025-01-31,16,72.1
2025-02-01,16,76.0
2025-02-02,16,58.6
2025-02-03,16,69.9
