date,customer_id,demand
2024-01-01,1,48.7
2024-01-02,1,37.8
2024-01-03,1,41.8
2024-01-04,1,47.5
2024-01-05,1,48.4
2024-01-06,1,47.6
2024-01-07,1,36.9
2024-01-08,1,32.1
2024-01-09,1,41.0
2024-01-10,1,33.9
2024-01-11,1,47.3
2024-01-12,1,49.4
2024-01-13,1,39.3
2024-01-14,1,42.2
2024-01-15,1,46.1
2024-01-16,1,41.2
2024-01-17,1,36.1
2024-01-18,1,41.8
2024-01-19,1,51.0
2024-01-20,1,53.4
2024-01-21,1,46.3
2024-01-22,1,33.8
2024-01-23,1,38.5
2024-01-24,1,47.3
2024-01-25,1,29.4
2024-01-26,1,55.3
2024-01-27,1,41.2
2024-01-28,1,39.9
2024-01-29,1,54.5
2024-01-30,1,42.8
2024-01-31,1,43.5
2024-02-01,1,44.9
2024-02-02,1,48.4
2024-02-03,1,43.4
2024-02-04,1,46.2
2024-02-05,1,60.4
2024-02-06,1,50.6
2024-02-07,1,45.6
2024-02-08,1,44.0
2024-02-09,1,60.2
2024-02-10,1,58.9
2024-02-11,1,38.6
2024-02-12,1,47.6
2024-02-13,1,46.0
2024-02-14,1,58.5
2024-02-15,1,43.3
2024-02-16,1,63.6
2024-02-17,1,41.4
2024-02-18,1,48.4
2024-02-19,1,38.7
2024-02-20,1,38.3
2024-02-21,1,52.6
2024-02-22,1,36.8
2024-02-23,1,51.2
2024-02-24,1,45.3
2024-02-25,1,48.3
2024-02-26,1,47.8
2024-02-27,1,29.1
2024-02-28,1,49.8
2024-02-29,1,42.0
2024-03-01,1,68.3
2024-03-02,1,60.1
2024-03-03,1,55.0
2024-03-04,1,27.3
2024-03-05,1,60.8
2024-03-06,1,48.1
2024-03-07,1,35.9
2024-03-08,1,57.1
2024-03-09,1,68.9
2024-03-10,1,33.7
2024-03-11,1,53.4
2024-03-12,1,42.5
2024-03-13,1,41.7
2024-03-14,1,44.6
2024-03-15,1,47.5
2024-03-16,1,58.3
2024-03-17,1,48.8
2024-03-18,1,55.4
2024-03-19,1,59.9
2024-03-20,1,44.6
2024-03-21,1,57.0
2024-03-22,1,42.5
2024-03-23,1,60.5
2024-03-24,1,37.8
2024-03-25,1,41.2
2024-03-26,1,53.6
2024-03-27,1,40.7
2024-03-28,1,51.9
2024-03-29,1,41.5
2024-03-30,1,47.8
2024-03-31,1,52.7
2024-04-01,1,61.2
2024-04-02,1,37.0
2024-04-03,1,58.8
2024-04-04,1,46.3
2024-04-05,1,73.5
2024-04-06,1,50.0
2024-04-07,1,42.1
2024-04-08,1,51.6
2024-04-09,1,36.2
2024-04-10,1,48.3
2024-04-11,1,49.6
2024-04-12,1,65.5
2024-04-13,1,58.6
2024-04-14,1,35.7
2024-04-15,1,35.8
2024-04-16,1,38.2
2024-04-17,1,30.6
2024-04-18,1,30.9
2024-04-19,1,70.5
2024-04-20,1,48.1
2024-04-21,1,58.0
2024-04-22,1,41.2
2024-04-23,1,41.8
2024-04-24,1,33.0
2024-04-25,1,56.7
2024-04-26,1,52.6
2024-04-27,1,70.3
2024-04-28,1,42.2
2024-04-29,1,57.5
2024-04-30,1,56.7
2024-05-01,1,34.0
2024-05-02,1,50.9
2024-05-03,1,45.1
2024-05-04,1,43.4
2024-05-05,1,47.4
2024-05-06,1,54.8
2024-05-07,1,55.3
2024-05-08,1,41.1
2024-05-09,1,52.8
2024-05-10,1,56.1
2024-05-11,1,49.2
2024-05-12,1,38.3
2024-05-13,1,45.3
2024-05-14,1,69.6
2024-05-15,1,36.9
2024-05-16,1,43.0
2024-05-17,1,44.0
2024-05-18,1,66.8
2024-05-19,1,63.4
2024-05-20,1,55.8
2024-05-21,1,57.4
2024-05-22,1,41.5
2024-05-23,1,57.6
2024-05-24,1,41.0
2024-05-25,1,61.7
2024-05-26,1,54.3
2024-05-27,1,38.4
2024-05-28,1,52.1
2024-05-29,1,35.1
2024-05-30,1,32.3
2024-05-31,1,36.6
2024-06-01,1,37.1
2024-06-02,1,33.0
2024-06-03,1,41.0
2024-06-04,1,58.7
2024-06-05,1,41.3
2024-06-06,1,36.5
2024-06-07,1,51.5
2024-06-08,1,43.4
2024-06-09,1,40.8
2024-06-10,1,43.3
2024-06-11,1,47.1
2024-06-12,1,35.5
2024-06-13,1,40.1
2024-06-14,1,54.6
2024-06-15,1,44.6
2024-06-16,1,39.0
2024-06-17,1,43.0
2024-06-18,1,42.6
2024-06-19,1,37.6
2024-06-20,1,45.0
2024-06-21,1,45.4
2024-06-22,1,34.7
2024-06-23,1,42.5
2024-06-24,1,34.7
2024-06-25,1,64.0
2024-06-26,1,40.9
2024-06-27,1,37.3
2024-06-28,1,51.6
2024-06-29,1,58.2
2024-06-30,1,50.2
2024-07-01,1,40.8
2024-07-02,1,47.2
2024-07-03,1,44.7
2024-07-04,1,41.5
2024-07-05,1,32.9
2024-07-06,1,42.9
2024-07-07,1,20.0
2024-07-08,1,32.4
2024-07-09,1,49.2
2024-07-10,1,38.2
2024-07-11,1,36.9
2024-07-12,1,37.5
2024-07-13,1,35.0
2024-07-14,1,32.7
2024-07-15,1,28.2
2024-07-16,1,21.7
2024-07-17,1,43.5
2024-07-18,1,47.4
2024-07-19,1,37.6
2024-07-20,1,50.0
2024-07-21,1,28.8
2024-07-22,1,40.2
2024-07-23,1,25.6
2024-07-24,1,42.2
2024-07-25,1,34.7
2024-07-26,1,30.5
2024-07-27,1,44.5
2024-07-28,1,46.3
2024-07-29,1,36.5
2024-07-30,1,34.1
2024-07-31,1,35.6
2024-08-01,1,36.0
2024-08-02,1,49.1
2024-08-03,1,50.7
2024-08-04,1,22.0
2024-08-05,1,41.9
2024-08-06,1,33.4
2024-08-07,1,41.5
2024-08-08,1,36.0
2024-08-09,1,47.0
2024-08-10,1,36.2
2024-08-11,1,24.6
2024-08-12,1,35.3
2024-08-13,1,41.0
2024-08-14,1,41.0
2024-08-15,1,42.2
2024-08-16,1,39.4
2024-08-17,1,43.7
2024-08-18,1,28.0
2024-08-19,1,32.2
2024-08-20,1,23.9
2024-08-21,1,34.2
2024-08-22,1,30.8
2024-08-23,1,37.1
2024-08-24,1,42.3
2024-08-25,1,33.0
2024-08-26,1,15.4
2024-08-27,1,40.6
2024-08-28,1,32.8
2024-08-29,1,37.4
2024-08-30,1,30.8
2024-08-31,1,41.9
2024-09-01,1,43.9
2024-09-02,1,21.9
2024-09-03,1,39.3
2024-09-04,1,28.5
2024-09-05,1,29.9
2024-09-06,1,36.4
2024-09-07,1,51.4
2024-09-08,1,21.6
2024-09-09,1,30.4
2024-09-10,1,32.1
2024-09-11,1,36.2
2024-09-12,1,32.8
2024-09-13,1,39.8
2024-09-14,1,30.1
2024-09-15,1,36.6
2024-09-16,1,36.7
2024-09-17,1,26.1
2024-09-18,1,28.1
2024-09-19,1,35.9
2024-09-20,1,39.6
2024-09-21,1,41.3
2024-09-22,1,26.1
2024-09-23,1,30.6
2024-09-24,1,29.9
2024-09-25,1,40.5
2024-09-26,1,32.2
2024-09-27,1,33.1
2024-09-28,1,31.1
2024-09-29,1,32.1
2024-09-30,1,42.4
2024-10-01,1,24.4
2024-10-02,1,33.8
2024-10-03,1,35.1
2024-10-04,1,49.0
2024-10-05,1,44.2
2024-10-06,1,41.2
2024-10-07,1,32.8
2024-10-08,1,23.6
2024-10-09,1,24.8
2024-10-10,1,28.1
2024-10-11,1,36.8
2024-10-12,1,34.7
2024-10-13,1,30.4
2024-10-14,1,43.7
2024-10-15,1,18.4
2024-10-16,1,26.9
2024-10-17,1,47.4
2024-10-18,1,40.7
2024-10-19,1,35.3
2024-10-20,1,24.6
2024-10-21,1,36.8
2024-10-22,1,37.7
2024-10-23,1,37.5
2024-10-24,1,25.4
2024-10-25,1,37.5
2024-10-26,1,38.2
2024-10-27,1,39.2
2024-10-28,1,22.9
2024-10-29,1,38.4
2024-10-30,1,43.5
2024-10-31,1,25.4
2024-11-01,1,44.2
2024-11-02,1,51.8
2024-11-03,1,41.3
2024-11-04,1,35.3
2024-11-05,1,37.8
2024-11-06,1,32.1
2024-11-07,1,37.3
2024-11-08,1,34.7
2024-11-09,1,41.4
2024-11-10,1,30.2
2024-11-11,1,25.4
2024-11-12,1,44.9
2024-11-13,1,23.2
2024-11-14,1,48.0
2024-11-15,1,24.1
2024-11-16,1,48.6
2024-11-17,1,37.0
2024-11-18,1,26.5
2024-11-19,1,34.9
2024-11-20,1,30.7
2024-11-21,1,31.6
2024-11-22,1,46.8
2024-11-23,1,33.4
2024-11-24,1,23.2
2024-11-25,1,44.3
2024-11-26,1,41.6
2024-11-27,1,39.0
2024-11-28,1,34.6
2024-11-29,1,48.2
2024-11-30,1,46.1
2024-12-01,1,35.8
2024-12-02,1,32.8
2024-12-03,1,46.6
2024-12-04,1,51.4
2024-12-05,1,42.6
2024-12-06,1,64.1
2024-12-07,1,46.3
2024-12-08,1,40.4
2024-12-09,1,49.6
2024-12-10,1,42.9
2024-12-11,1,39.1
2024-12-12,1,37.2
2024-12-13,1,52.9
2024-12-14,1,30.2
2024-12-15,1,37.1
2024-12-16,1,32.9
2024-12-17,1,24.9
2024-12-18,1,48.3
2024-12-19,1,39.4
2024-12-20,1,40.9
2024-12-21,1,50.8
2024-12-22,1,31.6
2024-12-23,1,47.7
2024-12-24,1,51.7
2024-12-25,1,30.7
2024-12-26,1,50.6
2024-12-27,1,51.0
2024-12-28,1,61.4
2024-12-29,1,42.9
2024-12-30,1,35.7
2024-12-31,1,32.3
2025-01-01,1,34.4
2025-01-02,1,38.7
2025-01-03,1,60.9
2025-01-04,1,58.5
2025-01-05,1,47.1
2025-01-06,1,58.5
2025-01-07,1,30.3
2025-01-08,1,36.0
2025-01-09,1,35.3
2025-01-10,1,56.2
2025-01-11,1,35.1
2025-01-12,1,37.6
2025-01-13,1,60.3
2025-01-14,1,53.7
2025-01-15,1,60.0
2025-01-16,1,42.5
2025-01-17,1,40.4
2025-01-18,1,53.6
2025-01-19,1,36.9
2025-01-20,1,44.9
2025-01-21,1,46.9
2025-01-22,1,52.0
2025-01-23,1,60.2
2025-01-24,1,64.5
2025-01-25,1,60.1
2025-01-26,1,45.9
2025-01-27,1,52.3
2025-01-28,1,45.1
2025-01-29,1,40.8
2025-01-30,1,34.9
2025-01-31,1,52.3
2025-02-01,1,61.4
2025-02-02,1,55.6
2025-02-03,1,47.0
2025-02-04,1,53.4
2025-02-05,1,44.3
2025-02-06,1,65.3
2025-02-07,1,59.2
2025-02-08,1,54.6
2025-02-09,1,56.6
2025-02-10,1,48.6
2025-02-11,1,54.6
2025-02-12,1,60.5
2025-02-13,1,41.7
2025-02-14,1,54.5
2025-02-15,1,51.3
2025-02-16,1,49.2
2025-02-17,1,69.7
2025-02-18,1,59.4
2025-02-19,1,64.7
2025-02-20,1,28.9
2025-02-21,1,67.1
2025-02-22,1,63.7
2025-02-23,1,60.3
2025-02-24,1,52.8
2025-02-25,1,45.8
2025-02-26,1,58.6
2025-02-27,1,48.4
2025-02-28,1,59.8
2025-03-01,1,53.9
2025-03-02,1,52.2
2025-03-03,1,62.1
2025-03-04,1,56.7
2025-03-05,1,52.5
2025-03-06,1,51.8
2025-03-07,1,59.7
2025-03-08,1,71.0
2025-03-09,1,46.0
2025-03-10,1,51.4
2025-03-11,1,53.3
2025-03-12,1,50.7
2025-03-13,1,56.5
2025-03-14,1,78.6
2025-03-15,1,62.5
2025-03-16,1,67.0
2025-03-17,1,62.2
2025-03-18,1,56.5
2025-03-19,1,62.5
2025-03-20,1,67.9
2025-03-21,1,49.9
2025-03-22,1,72.0
2025-03-23,1,66.3
2025-03-24,1,49.1
2025-03-25,1,69.0
2025-03-26,1,59.9
2025-03-27,1,47.9
2025-03-28,1,71.0
2025-03-29,1,50.1
2025-03-30,1,42.9
2025-03-31,1,39.4
2025-04-01,1,58.7
2025-04-02,1,50.1
2025-04-03,1,48.0
2025-04-04,1,56.7
2025-04-05,1,63.7
2025-04-06,1,50.8
2025-04-07,1,47.3
2025-04-08,1,53.5
2025-04-09,1,45.0
2025-04-10,1,49.9
2025-04-11,1,73.7
2025-04-12,1,69.0
2025-04-13,1,38.5
2025-04-14,1,66.7
2025-04-15,1,45.5
2025-04-16,1,69.2
2025-04-17,1,55.1
2025-04-18,1,73.4
2025-04-19,1,42.6
2025-04-20,1,45.6
2025-04-21,1,48.5
2025-04-22,1,46.3
2025-04-23,1,47.6
2025-04-24,1,51.0
2025-04-25,1,61.4
2025-04-26,1,56.4
2025-04-27,1,51.9
2025-04-28,1,56.8
2025-04-29,1,34.8
2025-04-30,1,49.6
2025-05-01,1,41.7
2025-05-02,1,58.5
2025-05-03,1,64.8
2025-05-04,1,40.9
2025-05-05,1,50.4
2025-05-06,1,63.0
2025-05-07,1,62.2
2025-05-08,1,48.5
2025-05-09,1,68.3
2025-05-10,1,65.3
2025-05-11,1,50.5
2025-05-12,1,46.4
2025-05-13,1,51.9
2025-05-14,1,56.2
2025-05-15,1,46.7
2025-05-16,1,64.7
2025-05-17,1,45.2
2025-05-18,1,38.8
2025-05-19,1,51.9
2025-05-20,1,47.7
2025-05-21,1,46.3
2025-05-22,1,55.0
2025-05-23,1,65.2
2025-05-24,1,60.7
2025-05-25,1,62.1
2025-05-26,1,43.1
2025-05-27,1,45.5
2025-05-28,1,57.6
2025-05-29,1,42.4
2025-05-30,1,65.1
2025-05-31,1,41.0
2025-06-01,1,38.8
2025-06-02,1,48.8
2025-06-03,1,46.5
2025-06-04,1,61.6
2025-06-05,1,40.4
2025-06-06,1,57.0
2025-06-07,1,57.3
2025-06-08,1,48.7
2025-06-09,1,56.8
2025-06-10,1,45.4
2025-06-11,1,43.6
2025-06-12,1,40.6
2025-06-13,1,65.6
2025-06-14,1,57.4
2025-06-15,1,48.4
2025-06-16,1,48.9
2025-06-17,1,37.9
2025-06-18,1,48.8
2025-06-19,1,50.2
2025-06-20,1,65.4
2025-06-21,1,59.8
2025-06-22,1,37.5
2025-06-23,1,43.0
2025-06-24,1,59.2
2025-06-25,1,36.0
2025-06-26,1,34.7
2025-06-27,1,54.6
2025-06-28,1,64.5
2025-06-29,1,45.6
2025-06-30,1,35.6
2025-07-01,1,62.1
2025-07-02,1,39.7
2025-07-03,1,51.9
2025-07-04,1,66.1
2025-07-05,1,50.9
2025-07-06,1,47.8
2025-07-07,1,59.5
2025-07-08,1,33.8
2025-07-09,1,49.6
2025-07-10,1,50.5
2025-07-11,1,59.3
2025-07-12,1,45.8
2025-07-13,1,46.0
2025-07-14,1,38.6
2025-07-15,1,38.4
2025-07-16,1,35.5
2025-07-17,1,44.7
2025-07-18,1,52.0
2025-07-19,1,60.4
2025-07-20,1,23.6
2025-07-21,1,34.4
2025-07-22,1,44.2
2025-07-23,1,54.1
2025-07-24,1,34.9
2025-07-25,1,31.6
2025-07-26,1,43.4
2025-07-27,1,40.1
2025-07-28,1,47.2
2025-07-29,1,45.4
2025-07-30,1,47.2
2025-07-31,1,42.4
2025-08-01,1,61.0
2025-08-02,1,41.3
2025-08-03,1,37.0
2025-08-04,1,43.7
2025-08-05,1,36.0
2025-08-06,1,37.6
2025-08-07,1,46.0
2025-08-08,1,42.1
2025-08-09,1,42.7
2025-08-10,1,38.0
2025-08-11,1,54.7
2025-08-12,1,48.4
2025-08-13,1,33.2
2025-08-14,1,44.7
2025-08-15,1,38.9
2025-08-16,1,45.1
2025-08-17,1,27.0
2025-08-18,1,44.3
2025-08-19,1,37.6
2025-08-20,1,30.0
2025-08-21,1,42.1
2025-08-22,1,49.2
2025-08-23,1,47.0
2025-08-24,1,38.6
2025-08-25,1,31.4
2025-08-26,1,43.4
2025-08-27,1,23.7
2025-08-28,1,36.3
2025-08-29,1,61.2
2025-08-30,1,34.3
2025-08-31,1,26.2
2025-09-01,1,32.4
2025-09-02,1,38.9
2025-09-03,1,38.0
2025-09-04,1,43.0
2025-09-05,1,44.2
2025-09-06,1,34.2
2025-09-07,1,43.7
2025-09-08,1,35.0
2025-09-09,1,41.9
2025-09-10,1,46.6
2025-09-11,1,42.7
2025-09-12,1,52.1
2025-09-13,1,34.5
2025-09-14,1,34.4
2025-09-15,1,38.3
2025-09-16,1,31.2
2025-09-17,1,45.8
2025-09-18,1,44.7
2025-09-19,1,48.3
2025-09-20,1,45.9
2025-09-21,1,33.9
2025-09-22,1,32.0
2025-09-23,1,36.7
2025-09-24,1,34.5
2025-09-25,1,37.2
2025-09-26,1,41.5
2025-09-27,1,45.2
2025-09-28,1,28.3
2025-09-29,1,32.2
2025-09-30,1,40.2
2025-10-01,1,45.3
2025-10-02,1,25.2
2025-10-03,1,47.4
2025-10-04,1,52.2
2025-10-05,1,36.6
2025-10-06,1,37.9
2025-10-07,1,35.2
2025-10-08,1,38.6
2025-10-09,1,33.6
2025-10-10,1,32.6
2025-10-11,1,54.4
2025-10-12,1,43.2
2025-10-13,1,32.9
2025-10-14,1,48.9
2025-10-15,1,35.0
2025-10-16,1,42.0
2025-10-17,1,31.7
2025-10-18,1,39.2
2025-10-19,1,45.0
2025-10-20,1,50.2
2025-10-21,1,49.8
2025-10-22,1,45.1
2025-10-23,1,51.8
2025-10-24,1,37.9
2025-10-25,1,33.7
2025-10-26,1,22.1
2025-10-27,1,38.7
2025-10-28,1,35.9
2025-10-29,1,50.1
2025-10-30,1,37.4
2025-10-31,1,52.3
2025-11-01,1,34.4
2025-11-02,1,51.9
2025-11-03,1,38.2
2025-11-04,1,46.9
2025-11-05,1,47.5
2025-11-06,1,34.7
2025-11-07,1,57.5
2025-11-08,1,42.4
2025-11-09,1,47.2
2025-11-10,1,44.8
2025-11-11,1,44.5
2025-11-12,1,41.8
2025-11-13,1,39.7
2025-11-14,1,47.8
2025-11-15,1,27.7
2025-11-16,1,47.0
2025-11-17,1,43.3
2025-11-18,1,45.8
2025-11-19,1,35.0
2025-11-20,1,43.5
2025-11-21,1,44.6
2025-11-22,1,61.2
2025-11-23,1,33.0
2025-11-24,1,49.1
2025-11-25,1,35.8
2025-11-26,1,43.7
2025-11-27,1,38.5
2025-11-28,1,40.4
2025-11-29,1,31.1
2025-11-30,1,49.1
2025-12-01,1,31.2
2025-12-02,1,39.2
2025-12-03,1,51.4
2025-12-04,1,52.8
2025-12-05,1,55.1
2025-12-06,1,35.2
2025-12-07,1,41.9
2025-12-08,1,43.8
2025-12-09,1,37.4
2025-12-10,1,57.4
2025-12-11,1,46.4
2025-12-12,1,56.3
2025-12-13,1,48.6
2025-12-14,1,35.3
2025-12-15,1,37.9
2025-12-16,1,36.7
2025-12-17,1,55.1
2025-12-18,1,48.5
2025-12-19,1,56.8
2025-12-20,1,55.2
2025-12-21,1,49.7
2025-12-22,1,63.3
2025-12-23,1,50.5
2025-12-24,1,47.4
2025-12-25,1,48.5
2025-12-26,1,71.9
2025-12-27,1,39.2
2025-12-28,1,60.9
2025-12-29,1,43.5
2025-12-30,1,51.2
2024-01-01,2,39.3
2024-01-02,2,41.6
2024-01-03,2,39.7
2024-01-04,2,14.9
2024-01-05,2,38.2
2024-01-06,2,40.9
2024-01-07,2,31.8
2024-01-08,2,27.8
2024-01-09,2,45.1
2024-01-10,2,33.7
2024-01-11,2,42.7
2024-01-12,2,58.6
2024-01-13,2,38.7
2024-01-14,2,40.2
2024-01-15,2,50.6
2024-01-16,2,40.0
2024-01-17,2,39.7
2024-01-18,2,26.3
2024-01-19,2,60.3
2024-01-20,2,46.4
2024-01-21,2,32.2
2024-01-22,2,48.9
2024-01-23,2,39.1
2024-01-24,2,42.5
2024-01-25,2,38.0
2024-01-26,2,56.0
2024-01-27,2,54.9
2024-01-28,2,39.5
2024-01-29,2,43.3
2024-01-30,2,55.2
2024-01-31,2,44.6
2024-02-01,2,39.9
2024-02-02,2,62.7
2024-02-03,2,44.3
2024-02-04,2,44.2
2024-02-05,2,33.8
2024-02-06,2,36.8
2024-02-07,2,39.3
2024-02-08,2,47.9
2024-02-09,2,60.4
2024-02-10,2,46.9
2024-02-11,2,50.3
2024-02-12,2,43.5
2024-02-13,2,50.1
2024-02-14,2,38.0
2024-02-15,2,46.6
2024-02-16,2,49.4
2024-02-17,2,52.6
2024-02-18,2,64.6
2024-02-19,2,46.8
2024-02-20,2,56.1
2024-02-21,2,53.5
2024-02-22,2,33.0
2024-02-23,2,55.9
2024-02-24,2,61.9
2024-02-25,2,32.7
2024-02-26,2,38.8
2024-02-27,2,73.2
2024-02-28,2,46.0
2024-02-29,2,41.9
2024-03-01,2,52.6
2024-03-02,2,44.3
2024-03-03,2,46.7
2024-03-04,2,47.7
2024-03-05,2,43.1
2024-03-06,2,57.4
2024-03-07,2,60.3
2024-03-08,2,63.1
2024-03-09,2,45.9
2024-03-10,2,41.8
2024-03-11,2,34.9
2024-03-12,2,49.2
2024-03-13,2,42.4
2024-03-14,2,41.7
2024-03-15,2,47.0
2024-03-16,2,55.7
2024-03-17,2,47.5
2024-03-18,2,36.5
2024-03-19,2,58.8
2024-03-20,2,47.9
2024-03-21,2,35.0
2024-03-22,2,61.4
2024-03-23,2,45.3
2024-03-24,2,61.5
2024-03-25,2,57.5
2024-03-26,2,51.1
2024-03-27,2,65.9
2024-03-28,2,39.2
2024-03-29,2,56.6
2024-03-30,2,50.8
2024-03-31,2,39.0
2024-04-01,2,36.2
2024-04-02,2,55.7
2024-04-03,2,44.2
2024-04-04,2,38.3
2024-04-05,2,48.6
2024-04-06,2,83.6
2024-04-07,2,46.9
2024-04-08,2,41.0
2024-04-09,2,44.2
2024-04-10,2,56.7
2024-04-11,2,46.0
2024-04-12,2,51.5
2024-04-13,2,52.8
2024-04-14,2,42.1
2024-04-15,2,44.2
2024-04-16,2,58.0
2024-04-17,2,45.0
2024-04-18,2,46.2
2024-04-19,2,25.6
2024-04-20,2,60.7
2024-04-21,2,56.7
2024-04-22,2,41.1
2024-04-23,2,50.3
2024-04-24,2,37.3
2024-04-25,2,49.1
2024-04-26,2,57.5
2024-04-27,2,31.9
2024-04-28,2,55.0
2024-04-29,2,57.4
2024-04-30,2,44.9
2024-05-01,2,36.9
2024-05-02,2,46.2
2024-05-03,2,51.5
2024-05-04,2,61.8
2024-05-05,2,45.5
2024-05-06,2,44.9
2024-05-07,2,54.4
2024-05-08,2,50.9
2024-05-09,2,46.9
2024-05-10,2,46.0
2024-05-11,2,45.3
2024-05-12,2,40.2
2024-05-13,2,39.2
2024-05-14,2,42.6
2024-05-15,2,55.7
2024-05-16,2,42.6
2024-05-17,2,50.0
2024-05-18,2,33.0
2024-05-19,2,53.9
2024-05-20,2,42.5
2024-05-21,2,50.5
2024-05-22,2,49.8
2024-05-23,2,40.1
2024-05-24,2,56.2
2024-05-25,2,37.8
2024-05-26,2,39.6
2024-05-27,2,57.3
2024-05-28,2,37.5
2024-05-29,2,48.5
2024-05-30,2,45.2
2024-05-31,2,44.6
2024-06-01,2,65.0
2024-06-02,2,43.6
2024-06-03,2,50.6
2024-06-04,2,61.3
2024-06-05,2,32.8
2024-06-06,2,43.7
2024-06-07,2,58.8
2024-06-08,2,49.7
2024-06-09,2,53.4
2024-06-10,2,49.1
2024-06-11,2,45.8
2024-06-12,2,47.9
2024-06-13,2,37.6
2024-06-14,2,36.5
2024-06-15,2,33.6
2024-06-16,2,45.7
2024-06-17,2,35.8
2024-06-18,2,53.8
2024-06-19,2,34.0
2024-06-20,2,29.6
2024-06-21,2,31.6
2024-06-22,2,62.9
2024-06-23,2,43.4
2024-06-24,2,47.9
2024-06-25,2,33.3
2024-06-26,2,54.6
2024-06-27,2,31.2
2024-06-28,2,48.5
2024-06-29,2,44.9
2024-06-30,2,50.7
2024-07-01,2,33.8
2024-07-02,2,39.1
2024-07-03,2,40.1
2024-07-04,2,42.0
2024-07-05,2,49.0
2024-07-06,2,55.1
2024-07-07,2,49.7
2024-07-08,2,39.2
2024-07-09,2,40.8
2024-07-10,2,43.1
2024-07-11,2,44.9
2024-07-12,2,47.1
2024-07-13,2,52.8
2024-07-14,2,44.5
2024-07-15,2,47.8
2024-07-16,2,37.1
2024-07-17,2,43.1
2024-07-18,2,37.3
2024-07-19,2,32.4
2024-07-20,2,41.6
2024-07-21,2,42.8
2024-07-22,2,37.8
2024-07-23,2,33.9
2024-07-24,2,46.3
2024-07-25,2,49.9
2024-07-26,2,53.0
2024-07-27,2,53.3
2024-07-28,2,31.3
2024-07-29,2,44.9
2024-07-30,2,53.2
2024-07-31,2,50.6
2024-08-01,2,41.7
2024-08-02,2,56.8
2024-08-03,2,44.6
2024-08-04,2,38.2
2024-08-05,2,43.3
2024-08-06,2,43.8
2024-08-07,2,35.3
2024-08-08,2,38.7
2024-08-09,2,55.5
2024-08-10,2,42.4
2024-08-11,2,41.2
2024-08-12,2,42.4
2024-08-13,2,47.6
2024-08-14,2,39.5
2024-08-15,2,42.7
2024-08-16,2,56.0
2024-08-17,2,42.3
2024-08-18,2,35.7
2024-08-19,2,30.0
2024-08-20,2,45.0
2024-08-21,2,36.5
2024-08-22,2,35.9
2024-08-23,2,30.9
2024-08-24,2,42.1
2024-08-25,2,32.7
2024-08-26,2,37.6
2024-08-27,2,37.2
2024-08-28,2,39.8
2024-08-29,2,51.0
2024-08-30,2,36.7
2024-08-31,2,45.0
2024-09-01,2,35.3
2024-09-02,2,37.2
2024-09-03,2,40.9
2024-09-04,2,45.6
2024-09-05,2,39.9
2024-09-06,2,47.4
2024-09-07,2,51.0
2024-09-08,2,40.3
2024-09-09,2,36.6
2024-09-10,2,39.7
2024-09-11,2,40.7
2024-09-12,2,28.7
2024-09-13,2,51.5
2024-09-14,2,47.2
2024-09-15,2,44.7
2024-09-16,2,41.3
2024-09-17,2,31.4
2024-09-18,2,35.6
2024-09-19,2,40.1
2024-09-20,2,36.4
2024-09-21,2,55.3
2024-09-22,2,31.6
2024-09-23,2,51.5
2024-09-24,2,41.9
2024-09-25,2,43.9
2024-09-26,2,31.9
2024-09-27,2,43.7
2024-09-28,2,43.0
2024-09-29,2,49.6
2024-09-30,2,54.1
2024-10-01,2,52.7
2024-10-02,2,23.5
2024-10-03,2,40.9
2024-10-04,2,36.5
2024-10-05,2,46.1
2024-10-06,2,37.6
2024-10-07,2,29.0
2024-10-08,2,32.7
2024-10-09,2,45.0
2024-10-10,2,39.4
2024-10-11,2,41.6
2024-10-12,2,47.5
2024-10-13,2,33.4
2024-10-14,2,45.0
2024-10-15,2,38.3
2024-10-16,2,48.4
2024-10-17,2,27.1
2024-10-18,2,49.9
2024-10-19,2,43.8
2024-10-20,2,31.6
2024-10-21,2,33.9
2024-10-22,2,41.5
2024-10-23,2,44.9
2024-10-24,2,38.2
2024-10-25,2,46.1
2024-10-26,2,43.9
2024-10-27,2,38.0
2024-10-28,2,55.1
2024-10-29,2,46.5
2024-10-30,2,52.8
2024-10-31,2,38.8
2024-11-01,2,51.3
2024-11-02,2,47.3
2024-11-03,2,49.2
2024-11-04,2,44.0
2024-11-05,2,53.7
2024-11-06,2,43.2
2024-11-07,2,39.6
2024-11-08,2,40.6
2024-11-09,2,43.7
2024-11-10,2,47.6
2024-11-11,2,38.6
2024-11-12,2,42.9
2024-11-13,2,48.3
2024-11-14,2,51.4
2024-11-15,2,40.1
2024-11-16,2,46.5
2024-11-17,2,33.6
2024-11-18,2,43.9
2024-11-19,2,42.8
2024-11-20,2,43.9
2024-11-21,2,33.8
2024-11-22,2,45.7
2024-11-23,2,35.1
2024-11-24,2,47.7
2024-11-25,2,39.4
2024-11-26,2,38.2
2024-11-27,2,45.6
2024-11-28,2,48.2
2024-11-29,2,45.5
2024-11-30,2,50.0
2024-12-01,2,45.6
2024-12-02,2,41.1
2024-12-03,2,36.6
2024-12-04,2,38.6
2024-12-05,2,49.3
2024-12-06,2,52.1
2024-12-07,2,40.3
2024-12-08,2,40.1
2024-12-09,2,48.7
2024-12-10,2,43.9
2024-12-11,2,38.2
2024-12-12,2,35.5
2024-12-13,2,53.2
2024-12-14,2,65.6
2024-12-15,2,43.4
2024-12-16,2,38.0
2024-12-17,2,37.8
2024-12-18,2,52.5
2024-12-19,2,29.4
2024-12-20,2,47.0
2024-12-21,2,50.7
2024-12-22,2,39.7
2024-12-23,2,60.6
2024-12-24,2,46.9
2024-12-25,2,46.3
2024-12-26,2,53.4
2024-12-27,2,51.8
2024-12-28,2,37.0
2024-12-29,2,47.7
2024-12-30,2,41.7
2024-12-31,2,41.5
2025-01-01,2,56.5
2025-01-02,2,39.2
2025-01-03,2,53.7
2025-01-04,2,53.6
2025-01-05,2,49.2
2025-01-06,2,63.5
2025-01-07,2,39.6
2025-01-08,2,46.5
2025-01-09,2,55.5
2025-01-10,2,54.7
2025-01-11,2,47.1
2025-01-12,2,43.3
2025-01-13,2,57.1
2025-01-14,2,37.2
2025-01-15,2,62.2
2025-01-16,2,62.6
2025-01-17,2,55.8
2025-01-18,2,58.9
2025-01-19,2,52.1
2025-01-20,2,45.6
2025-01-21,2,51.6
2025-01-22,2,31.0
2025-01-23,2,34.7
2025-01-24,2,46.9
2025-01-25,2,49.3
2025-01-26,2,53.0
2025-01-27,2,50.3
2025-01-28,2,55.6
2025-01-29,2,49.0
2025-01-30,2,49.2
2025-01-31,2,61.6
2025-02-01,2,48.7
2025-02-02,2,41.8
2025-02-03,2,43.8
2025-02-04,2,37.4
2025-02-05,2,45.1
2025-02-06,2,47.4
2025-02-07,2,47.2
2025-02-08,2,48.7
2025-02-09,2,45.0
2025-02-10,2,59.5
2025-02-11,2,61.5
2025-02-12,2,43.1
2025-02-13,2,59.5
2025-02-14,2,57.7
2025-02-15,2,47.2
2025-02-16,2,47.8
2025-02-17,2,44.1
2025-02-18,2,43.9
2025-02-19,2,38.5
2025-02-20,2,51.7
2025-02-21,2,42.3
2025-02-22,2,51.7
2025-02-23,2,55.4
2025-02-24,2,65.9
2025-02-25,2,49.7
2025-02-26,2,51.5
2025-02-27,2,56.9
2025-02-28,2,56.7
2025-03-01,2,71.5
2025-03-02,2,30.6
2025-03-03,2,53.9
2025-03-04,2,42.6
2025-03-05,2,51.6
2025-03-06,2,61.8
2025-03-07,2,58.5
2025-03-08,2,53.8
2025-03-09,2,51.2
2025-03-10,2,46.5
2025-03-11,2,51.3
2025-03-12,2,47.9
2025-03-13,2,44.4
2025-03-14,2,44.1
2025-03-15,2,64.1
2025-03-16,2,47.6
2025-03-17,2,38.8
2025-03-18,2,39.8
2025-03-19,2,51.0
2025-03-20,2,42.8
2025-03-21,2,59.7
2025-03-22,2,69.2
2025-03-23,2,79.1
2025-03-24,2,54.0
2025-03-25,2,65.0
2025-03-26,2,36.8
2025-03-27,2,45.4
2025-03-28,2,60.2
2025-03-29,2,63.3
2025-03-30,2,37.2
2025-03-31,2,59.8
2025-04-01,2,55.9
2025-04-02,2,54.4
2025-04-03,2,55.5
2025-04-04,2,53.6
2025-04-05,2,69.5
2025-04-06,2,53.2
2025-04-07,2,48.0
2025-04-08,2,56.2
2025-04-09,2,42.2
2025-04-10,2,47.9
2025-04-11,2,54.1
2025-04-12,2,60.8
2025-04-13,2,48.3
2025-04-14,2,52.7
2025-04-15,2,38.9
2025-04-16,2,40.3
2025-04-17,2,55.3
2025-04-18,2,58.4
2025-04-19,2,51.0
2025-04-20,2,53.4
2025-04-21,2,53.8
2025-04-22,2,59.9
2025-04-23,2,55.7
2025-04-24,2,44.7
2025-04-25,2,59.9
2025-04-26,2,69.5
2025-04-27,2,56.5
2025-04-28,2,45.6
2025-04-29,2,61.0
2025-04-30,2,44.7
2025-05-01,2,49.1
2025-05-02,2,40.1
2025-05-03,2,59.3
2025-05-04,2,54.2
2025-05-05,2,49.1
2025-05-06,2,51.2
2025-05-07,2,44.7
2025-05-08,2,55.6
2025-05-09,2,53.0
2025-05-10,2,64.3
2025-05-11,2,54.8
2025-05-12,2,51.4
2025-05-13,2,53.9
2025-05-14,2,53.6
2025-05-15,2,49.4
2025-05-16,2,43.3
2025-05-17,2,74.4
2025-05-18,2,70.7
2025-05-19,2,53.6
2025-05-20,2,44.5
2025-05-21,2,53.1
2025-05-22,2,39.7
2025-05-23,2,64.5
2025-05-24,2,75.4
2025-05-25,2,55.7
2025-05-26,2,55.5
2025-05-27,2,34.7
2025-05-28,2,48.0
2025-05-29,2,40.2
2025-05-30,2,75.0
2025-05-31,2,57.5
2025-06-01,2,47.8
2025-06-02,2,55.4
2025-06-03,2,59.3
2025-06-04,2,56.5
2025-06-05,2,45.0
2025-06-06,2,61.6
2025-06-07,2,63.7
2025-06-08,2,47.9
2025-06-09,2,56.5
2025-06-10,2,44.6
2025-06-11,2,55.3
2025-06-12,2,60.6
2025-06-13,2,62.1
2025-06-14,2,49.8
2025-06-15,2,54.5
2025-06-16,2,57.9
2025-06-17,2,56.2
2025-06-18,2,42.6
2025-06-19,2,50.0
2025-06-20,2,58.3
2025-06-21,2,87.4
2025-06-22,2,56.3
2025-06-23,2,48.5
2025-06-24,2,60.4
2025-06-25,2,48.7
2025-06-26,2,49.9
2025-06-27,2,73.1
2025-06-28,2,69.5
2025-06-29,2,52.6
2025-06-30,2,43.5
2025-07-01,2,25.4
2025-07-02,2,50.7
2025-07-03,2,41.7
2025-07-04,2,67.4
2025-07-05,2,66.8
2025-07-06,2,38.4
2025-07-07,2,38.6
2025-07-08,2,45.5
2025-07-09,2,49.8
2025-07-10,2,56.0
2025-07-11,2,43.6
2025-07-12,2,36.2
2025-07-13,2,45.7
2025-07-14,2,43.7
2025-07-15,2,46.5
2025-07-16,2,58.9
2025-07-17,2,42.6
2025-07-18,2,63.8
2025-07-19,2,52.3
2025-07-20,2,50.5
2025-07-21,2,53.8
2025-07-22,2,45.7
2025-07-23,2,33.7
2025-07-24,2,38.6
2025-07-25,2,51.2
2025-07-26,2,39.4
2025-07-27,2,35.5
2025-07-28,2,41.8
2025-07-29,2,37.5
2025-07-30,2,51.5
2025-07-31,2,51.8
2025-08-01,2,28.8
2025-08-02,2,57.8
2025-08-03,2,39.5
2025-08-04,2,44.1
2025-08-05,2,56.4
2025-08-06,2,46.7
2025-08-07,2,43.4
2025-08-08,2,44.8
2025-08-09,2,53.5
2025-08-10,2,50.1
2025-08-11,2,51.6
2025-08-12,2,41.8
2025-08-13,2,60.7
2025-08-14,2,44.6
2025-08-15,2,68.6
2025-08-16,2,52.8
2025-08-17,2,58.9
2025-08-18,2,58.7
2025-08-19,2,39.3
2025-08-20,2,43.9
2025-08-21,2,44.1
2025-08-22,2,59.2
2025-08-23,2,43.9
2025-08-24,2,36.2
2025-08-25,2,69.4
2025-08-26,2,51.4
2025-08-27,2,54.9
2025-08-28,2,47.6
2025-08-29,2,55.6
2025-08-30,2,59.4
2025-08-31,2,48.6
2025-09-01,2,43.8
2025-09-02,2,43.1
2025-09-03,2,56.7
2025-09-04,2,40.2
2025-09-05,2,58.1
2025-09-06,2,52.8
2025-09-07,2,44.1
2025-09-08,2,52.0
2025-09-09,2,41.7
2025-09-10,2,28.8
2025-09-11,2,51.9
2025-09-12,2,53.4
2025-09-13,2,55.4
2025-09-14,2,53.4
2025-09-15,2,44.3
2025-09-16,2,55.6
2025-09-17,2,43.0
2025-09-18,2,62.1
2025-09-19,2,40.4
2025-09-20,2,51.0
2025-09-21,2,42.2
2025-09-22,2,34.4
2025-09-23,2,36.6
2025-09-24,2,43.8
2025-09-25,2,30.5
2025-09-26,2,50.2
2025-09-27,2,57.3
2025-09-28,2,34.7
2025-09-29,2,37.7
2025-09-30,2,32.3
2025-10-01,2,40.0
2025-10-02,2,41.8
2025-10-03,2,42.8
2025-10-04,2,43.5
2025-10-05,2,44.5
2025-10-06,2,46.6
2025-10-07,2,34.2
2025-10-08,2,39.6
2025-10-09,2,38.2
2025-10-10,2,35.6
2025-10-11,2,50.2
2025-10-12,2,47.4
2025-10-13,2,45.1
2025-10-14,2,36.9
2025-10-15,2,52.7
2025-10-16,2,50.2
2025-10-17,2,44.3
2025-10-18,2,48.1
2025-10-19,2,51.0
2025-10-20,2,40.4
2025-10-21,2,53.3
2025-10-22,2,56.6
2025-10-23,2,44.4
2025-10-24,2,51.8
2025-10-25,2,52.0
2025-10-26,2,54.9
2025-10-27,2,52.5
2025-10-28,2,37.0
2025-10-29,2,34.1
2025-10-30,2,40.2
2025-10-31,2,48.6
2025-11-01,2,42.9
2025-11-02,2,52.4
2025-11-03,2,46.1
2025-11-04,2,52.9
2025-11-05,2,53.6
2025-11-06,2,38.5
2025-11-07,2,71.9
2025-11-08,2,68.3
2025-11-09,2,44.3
2025-11-10,2,39.1
2025-11-11,2,39.3
2025-11-12,2,51.1
2025-11-13,2,41.5
2025-11-14,2,56.6
2025-11-15,2,71.1
2025-11-16,2,45.7
2025-11-17,2,44.2
2025-11-18,2,50.5
2025-11-19,2,49.7
2025-11-20,2,38.3
2025-11-21,2,36.7
2025-11-22,2,52.1
2025-11-23,2,43.6
2025-11-24,2,43.3
2025-11-25,2,47.6
2025-11-26,2,51.1
2025-11-27,2,40.4
2025-11-28,2,62.4
2025-11-29,2,46.7
2025-11-30,2,46.6
2025-12-01,2,49.7
2025-12-02,2,54.3
2025-12-03,2,58.9
2025-12-04,2,51.8
2025-12-05,2,55.3
2025-12-06,2,60.1
2025-12-07,2,52.1
2025-12-08,2,42.5
2025-12-09,2,48.8
2025-12-10,2,46.6
2025-12-11,2,51.6
2025-12-12,2,39.8
2025-12-13,2,42.1
2025-12-14,2,30.2
2025-12-15,2,56.8
2025-12-16,2,46.2
2025-12-17,2,50.4
2025-12-18,2,32.8
2025-12-19,2,63.3
2025-12-20,2,60.2
2025-12-21,2,62.5
2025-12-22,2,64.5
2025-12-23,2,54.4
2025-12-24,2,51.9
2025-12-25,2,54.4
2025-12-26,2,57.7
2025-12-27,2,56.5
2025-12-28,2,51.3
2025-12-29,2,53.9
2025-12-30,2,44.6
2024-01-01,3,44.3
2024-01-02,3,63.5
2024-01-03,3,42.8
2024-01-04,3,43.5
2024-01-05,3,60.0
2024-01-06,3,46.1
2024-01-07,3,44.5
2024-01-08,3,35.4
2024-01-09,3,46.7
2024-01-10,3,39.4
2024-01-11,3,30.0
2024-01-12,3,59.2
2024-01-13,3,62.3
2024-01-14,3,45.4
2024-01-15,3,64.4
2024-01-16,3,33.8
2024-01-17,3,35.1
2024-01-18,3,49.8
2024-01-19,3,65.0
2024-01-20,3,54.4
2024-01-21,3,45.1
2024-01-22,3,39.5
2024-01-23,3,64.5
2024-01-24,3,44.6
2024-01-25,3,55.8
2024-01-26,3,59.8
2024-01-27,3,41.7
2024-01-28,3,57.4
2024-01-29,3,43.8
2024-01-30,3,53.5
2024-01-31,3,54.2
2024-02-01,3,48.6
2024-02-02,3,76.3
2024-02-03,3,73.1
2024-02-04,3,49.6
2024-02-05,3,57.0
2024-02-06,3,62.3
2024-02-07,3,67.5
2024-02-08,3,47.9
2024-02-09,3,80.9
2024-02-10,3,49.3
2024-02-11,3,40.0
2024-02-12,3,57.7
2024-02-13,3,42.4
2024-02-14,3,67.2
2024-02-15,3,33.6
2024-02-16,3,58.3
2024-02-17,3,66.1
2024-02-18,3,35.5
2024-02-19,3,61.0
2024-02-20,3,37.7
2024-02-21,3,54.5
2024-02-22,3,55.0
2024-02-23,3,62.5
2024-02-24,3,69.0
2024-02-25,3,60.1
2024-02-26,3,44.2
2024-02-27,3,42.6
2024-02-28,3,53.0
2024-02-29,3,35.9
2024-03-01,3,75.2
2024-03-02,3,57.7
2024-03-03,3,74.9
2024-03-04,3,57.6
2024-03-05,3,45.8
2024-03-06,3,42.4
2024-03-07,3,65.4
2024-03-08,3,24.8
2024-03-09,3,55.5
2024-03-10,3,73.1
2024-03-11,3,52.2
2024-03-12,3,59.4
2024-03-13,3,53.1
2024-03-14,3,58.1
2024-03-15,3,51.9
2024-03-16,3,61.8
2024-03-17,3,65.1
2024-03-18,3,52.5
2024-03-19,3,53.9
2024-03-20,3,65.1
2024-03-21,3,63.0
2024-03-22,3,63.4
2024-03-23,3,52.4
2024-03-24,3,42.6
2024-03-25,3,55.6
2024-03-26,3,53.4
2024-03-27,3,70.3
2024-03-28,3,84.2
2024-03-29,3,79.6
2024-03-30,3,55.3
2024-03-31,3,50.2
2024-04-01,3,38.1
2024-04-02,3,55.9
2024-04-03,3,55.3
2024-04-04,3,62.7
2024-04-05,3,51.5
2024-04-06,3,65.5
2024-04-07,3,53.7
2024-04-08,3,63.2
2024-04-09,3,39.0
2024-04-10,3,66.4
2024-04-11,3,53.6
2024-04-12,3,60.4
2024-04-13,3,47.1
2024-04-14,3,51.3
2024-04-15,3,55.8
2024-04-16,3,50.7
2024-04-17,3,55.4
2024-04-18,3,41.8
2024-04-19,3,61.3
2024-04-20,3,50.7
2024-04-21,3,34.6
2024-04-22,3,39.8
2024-04-23,3,50.5
2024-04-24,3,56.3
2024-04-25,3,53.9
2024-04-26,3,77.3
2024-04-27,3,64.8
2024-04-28,3,52.5
2024-04-29,3,48.3
2024-04-30,3,58.3
2024-05-01,3,51.8
2024-05-02,3,34.7
2024-05-03,3,59.3
2024-05-04,3,60.0
2024-05-05,3,51.3
2024-05-06,3,78.5
2024-05-07,3,59.4
2024-05-08,3,60.4
2024-05-09,3,59.4
2024-05-10,3,55.3
2024-05-11,3,63.3
2024-05-12,3,54.8
2024-05-13,3,55.4
2024-05-14,3,45.8
2024-05-15,3,56.3
2024-05-16,3,48.7
2024-05-17,3,46.5
2024-05-18,3,47.8
2024-05-19,3,47.1
2024-05-20,3,51.2
2024-05-21,3,39.5
2024-05-22,3,37.7
2024-05-23,3,42.2
2024-05-24,3,53.2
2024-05-25,3,75.3
2024-05-26,3,56.4
2024-05-27,3,30.1
2024-05-28,3,45.9
2024-05-29,3,52.6
2024-05-30,3,61.3
2024-05-31,3,58.5
2024-06-01,3,78.7
2024-06-02,3,44.4
2024-06-03,3,70.2
2024-06-04,3,47.3
2024-06-05,3,50.8
2024-06-06,3,54.1
2024-06-07,3,52.4
2024-06-08,3,46.9
2024-06-09,3,55.1
2024-06-10,3,53.1
2024-06-11,3,64.3
2024-06-12,3,59.3
2024-06-13,3,44.8
2024-06-14,3,65.2
2024-06-15,3,49.1
2024-06-16,3,35.1
2024-06-17,3,48.2
2024-06-18,3,44.3
2024-06-19,3,43.8
2024-06-20,3,58.4
2024-06-21,3,56.6
2024-06-22,3,48.0
2024-06-23,3,45.1
2024-06-24,3,52.1
2024-06-25,3,29.8
2024-06-26,3,52.8
2024-06-27,3,51.0
2024-06-28,3,60.5
2024-06-29,3,68.9
2024-06-30,3,60.3
2024-07-01,3,44.8
2024-07-02,3,57.9
2024-07-03,3,50.5
2024-07-04,3,37.8
2024-07-05,3,55.9
2024-07-06,3,54.7
2024-07-07,3,53.6
2024-07-08,3,40.2
2024-07-09,3,40.3
2024-07-10,3,50.8
2024-07-11,3,41.9
2024-07-12,3,49.9
2024-07-13,3,48.7
2024-07-14,3,52.0
2024-07-15,3,49.5
2024-07-16,3,44.2
2024-07-17,3,22.5
2024-07-18,3,53.7
2024-07-19,3,45.2
2024-07-20,3,55.4
2024-07-21,3,43.3
2024-07-22,3,31.5
2024-07-23,3,52.7
2024-07-24,3,42.7
2024-07-25,3,46.2
2024-07-26,3,55.7
2024-07-27,3,78.0
2024-07-28,3,42.9
2024-07-29,3,43.9
2024-07-30,3,41.7
2024-07-31,3,44.2
2024-08-01,3,49.6
2024-08-02,3,51.2
2024-08-03,3,54.7
2024-08-04,3,46.1
2024-08-05,3,44.2
2024-08-06,3,45.1
2024-08-07,3,66.4
2024-08-08,3,39.3
2024-08-09,3,53.7
2024-08-10,3,44.0
2024-08-11,3,52.1
2024-08-12,3,51.8
2024-08-13,3,45.5
2024-08-14,3,37.2
2024-08-15,3,52.5
2024-08-16,3,65.9
2024-08-17,3,37.6
2024-08-18,3,40.4
2024-08-19,3,45.3
2024-08-20,3,45.4
2024-08-21,3,46.0
2024-08-22,3,52.1
2024-08-23,3,49.8
2024-08-24,3,53.4
2024-08-25,3,51.7
2024-08-26,3,44.3
2024-08-27,3,58.9
2024-08-28,3,48.2
2024-08-29,3,55.3
2024-08-30,3,57.7
2024-08-31,3,62.7
2024-09-01,3,46.8
2024-09-02,3,49.0
2024-09-03,3,52.2
2024-09-04,3,43.3
2024-09-05,3,59.1
2024-09-06,3,49.0
2024-09-07,3,67.1
2024-09-08,3,44.6
2024-09-09,3,55.0
2024-09-10,3,52.9
2024-09-11,3,58.9
2024-09-12,3,72.6
2024-09-13,3,78.6
2024-09-14,3,52.2
2024-09-15,3,49.2
2024-09-16,3,42.5
2024-09-17,3,50.6
2024-09-18,3,38.4
2024-09-19,3,52.2
2024-09-20,3,42.2
2024-09-21,3,69.7
2024-09-22,3,44.8
2024-09-23,3,37.9
2024-09-24,3,43.6
2024-09-25,3,48.9
2024-09-26,3,38.4
2024-09-27,3,70.9
2024-09-28,3,58.4
2024-09-29,3,42.8
2024-09-30,3,36.6
2024-10-01,3,48.7
2024-10-02,3,50.9
2024-10-03,3,54.3
2024-10-04,3,53.9
2024-10-05,3,45.9
2024-10-06,3,54.5
2024-10-07,3,45.8
2024-10-08,3,40.0
2024-10-09,3,47.0
2024-10-10,3,45.2
2024-10-11,3,50.1
2024-10-12,3,61.3
2024-10-13,3,25.1
2024-10-14,3,53.8
2024-10-15,3,43.7
2024-10-16,3,43.1
2024-10-17,3,44.2
2024-10-18,3,57.6
2024-10-19,3,42.2
2024-10-20,3,47.7
2024-10-21,3,55.4
2024-10-22,3,54.1
2024-10-23,3,37.9
2024-10-24,3,40.9
2024-10-25,3,40.9
2024-10-26,3,41.0
2024-10-27,3,54.9
2024-10-28,3,56.7
2024-10-29,3,37.0
2024-10-30,3,64.9
2024-10-31,3,59.8
2024-11-01,3,62.0
2024-11-02,3,51.9
2024-11-03,3,43.4
2024-11-04,3,55.8
2024-11-05,3,53.0
2024-11-06,3,35.3
2024-11-07,3,51.1
2024-11-08,3,58.0
2024-11-09,3,70.4
2024-11-10,3,41.2
2024-11-11,3,46.2
2024-11-12,3,47.5
2024-11-13,3,48.2
2024-11-14,3,43.6
2024-11-15,3,71.8
2024-11-16,3,47.6
2024-11-17,3,45.1
2024-11-18,3,40.8
2024-11-19,3,47.9
2024-11-20,3,58.2
2024-11-21,3,52.0
2024-11-22,3,66.4
2024-11-23,3,64.3
2024-11-24,3,49.3
2024-11-25,3,34.4
2024-11-26,3,51.9
2024-11-27,3,50.7
2024-11-28,3,48.7
2024-11-29,3,54.6
2024-11-30,3,56.2
2024-12-01,3,45.0
2024-12-02,3,43.9
2024-12-03,3,45.5
2024-12-04,3,53.6
2024-12-05,3,67.2
2024-12-06,3,67.3
2024-12-07,3,39.0
2024-12-08,3,53.3
2024-12-09,3,56.4
2024-12-10,3,59.2
2024-12-11,3,47.8
2024-12-12,3,38.3
2024-12-13,3,70.6
2024-12-14,3,56.3
2024-12-15,3,70.4
2024-12-16,3,42.0
2024-12-17,3,71.7
2024-12-18,3,42.2
2024-12-19,3,71.7
2024-12-20,3,63.7
2024-12-21,3,72.5
2024-12-22,3,59.3
2024-12-23,3,64.3
2024-12-24,3,58.5
2024-12-25,3,63.1
2024-12-26,3,43.8
2024-12-27,3,62.3
2024-12-28,3,49.5
2024-12-29,3,55.3
2024-12-30,3,57.6
2024-12-31,3,54.5
2025-01-01,3,67.5
2025-01-02,3,64.9
2025-01-03,3,72.1
2025-01-04,3,75.8
2025-01-05,3,71.7
2025-01-06,3,48.4
2025-01-07,3,52.8
2025-01-08,3,57.1
2025-01-09,3,46.6
2025-01-10,3,58.8
2025-01-11,3,47.2
2025-01-12,3,45.3
2025-01-13,3,70.4
2025-01-14,3,54.9
2025-01-15,3,38.0
2025-01-16,3,58.9
2025-01-17,3,61.5
2025-01-18,3,43.3
2025-01-19,3,49.9
2025-01-20,3,54.6
2025-01-21,3,59.8
2025-01-22,3,50.9
2025-01-23,3,69.1
2025-01-24,3,63.8
2025-01-25,3,96.2
2025-01-26,3,68.0
2025-01-27,3,73.5
2025-01-28,3,71.4
2025-01-29,3,45.3
2025-01-30,3,71.6
2025-01-31,3,99.7
2025-02-01,3,88.4
2025-02-02,3,62.3
2025-02-03,3,47.7
2025-02-04,3,70.7
2025-02-05,3,54.1
2025-02-06,3,61.4
2025-02-07,3,80.3
2025-02-08,3,82.1
2025-02-09,3,51.3
2025-02-10,3,69.9
2025-02-11,3,64.9
2025-02-12,3,57.7
2025-02-13,3,57.1
2025-02-14,3,75.3
2025-02-15,3,90.4
2025-02-16,3,55.6
2025-02-17,3,69.3
2025-02-18,3,51.5
2025-02-19,3,54.8
2025-02-20,3,59.6
2025-02-21,3,67.1
2025-02-22,3,68.2
2025-02-23,3,52.1
2025-02-24,3,53.7
2025-02-25,3,56.6
2025-02-26,3,68.1
2025-02-27,3,64.9
2025-02-28,3,80.3
2025-03-01,3,84.3
2025-03-02,3,59.6
2025-03-03,3,53.4
2025-03-04,3,52.6
2025-03-05,3,77.6
2025-03-06,3,70.6
2025-03-07,3,88.7
2025-03-08,3,84.7
2025-03-09,3,59.9
2025-03-10,3,66.0
2025-03-11,3,62.6
2025-03-12,3,87.0
2025-03-13,3,68.9
2025-03-14,3,90.9
2025-03-15,3,71.9
2025-03-16,3,75.6
2025-03-17,3,63.6
2025-03-18,3,54.7
2025-03-19,3,75.0
2025-03-20,3,54.3
2025-03-21,3,67.7
2025-03-22,3,79.9
2025-03-23,3,66.6
2025-03-24,3,57.1
2025-03-25,3,62.5
2025-03-26,3,76.0
2025-03-27,3,54.4
2025-03-28,3,38.3
2025-03-29,3,83.5
2025-03-30,3,56.2
2025-03-31,3,58.0
2025-04-01,3,69.7
2025-04-02,3,57.5
2025-04-03,3,59.4
2025-04-04,3,85.4
2025-04-05,3,79.8
2025-04-06,3,62.0
2025-04-07,3,53.2
2025-04-08,3,52.2
2025-04-09,3,73.3
2025-04-10,3,69.1
2025-04-11,3,58.5
2025-04-12,3,72.5
2025-04-13,3,38.4
2025-04-14,3,68.9
2025-04-15,3,63.9
2025-04-16,3,53.4
2025-04-17,3,74.1
2025-04-18,3,75.1
2025-04-19,3,65.6
2025-04-20,3,57.3
2025-04-21,3,57.2
2025-04-22,3,70.4
2025-04-23,3,68.8
2025-04-24,3,55.1
2025-04-25,3,54.9
2025-04-26,3,66.2
2025-04-27,3,64.7
2025-04-28,3,51.3
2025-04-29,3,51.3
2025-04-30,3,58.3
2025-05-01,3,63.6
2025-05-02,3,76.2
2025-05-03,3,82.9
2025-05-04,3,40.6
2025-05-05,3,70.8
2025-05-06,3,64.5
2025-05-07,3,54.5
2025-05-08,3,69.1
2025-05-09,3,43.5
2025-05-10,3,45.6
2025-05-11,3,82.7
2025-05-12,3,45.4
2025-05-13,3,63.2
2025-05-14,3,48.3
2025-05-15,3,53.7
2025-05-16,3,54.8
2025-05-17,3,80.6
2025-05-18,3,38.0
2025-05-19,3,60.4
2025-05-20,3,48.0
2025-05-21,3,46.6
2025-05-22,3,67.5
2025-05-23,3,56.7
2025-05-24,3,66.4
2025-05-25,3,64.9
2025-05-26,3,59.2
2025-05-27,3,66.1
2025-05-28,3,69.6
2025-05-29,3,61.2
2025-05-30,3,63.1
2025-05-31,3,65.8
2025-06-01,3,53.5
2025-06-02,3,67.9
2025-06-03,3,49.5
2025-06-04,3,62.5
2025-06-05,3,65.9
2025-06-06,3,57.1
2025-06-07,3,48.0
2025-06-08,3,65.6
2025-06-09,3,58.7
2025-06-10,3,56.2
2025-06-11,3,57.3
2025-06-12,3,59.8
2025-06-13,3,69.6
2025-06-14,3,65.2
2025-06-15,3,51.0
2025-06-16,3,62.8
2025-06-17,3,63.9
2025-06-18,3,50.9
2025-06-19,3,36.8
2025-06-20,3,77.6
2025-06-21,3,75.2
2025-06-22,3,66.1
2025-06-23,3,52.6
2025-06-24,3,70.0
2025-06-25,3,62.0
2025-06-26,3,53.0
2025-06-27,3,56.4
2025-06-28,3,84.1
2025-06-29,3,58.1
2025-06-30,3,55.8
2025-07-01,3,47.3
2025-07-02,3,63.5
2025-07-03,3,53.5
2025-07-04,3,84.9
2025-07-05,3,65.0
2025-07-06,3,60.0
2025-07-07,3,46.8
2025-07-08,3,43.6
2025-07-09,3,46.3
2025-07-10,3,50.1
2025-07-11,3,48.8
2025-07-12,3,52.0
2025-07-13,3,42.4
2025-07-14,3,59.1
2025-07-15,3,62.5
2025-07-16,3,46.8
2025-07-17,3,68.8
2025-07-18,3,67.3
2025-07-19,3,63.5
2025-07-20,3,56.7
2025-07-21,3,71.8
2025-07-22,3,60.5
2025-07-23,3,64.9
2025-07-24,3,85.0
2025-07-25,3,59.0
2025-07-26,3,60.2
2025-07-27,3,59.4
2025-07-28,3,44.6
2025-07-29,3,47.5
2025-07-30,3,45.2
2025-07-31,3,71.2
2025-08-01,3,66.8
2025-08-02,3,56.7
2025-08-03,3,46.1
2025-08-04,3,61.3
2025-08-05,3,62.7
2025-08-06,3,50.4
2025-08-07,3,62.5
2025-08-08,3,54.7
2025-08-09,3,75.5
2025-08-10,3,59.0
2025-08-11,3,50.3
2025-08-12,3,40.1
2025-08-13,3,54.3
2025-08-14,3,57.6
2025-08-15,3,80.6
2025-08-16,3,56.3
2025-08-17,3,52.2
2025-08-18,3,45.2
2025-08-19,3,58.0
2025-08-20,3,49.9
2025-08-21,3,43.3
2025-08-22,3,58.2
2025-08-23,3,56.6
2025-08-24,3,44.3
2025-08-25,3,54.9
2025-08-26,3,46.8
2025-08-27,3,48.1
2025-08-28,3,52.3
2025-08-29,3,42.2
2025-08-30,3,62.0
2025-08-31,3,50.1
2025-09-01,3,44.6
2025-09-02,3,69.8
2025-09-03,3,56.4
2025-09-04,3,45.3
2025-09-05,3,43.4
2025-09-06,3,51.9
2025-09-07,3,66.2
2025-09-08,3,31.3
2025-09-09,3,55.7
2025-09-10,3,42.0
2025-09-11,3,53.5
2025-09-12,3,84.5
2025-09-13,3,72.7
2025-09-14,3,55.0
2025-09-15,3,50.0
2025-09-16,3,59.9
2025-09-17,3,44.2
2025-09-18,3,42.5
2025-09-19,3,59.9
2025-09-20,3,80.1
2025-09-21,3,55.9
2025-09-22,3,62.4
2025-09-23,3,46.0
2025-09-24,3,53.1
2025-09-25,3,39.4
2025-09-26,3,62.0
2025-09-27,3,53.5
2025-09-28,3,63.6
2025-09-29,3,59.9
2025-09-30,3,58.6
2025-10-01,3,64.2
2025-10-02,3,49.0
2025-10-03,3,35.2
2025-10-04,3,40.5
2025-10-05,3,51.7
2025-10-06,3,40.1
2025-10-07,3,44.9
2025-10-08,3,46.1
2025-10-09,3,55.3
2025-10-10,3,29.4
2025-10-11,3,67.9
2025-10-12,3,57.3
2025-10-13,3,50.5
2025-10-14,3,50.2
2025-10-15,3,70.4
2025-10-16,3,52.0
2025-10-17,3,32.6
2025-10-18,3,75.8
2025-10-19,3,40.9
2025-10-20,3,52.6
2025-10-21,3,68.2
2025-10-22,3,43.5
2025-10-23,3,50.3
2025-10-24,3,68.4
2025-10-25,3,58.9
2025-10-26,3,59.6
2025-10-27,3,49.3
2025-10-28,3,49.6
2025-10-29,3,52.5
2025-10-30,3,52.5
2025-10-31,3,67.3
2025-11-01,3,72.6
2025-11-02,3,66.8
2025-11-03,3,41.2
2025-11-04,3,50.9
2025-11-05,3,54.2
2025-11-06,3,64.8
2025-11-07,3,71.6
2025-11-08,3,51.6
2025-11-09,3,74.8
2025-11-10,3,53.7
2025-11-11,3,78.3
2025-11-12,3,47.8
2025-11-13,3,48.7
2025-11-14,3,83.0
2025-11-15,3,59.8
2025-11-16,3,56.6
2025-11-17,3,68.3
2025-11-18,3,61.6
2025-11-19,3,78.1
2025-11-20,3,50.1
2025-11-21,3,67.5
2025-11-22,3,57.1
2025-11-23,3,64.4
2025-11-24,3,68.7
2025-11-25,3,63.0
2025-11-26,3,46.2
2025-11-27,3,64.1
2025-11-28,3,55.1
2025-11-29,3,58.1
2025-11-30,3,53.5
2025-12-01,3,58.5
2025-12-02,3,62.5
2025-12-03,3,50.3
2025-12-04,3,55.0
2025-12-05,3,89.3
2025-12-06,3,65.3
2025-12-07,3,62.8
2025-12-08,3,50.2
2025-12-09,3,81.9
2025-12-10,3,51.3
2025-12-11,3,56.4
2025-12-12,3,63.8
2025-12-13,3,64.3
2025-12-14,3,68.2
2025-12-15,3,55.9
2025-12-16,3,66.4
2025-12-17,3,81.9
2025-12-18,3,47.5
2025-12-19,3,62.4
2025-12-20,3,56.1
2025-12-21,3,59.6
2025-12-22,3,53.3
2025-12-23,3,66.2
2025-12-24,3,23.2
2025-12-25,3,71.0
2025-12-26,3,59.2
2025-12-27,3,72.4
2025-12-28,3,36.5
2025-12-29,3,74.3
2025-12-30,3,37.1
2024-01-01,4,18.5
2024-01-02,4,26.0
2024-01-03,4,19.7
2024-01-04,4,20.7
2024-01-05,4,40.7
2024-01-06,4,31.4
2024-01-07,4,22.9
2024-01-08,4,22.3
2024-01-09,4,27.6
2024-01-10,4,27.9
2024-01-11,4,23.1
2024-01-12,4,17.7
2024-01-13,4,24.4
2024-01-14,4,12.5
2024-01-15,4,19.6
2024-01-16,4,28.1
2024-01-17,4,31.9
2024-01-18,4,31.6
2024-01-19,4,31.2
2024-01-20,4,33.8
2024-01-21,4,18.0
2024-01-22,4,28.3
2024-01-23,4,16.1
2024-01-24,4,20.9
2024-01-25,4,27.0
2024-01-26,4,41.9
2024-01-27,4,25.8
2024-01-28,4,21.3
2024-01-29,4,28.6
2024-01-30,4,29.5
2024-01-31,4,19.8
2024-02-01,4,27.2
2024-02-02,4,26.3
2024-02-03,4,34.8
2024-02-04,4,28.1
2024-02-05,4,25.9
2024-02-06,4,25.9
2024-02-07,4,28.8
2024-02-08,4,22.3
2024-02-09,4,40.5
2024-02-10,4,42.7
2024-02-11,4,31.4
2024-02-12,4,22.1
2024-02-13,4,36.2
2024-02-14,4,20.2
2024-02-15,4,30.9
2024-02-16,4,35.0
2024-02-17,4,32.9
2024-02-18,4,32.1
2024-02-19,4,34.5
2024-02-20,4,21.5
2024-02-21,4,33.0
2024-02-22,4,25.3
2024-02-23,4,32.3
2024-02-24,4,26.0
2024-02-25,4,26.2
2024-02-26,4,28.0
2024-02-27,4,24.7
2024-02-28,4,28.8
2024-02-29,4,25.7
2024-03-01,4,30.9
2024-03-02,4,30.7
2024-03-03,4,25.2
2024-03-04,4,35.1
2024-03-05,4,21.1
2024-03-06,4,35.8
2024-03-07,4,26.6
2024-03-08,4,25.2
2024-03-09,4,23.3
2024-03-10,4,25.3
2024-03-11,4,27.7
2024-03-12,4,30.0
2024-03-13,4,37.7
2024-03-14,4,21.2
2024-03-15,4,36.8
2024-03-16,4,36.8
2024-03-17,4,23.3
2024-03-18,4,30.0
2024-03-19,4,35.6
2024-03-20,4,34.5
2024-03-21,4,24.6
2024-03-22,4,41.0
2024-03-23,4,33.8
2024-03-24,4,27.4
2024-03-25,4,26.7
2024-03-26,4,32.2
2024-03-27,4,28.4
2024-03-28,4,31.2
2024-03-29,4,30.6
2024-03-30,4,31.3
2024-03-31,4,29.8
2024-04-01,4,30.6
2024-04-02,4,26.4
2024-04-03,4,27.7
2024-04-04,4,26.5
2024-04-05,4,34.0
2024-04-06,4,25.0
2024-04-07,4,25.6
2024-04-08,4,34.0
2024-04-09,4,29.1
2024-04-10,4,28.5
2024-04-11,4,22.0
2024-04-12,4,33.0
2024-04-13,4,30.4
2024-04-14,4,25.7
2024-04-15,4,35.5
2024-04-16,4,18.9
2024-04-17,4,29.5
2024-04-18,4,33.8
2024-04-19,4,39.7
2024-04-20,4,36.1
2024-04-21,4,29.1
2024-04-22,4,28.0
2024-04-23,4,30.5
2024-04-24,4,28.2
2024-04-25,4,28.2
2024-04-26,4,33.6
2024-04-27,4,39.1
2024-04-28,4,27.0
2024-04-29,4,24.9
2024-04-30,4,22.7
2024-05-01,4,28.9
2024-05-02,4,18.5
2024-05-03,4,37.5
2024-05-04,4,26.9
2024-05-05,4,29.8
2024-05-06,4,34.0
2024-05-07,4,32.0
2024-05-08,4,34.9
2024-05-09,4,41.0
2024-05-10,4,36.9
2024-05-11,4,25.5
2024-05-12,4,34.9
2024-05-13,4,30.1
2024-05-14,4,34.5
2024-05-15,4,34.1
2024-05-16,4,21.9
2024-05-17,4,38.4
2024-05-18,4,25.3
2024-05-19,4,24.7
2024-05-20,4,20.0
2024-05-21,4,34.8
2024-05-22,4,27.4
2024-05-23,4,28.9
2024-05-24,4,20.3
2024-05-25,4,25.8
2024-05-26,4,30.9
2024-05-27,4,33.1
2024-05-28,4,25.9
2024-05-29,4,22.4
2024-05-30,4,26.1
2024-05-31,4,32.2
2024-06-01,4,33.2
2024-06-02,4,26.1
2024-06-03,4,32.8
2024-06-04,4,22.1
2024-06-05,4,29.7
2024-06-06,4,27.6
2024-06-07,4,35.3
2024-06-08,4,23.0
2024-06-09,4,25.7
2024-06-10,4,28.3
2024-06-11,4,29.6
2024-06-12,4,27.8
2024-06-13,4,30.2
2024-06-14,4,31.1
2024-06-15,4,27.7
2024-06-16,4,19.8
2024-06-17,4,31.4
2024-06-18,4,41.4
2024-06-19,4,19.0
2024-06-20,4,24.2
2024-06-21,4,25.2
2024-06-22,4,32.7
2024-06-23,4,36.2
2024-06-24,4,24.9
2024-06-25,4,31.1
2024-06-26,4,26.2
2024-06-27,4,21.2
2024-06-28,4,24.3
2024-06-29,4,34.6
2024-06-30,4,24.7
2024-07-01,4,33.3
2024-07-02,4,27.3
2024-07-03,4,27.8
2024-07-04,4,20.3
2024-07-05,4,28.2
2024-07-06,4,20.4
2024-07-07,4,29.4
2024-07-08,4,23.9
2024-07-09,4,31.4
2024-07-10,4,22.8
2024-07-11,4,27.2
2024-07-12,4,26.0
2024-07-13,4,35.1
2024-07-14,4,20.8
2024-07-15,4,25.5
2024-07-16,4,23.8
2024-07-17,4,15.3
2024-07-18,4,21.4
2024-07-19,4,36.0
2024-07-20,4,34.3
2024-07-21,4,25.1
2024-07-22,4,32.6
2024-07-23,4,28.5
2024-07-24,4,28.9
2024-07-25,4,25.4
2024-07-26,4,25.4
2024-07-27,4,29.3
2024-07-28,4,32.1
2024-07-29,4,23.7
2024-07-30,4,13.4
2024-07-31,4,26.9
2024-08-01,4,23.2
2024-08-02,4,15.4
2024-08-03,4,26.7
2024-08-04,4,23.5
2024-08-05,4,23.3
2024-08-06,4,27.3
2024-08-07,4,22.8
2024-08-08,4,24.9
2024-08-09,4,24.0
2024-08-10,4,22.6
2024-08-11,4,25.1
2024-08-12,4,22.3
2024-08-13,4,22.3
2024-08-14,4,19.7
2024-08-15,4,24.5
2024-08-16,4,21.3
2024-08-17,4,24.8
2024-08-18,4,21.5
2024-08-19,4,31.7
2024-08-20,4,26.2
2024-08-21,4,24.6
2024-08-22,4,32.8
2024-08-23,4,20.8
2024-08-24,4,31.4
2024-08-25,4,29.6
2024-08-26,4,24.6
2024-08-27,4,22.9
2024-08-28,4,23.0
2024-08-29,4,26.0
2024-08-30,4,30.4
2024-08-31,4,27.1
2024-09-01,4,28.4
2024-09-02,4,30.2
2024-09-03,4,28.5
2024-09-04,4,16.0
2024-09-05,4,23.4
2024-09-06,4,28.1
2024-09-07,4,22.4
2024-09-08,4,25.9
2024-09-09,4,19.1
2024-09-10,4,28.9
2024-09-11,4,29.1
2024-09-12,4,24.0
2024-09-13,4,35.7
2024-09-14,4,22.3
2024-09-15,4,32.0
2024-09-16,4,26.2
2024-09-17,4,24.2
2024-09-18,4,24.3
2024-09-19,4,32.5
2024-09-20,4,29.5
2024-09-21,4,26.7
2024-09-22,4,34.7
2024-09-23,4,25.7
2024-09-24,4,34.9
2024-09-25,4,24.2
2024-09-26,4,27.5
2024-09-27,4,24.0
2024-09-28,4,24.3
2024-09-29,4,24.2
2024-09-30,4,17.4
2024-10-01,4,21.9
2024-10-02,4,20.5
2024-10-03,4,23.2
2024-10-04,4,34.5
2024-10-05,4,27.3
2024-10-06,4,23.4
2024-10-07,4,20.3
2024-10-08,4,28.4
2024-10-09,4,25.6
2024-10-10,4,30.9
2024-10-11,4,31.4
2024-10-12,4,33.6
2024-10-13,4,26.5
2024-10-14,4,32.1
2024-10-15,4,18.9
2024-10-16,4,27.5
2024-10-17,4,21.1
2024-10-18,4,21.1
2024-10-19,4,28.0
2024-10-20,4,22.0
2024-10-21,4,28.7
2024-10-22,4,26.3
2024-10-23,4,21.4
2024-10-24,4,22.3
2024-10-25,4,34.4
2024-10-26,4,30.4
2024-10-27,4,31.0
2024-10-28,4,23.2
2024-10-29,4,35.9
2024-10-30,4,22.9
2024-10-31,4,15.7
2024-11-01,4,31.1
2024-11-02,4,39.6
2024-11-03,4,22.0
2024-11-04,4,19.8
2024-11-05,4,15.1
2024-11-06,4,19.9
2024-11-07,4,25.1
2024-11-08,4,29.5
2024-11-09,4,31.9
2024-11-10,4,32.3
2024-11-11,4,21.7
2024-11-12,4,30.0
2024-11-13,4,26.3
2024-11-14,4,32.9
2024-11-15,4,33.1
2024-11-16,4,31.9
2024-11-17,4,28.5
2024-11-18,4,23.0
2024-11-19,4,22.5
2024-11-20,4,25.6
2024-11-21,4,22.1
2024-11-22,4,40.8
2024-11-23,4,23.5
2024-11-24,4,28.8
2024-11-25,4,28.8
2024-11-26,4,24.0
2024-11-27,4,25.7
2024-11-28,4,28.5
2024-11-29,4,37.9
2024-11-30,4,32.3
2024-12-01,4,29.9
2024-12-02,4,27.9
2024-12-03,4,41.1
2024-12-04,4,21.7
2024-12-05,4,16.0
2024-12-06,4,41.7
2024-12-07,4,38.6
2024-12-08,4,29.6
2024-12-09,4,20.5
2024-12-10,4,33.8
2024-12-11,4,33.8
2024-12-12,4,32.7
2024-12-13,4,41.2
2024-12-14,4,30.0
2024-12-15,4,22.7
2024-12-16,4,29.2
2024-12-17,4,27.5
2024-12-18,4,25.6
2024-12-19,4,28.8
2024-12-20,4,25.4
2024-12-21,4,32.0
2024-12-22,4,33.1
2024-12-23,4,21.0
2024-12-24,4,25.0
2024-12-25,4,23.6
2024-12-26,4,19.9
2024-12-27,4,34.6
2024-12-28,4,32.0
2024-12-29,4,24.1
2024-12-30,4,31.6
2024-12-31,4,25.7
2025-01-01,4,30.6
2025-01-02,4,26.9
2025-01-03,4,35.8
2025-01-04,4,39.9
2025-01-05,4,22.8
2025-01-06,4,29.3
2025-01-07,4,27.4
2025-01-08,4,26.3
2025-01-09,4,28.1
2025-01-10,4,29.7
2025-01-11,4,40.7
2025-01-12,4,29.4
2025-01-13,4,28.0
2025-01-14,4,39.3
2025-01-15,4,33.9
2025-01-16,4,26.2
2025-01-17,4,32.9
2025-01-18,4,36.3
2025-01-19,4,29.5
2025-01-20,4,27.3
2025-01-21,4,29.5
2025-01-22,4,25.4
2025-01-23,4,38.5
2025-01-24,4,43.4
2025-01-25,4,31.3
2025-01-26,4,35.2
2025-01-27,4,28.6
2025-01-28,4,24.1
2025-01-29,4,29.5
2025-01-30,4,34.7
2025-01-31,4,43.8
2025-02-01,4,34.4
2025-02-02,4,30.0
2025-02-03,4,35.0
2025-02-04,4,36.7
2025-02-05,4,21.7
2025-02-06,4,36.8
2025-02-07,4,29.3
2025-02-08,4,42.2
2025-02-09,4,40.5
2025-02-10,4,31.8
2025-02-11,4,26.9
2025-02-12,4,30.6
2025-02-13,4,38.8
2025-02-14,4,32.3
2025-02-15,4,25.6
2025-02-16,4,33.9
2025-02-17,4,30.9
2025-02-18,4,28.1
2025-02-19,4,37.0
2025-02-20,4,35.9
2025-02-21,4,35.9
2025-02-22,4,35.7
2025-02-23,4,27.2
2025-02-24,4,30.8
2025-02-25,4,19.6
2025-02-26,4,23.8
2025-02-27,4,28.1
2025-02-28,4,40.0
2025-03-01,4,22.8
2025-03-02,4,29.3
2025-03-03,4,35.8
2025-03-04,4,31.7
2025-03-05,4,26.5
2025-03-06,4,39.0
2025-03-07,4,42.6
2025-03-08,4,44.2
2025-03-09,4,31.9
2025-03-10,4,28.2
2025-03-11,4,24.7
2025-03-12,4,30.4
2025-03-13,4,31.5
2025-03-14,4,37.1
2025-03-15,4,43.8
2025-03-16,4,32.9
2025-03-17,4,31.7
2025-03-18,4,26.0
2025-03-19,4,25.9
2025-03-20,4,31.5
2025-03-21,4,40.3
2025-03-22,4,38.8
2025-03-23,4,30.5
2025-03-24,4,29.7
2025-03-25,4,19.8
2025-03-26,4,43.6
2025-03-27,4,31.5
2025-03-28,4,27.6
2025-03-29,4,28.3
2025-03-30,4,32.0
2025-03-31,4,28.1
2025-04-01,4,32.0
2025-04-02,4,24.1
2025-04-03,4,31.3
2025-04-04,4,45.2
2025-04-05,4,33.1
2025-04-06,4,27.0
2025-04-07,4,26.6
2025-04-08,4,28.6
2025-04-09,4,31.4
2025-04-10,4,39.9
2025-04-11,4,43.3
2025-04-12,4,25.2
2025-04-13,4,30.5
2025-04-14,4,25.1
2025-04-15,4,29.9
2025-04-16,4,27.2
2025-04-17,4,35.5
2025-04-18,4,35.4
2025-04-19,4,43.9
2025-04-20,4,33.0
2025-04-21,4,39.9
2025-04-22,4,32.8
2025-04-23,4,27.5
2025-04-24,4,38.8
2025-04-25,4,35.4
2025-04-26,4,22.9
2025-04-27,4,34.1
2025-04-28,4,37.6
2025-04-29,4,26.3
2025-04-30,4,29.9
2025-05-01,4,35.1
2025-05-02,4,35.4
2025-05-03,4,36.4
2025-05-04,4,22.4
2025-05-05,4,24.5
2025-05-06,4,23.7
2025-05-07,4,36.8
2025-05-08,4,32.9
2025-05-09,4,35.1
2025-05-10,4,42.1
2025-05-11,4,42.2
2025-05-12,4,32.3
2025-05-13,4,25.5
2025-05-14,4,31.3
2025-05-15,4,18.4
2025-05-16,4,30.5
2025-05-17,4,35.1
2025-05-18,4,22.4
2025-05-19,4,34.0
2025-05-20,4,35.5
2025-05-21,4,26.2
2025-05-22,4,27.6
2025-05-23,4,41.6
2025-05-24,4,38.9
2025-05-25,4,39.6
2025-05-26,4,37.0
2025-05-27,4,23.6
2025-05-28,4,27.1
2025-05-29,4,24.6
2025-05-30,4,33.2
2025-05-31,4,24.6
2025-06-01,4,29.5
2025-06-02,4,28.4
2025-06-03,4,32.6
2025-06-04,4,39.8
2025-06-05,4,40.8
2025-06-06,4,20.1
2025-06-07,4,36.6
2025-06-08,4,29.4
2025-06-09,4,22.5
2025-06-10,4,37.9
2025-06-11,4,27.8
2025-06-12,4,34.0
2025-06-13,4,40.0
2025-06-14,4,33.9
2025-06-15,4,39.7
2025-06-16,4,19.3
2025-06-17,4,36.1
2025-06-18,4,23.6
2025-06-19,4,34.3
2025-06-20,4,28.3
2025-06-21,4,31.8
2025-06-22,4,35.9
2025-06-23,4,35.3
2025-06-24,4,41.4
2025-06-25,4,39.4
2025-06-26,4,24.5
2025-06-27,4,32.6
2025-06-28,4,39.2
2025-06-29,4,30.7
2025-06-30,4,25.8
2025-07-01,4,31.8
2025-07-02,4,33.4
2025-07-03,4,33.8
2025-07-04,4,43.3
2025-07-05,4,28.0
2025-07-06,4,28.4
2025-07-07,4,31.0
2025-07-08,4,22.2
2025-07-09,4,26.2
2025-07-10,4,27.2
2025-07-11,4,26.8
2025-07-12,4,26.1
2025-07-13,4,36.5
2025-07-14,4,21.2
2025-07-15,4,34.1
2025-07-16,4,32.2
2025-07-17,4,24.3
2025-07-18,4,37.3
2025-07-19,4,28.9
2025-07-20,4,26.5
2025-07-21,4,26.0
2025-07-22,4,24.7
2025-07-23,4,33.5
2025-07-24,4,30.3
2025-07-25,4,35.7
2025-07-26,4,34.8
2025-07-27,4,45.6
2025-07-28,4,23.0
2025-07-29,4,31.3
2025-07-30,4,35.6
2025-07-31,4,25.0
2025-08-01,4,31.9
2025-08-02,4,42.2
2025-08-03,4,40.4
2025-08-04,4,37.5
2025-08-05,4,40.3
2025-08-06,4,31.7
2025-08-07,4,29.5
2025-08-08,4,39.6
2025-08-09,4,44.0
2025-08-10,4,25.7
2025-08-11,4,38.6
2025-08-12,4,29.8
2025-08-13,4,24.2
2025-08-14,4,36.5
2025-08-15,4,30.9
2025-08-16,4,28.3
2025-08-17,4,33.7
2025-08-18,4,26.6
2025-08-19,4,24.0
2025-08-20,4,34.6
2025-08-21,4,21.7
2025-08-22,4,33.9
2025-08-23,4,38.3
2025-08-24,4,30.5
2025-08-25,4,22.5
2025-08-26,4,26.0
2025-08-27,4,25.3
2025-08-28,4,32.9
2025-08-29,4,25.2
2025-08-30,4,45.9
2025-08-31,4,28.3
2025-09-01,4,27.3
2025-09-02,4,21.6
2025-09-03,4,29.5
2025-09-04,4,26.6
2025-09-05,4,28.4
2025-09-06,4,22.5
2025-09-07,4,37.1
2025-09-08,4,28.2
2025-09-09,4,21.7
2025-09-10,4,25.2
2025-09-11,4,31.2
2025-09-12,4,31.9
2025-09-13,4,35.0
2025-09-14,4,21.9
2025-09-15,4,33.7
2025-09-16,4,20.2
2025-09-17,4,27.8
2025-09-18,4,18.6
2025-09-19,4,33.6
2025-09-20,4,35.4
2025-09-21,4,28.9
2025-09-22,4,29.7
2025-09-23,4,31.5
2025-09-24,4,22.3
2025-09-25,4,27.0
2025-09-26,4,26.5
2025-09-27,4,39.3
2025-09-28,4,17.5
2025-09-29,4,22.8
2025-09-30,4,24.4
2025-10-01,4,25.9
2025-10-02,4,35.7
2025-10-03,4,26.2
2025-10-04,4,30.0
2025-10-05,4,27.9
2025-10-06,4,31.9
2025-10-07,4,28.1
2025-10-08,4,29.5
2025-10-09,4,29.5
2025-10-10,4,34.4
2025-10-11,4,34.7
2025-10-12,4,19.7
2025-10-13,4,28.9
2025-10-14,4,27.0
2025-10-15,4,27.9
2025-10-16,4,30.5
2025-10-17,4,38.7
2025-10-18,4,42.7
2025-10-19,4,29.6
2025-10-20,4,28.2
2025-10-21,4,30.2
2025-10-22,4,22.1
2025-10-23,4,27.7
2025-10-24,4,26.9
2025-10-25,4,46.7
2025-10-26,4,33.5
2025-10-27,4,32.7
2025-10-28,4,37.9
2025-10-29,4,35.9
2025-10-30,4,31.8
2025-10-31,4,41.5
2025-11-01,4,36.6
2025-11-02,4,36.0
2025-11-03,4,28.5
2025-11-04,4,31.1
2025-11-05,4,31.4
2025-11-06,4,34.6
2025-11-07,4,29.0
2025-11-08,4,36.6
2025-11-09,4,26.0
2025-11-10,4,30.8
2025-11-11,4,19.8
2025-11-12,4,18.3
2025-11-13,4,26.6
2025-11-14,4,35.8
2025-11-15,4,28.6
2025-11-16,4,42.5
2025-11-17,4,24.8
2025-11-18,4,24.2
2025-11-19,4,30.6
2025-11-20,4,27.6
2025-11-21,4,36.9
2025-11-22,4,28.7
2025-11-23,4,34.6
2025-11-24,4,24.2
2025-11-25,4,27.0
2025-11-26,4,29.2
2025-11-27,4,26.1
2025-11-28,4,39.2
2025-11-29,4,36.5
2025-11-30,4,35.2
2025-12-01,4,24.3
2025-12-02,4,29.1
2025-12-03,4,30.6
2025-12-04,4,35.2
2025-12-05,4,36.2
2025-12-06,4,40.2
2025-12-07,4,35.3
2025-12-08,4,37.2
2025-12-09,4,32.7
2025-12-10,4,21.7
2025-12-11,4,28.9
2025-12-12,4,47.7
2025-12-13,4,34.6
2025-12-14,4,36.7
2025-12-15,4,43.5
2025-12-16,4,31.8
2025-12-17,4,33.4
2025-12-18,4,29.8
2025-12-19,4,46.1
2025-12-20,4,38.9
2025-12-21,4,27.8
2025-12-22,4,29.7
2025-12-23,4,30.0
2025-12-24,4,25.5
2025-12-25,4,38.6
2025-12-26,4,44.6
2025-12-27,4,51.5
2025-12-28,4,30.4
2025-12-29,4,41.2
2025-12-30,4,49.6
2024-01-01,5,20.8
2024-01-02,5,26.7
2024-01-03,5,27.7
2024-01-04,5,45.2
2024-01-05,5,41.4
2024-01-06,5,38.4
2024-01-07,5,32.4
2024-01-08,5,30.4
2024-01-09,5,26.5
2024-01-10,5,30.9
2024-01-11,5,26.2
2024-01-12,5,44.0
2024-01-13,5,39.9
2024-01-14,5,35.5
2024-01-15,5,46.0
2024-01-16,5,41.9
2024-01-17,5,39.8
2024-01-18,5,38.8
2024-01-19,5,38.5
2024-01-20,5,48.1
2024-01-21,5,37.1
2024-01-22,5,32.9
2024-01-23,5,34.6
2024-01-24,5,38.3
2024-01-25,5,32.0
2024-01-26,5,47.8
2024-01-27,5,60.0
2024-01-28,5,28.6
2024-01-29,5,31.8
2024-01-30,5,34.3
2024-01-31,5,37.4
2024-02-01,5,31.3
2024-02-02,5,49.8
2024-02-03,5,40.3
2024-02-04,5,43.0
2024-02-05,5,40.7
2024-02-06,5,33.8
2024-02-07,5,39.3
2024-02-08,5,50.9
2024-02-09,5,39.9
2024-02-10,5,37.1
2024-02-11,5,51.6
2024-02-12,5,35.4
2024-02-13,5,30.8
2024-02-14,5,23.4
2024-02-15,5,40.8
2024-02-16,5,43.8
2024-02-17,5,29.0
2024-02-18,5,38.4
2024-02-19,5,24.3
2024-02-20,5,41.2
2024-02-21,5,45.4
2024-02-22,5,38.4
2024-02-23,5,54.3
2024-02-24,5,29.6
2024-02-25,5,23.3
2024-02-26,5,43.8
2024-02-27,5,27.0
2024-02-28,5,35.6
2024-02-29,5,49.5
2024-03-01,5,47.4
2024-03-02,5,40.6
2024-03-03,5,36.3
2024-03-04,5,45.4
2024-03-05,5,31.2
2024-03-06,5,39.7
2024-03-07,5,38.9
2024-03-08,5,45.6
2024-03-09,5,42.2
2024-03-10,5,32.3
2024-03-11,5,27.2
2024-03-12,5,44.0
2024-03-13,5,35.6
2024-03-14,5,45.3
2024-03-15,5,48.8
2024-03-16,5,26.6
2024-03-17,5,41.8
2024-03-18,5,35.3
2024-03-19,5,43.3
2024-03-20,5,30.9
2024-03-21,5,43.8
2024-03-22,5,57.8
2024-03-23,5,28.4
2024-03-24,5,36.4
2024-03-25,5,38.8
2024-03-26,5,44.0
2024-03-27,5,43.4
2024-03-28,5,33.2
2024-03-29,5,45.4
2024-03-30,5,50.3
2024-03-31,5,32.5
2024-04-01,5,39.2
2024-04-02,5,35.8
2024-04-03,5,37.3
2024-04-04,5,24.0
2024-04-05,5,49.0
2024-04-06,5,42.7
2024-04-07,5,43.4
2024-04-08,5,45.3
2024-04-09,5,42.5
2024-04-10,5,44.2
2024-04-11,5,45.1
2024-04-12,5,55.2
2024-04-13,5,40.7
2024-04-14,5,25.5
2024-04-15,5,37.6
2024-04-16,5,38.5
2024-04-17,5,44.1
2024-04-18,5,41.1
2024-04-19,5,41.1
2024-04-20,5,53.2
2024-04-21,5,37.0
2024-04-22,5,29.3
2024-04-23,5,23.7
2024-04-24,5,34.0
2024-04-25,5,52.8
2024-04-26,5,44.7
2024-04-27,5,39.8
2024-04-28,5,38.4
2024-04-29,5,26.9
2024-04-30,5,48.5
2024-05-01,5,29.6
2024-05-02,5,30.9
2024-05-03,5,39.7
2024-05-04,5,53.8
2024-05-05,5,44.8
2024-05-06,5,42.3
2024-05-07,5,41.1
2024-05-08,5,23.8
2024-05-09,5,47.7
2024-05-10,5,45.8
2024-05-11,5,38.1
2024-05-12,5,30.4
2024-05-13,5,40.6
2024-05-14,5,28.9
2024-05-15,5,34.5
2024-05-16,5,49.1
2024-05-17,5,38.5
2024-05-18,5,44.1
2024-05-19,5,36.5
2024-05-20,5,45.8
2024-05-21,5,32.6
2024-05-22,5,43.3
2024-05-23,5,44.1
2024-05-24,5,45.7
2024-05-25,5,39.4
2024-05-26,5,42.1
2024-05-27,5,31.5
2024-05-28,5,21.8
2024-05-29,5,40.5
2024-05-30,5,30.4
2024-05-31,5,41.7
2024-06-01,5,42.8
2024-06-02,5,44.6
2024-06-03,5,27.3
2024-06-04,5,44.1
2024-06-05,5,38.6
2024-06-06,5,33.3
2024-06-07,5,37.8
2024-06-08,5,40.5
2024-06-09,5,41.3
2024-06-10,5,37.8
2024-06-11,5,29.8
2024-06-12,5,29.5
2024-06-13,5,35.1
2024-06-14,5,30.9
2024-06-15,5,54.8
2024-06-16,5,45.8
2024-06-17,5,34.2
2024-06-18,5,38.8
2024-06-19,5,23.6
2024-06-20,5,52.1
2024-06-21,5,31.7
2024-06-22,5,30.6
2024-06-23,5,51.9
2024-06-24,5,33.5
2024-06-25,5,40.1
2024-06-26,5,28.3
2024-06-27,5,35.2
2024-06-28,5,44.5
2024-06-29,5,43.3
2024-06-30,5,35.5
2024-07-01,5,35.6
2024-07-02,5,36.3
2024-07-03,5,39.0
2024-07-04,5,44.6
2024-07-05,5,36.8
2024-07-06,5,37.8
2024-07-07,5,30.6
2024-07-08,5,32.0
2024-07-09,5,32.8
2024-07-10,5,35.5
2024-07-11,5,31.8
2024-07-12,5,52.9
2024-07-13,5,43.2
2024-07-14,5,36.8
2024-07-15,5,38.6
2024-07-16,5,32.6
2024-07-17,5,42.4
2024-07-18,5,27.4
2024-07-19,5,31.0
2024-07-20,5,41.7
2024-07-21,5,34.6
2024-07-22,5,31.8
2024-07-23,5,28.4
2024-07-24,5,29.3
2024-07-25,5,44.1
2024-07-26,5,42.4
2024-07-27,5,21.1
2024-07-28,5,36.6
2024-07-29,5,37.8
2024-07-30,5,37.8
2024-07-31,5,29.1
2024-08-01,5,35.0
2024-08-02,5,45.5
2024-08-03,5,38.3
2024-08-04,5,29.6
2024-08-05,5,30.6
2024-08-06,5,36.6
2024-08-07,5,24.7
2024-08-08,5,35.5
2024-08-09,5,30.9
2024-08-10,5,36.9
2024-08-11,5,28.0
2024-08-12,5,31.8
2024-08-13,5,25.8
2024-08-14,5,28.8
2024-08-15,5,31.9
2024-08-16,5,28.3
2024-08-17,5,29.1
2024-08-18,5,39.2
2024-08-19,5,34.0
2024-08-20,5,30.7
2024-08-21,5,31.8
2024-08-22,5,28.6
2024-08-23,5,38.7
2024-08-24,5,37.0
2024-08-25,5,26.3
2024-08-26,5,29.9
2024-08-27,5,30.7
2024-08-28,5,31.6
2024-08-29,5,23.0
2024-08-30,5,39.5
2024-08-31,5,34.3
2024-09-01,5,33.6
2024-09-02,5,27.6
2024-09-03,5,23.8
2024-09-04,5,21.9
2024-09-05,5,19.0
2024-09-06,5,29.5
2024-09-07,5,37.7
2024-09-08,5,38.7
2024-09-09,5,29.8
2024-09-10,5,23.5
2024-09-11,5,31.6
2024-09-12,5,30.0
2024-09-13,5,37.5
2024-09-14,5,27.4
2024-09-15,5,31.2
2024-09-16,5,26.4
2024-09-17,5,35.7
2024-09-18,5,27.4
2024-09-19,5,32.5
2024-09-20,5,38.1
2024-09-21,5,43.6
2024-09-22,5,29.1
2024-09-23,5,28.3
2024-09-24,5,24.8
2024-09-25,5,21.3
2024-09-26,5,32.1
2024-09-27,5,39.1
2024-09-28,5,41.2
2024-09-29,5,32.9
2024-09-30,5,46.1
2024-10-01,5,39.4
2024-10-02,5,34.9
2024-10-03,5,33.9
2024-10-04,5,40.1
2024-10-05,5,28.6
2024-10-06,5,32.6
2024-10-07,5,28.5
2024-10-08,5,30.3
2024-10-09,5,30.6
2024-10-10,5,32.1
2024-10-11,5,30.0
2024-10-12,5,29.4
2024-10-13,5,26.3
2024-10-14,5,36.5
2024-10-15,5,28.9
2024-10-16,5,26.1
2024-10-17,5,37.2
2024-10-18,5,37.8
2024-10-19,5,37.1
2024-10-20,5,32.0
2024-10-21,5,21.2
2024-10-22,5,26.8
2024-10-23,5,24.0
2024-10-24,5,25.8
2024-10-25,5,37.4
2024-10-26,5,53.9
2024-10-27,5,39.7
2024-10-28,5,40.1
2024-10-29,5,24.9
2024-10-30,5,38.1
2024-10-31,5,31.8
2024-11-01,5,29.8
2024-11-02,5,32.8
2024-11-03,5,36.3
2024-11-04,5,51.0
2024-11-05,5,32.6
2024-11-06,5,31.4
2024-11-07,5,39.1
2024-11-08,5,33.3
2024-11-09,5,44.1
2024-11-10,5,39.1
2024-11-11,5,41.2
2024-11-12,5,33.4
2024-11-13,5,30.8
2024-11-14,5,24.2
2024-11-15,5,51.2
2024-11-16,5,21.5
2024-11-17,5,35.0
2024-11-18,5,35.4
2024-11-19,5,33.5
2024-11-20,5,40.5
2024-11-21,5,48.5
2024-11-22,5,39.4
2024-11-23,5,45.4
2024-11-24,5,39.4
2024-11-25,5,33.8
2024-11-26,5,35.6
2024-11-27,5,36.5
2024-11-28,5,30.2
2024-11-29,5,45.4
2024-11-30,5,45.5
2024-12-01,5,33.6
2024-12-02,5,42.1
2024-12-03,5,26.3
2024-12-04,5,27.6
2024-12-05,5,45.2
2024-12-06,5,31.9
2024-12-07,5,47.9
2024-12-08,5,28.9
2024-12-09,5,38.7
2024-12-10,5,37.2
2024-12-11,5,34.1
2024-12-12,5,36.3
2024-12-13,5,40.7
2024-12-14,5,28.5
2024-12-15,5,41.0
2024-12-16,5,30.1
2024-12-17,5,45.1
2024-12-18,5,42.4
2024-12-19,5,30.4
2024-12-20,5,50.5
2024-12-21,5,41.3
2024-12-22,5,22.1
2024-12-23,5,40.9
2024-12-24,5,34.2
2024-12-25,5,32.8
2024-12-26,5,39.4
2024-12-27,5,50.0
2024-12-28,5,42.6
2024-12-29,5,38.5
2024-12-30,5,24.6
2024-12-31,5,37.3
2025-01-01,5,34.8
2025-01-02,5,36.6
2025-01-03,5,51.3
2025-01-04,5,48.8
2025-01-05,5,46.0
2025-01-06,5,31.6
2025-01-07,5,31.0
2025-01-08,5,43.5
2025-01-09,5,33.1
2025-01-10,5,54.6
2025-01-11,5,33.8
2025-01-12,5,40.3
2025-01-13,5,41.2
2025-01-14,5,20.4
2025-01-15,5,40.0
2025-01-16,5,47.5
2025-01-17,5,45.5
2025-01-18,5,47.3
2025-01-19,5,41.3
2025-01-20,5,38.7
2025-01-21,5,41.4
2025-01-22,5,33.3
2025-01-23,5,44.8
2025-01-24,5,45.9
2025-01-25,5,41.0
2025-01-26,5,34.6
2025-01-27,5,38.6
2025-01-28,5,40.2
2025-01-29,5,31.2
2025-01-30,5,35.9
2025-01-31,5,70.6
2025-02-01,5,51.6
2025-02-02,5,36.8
2025-02-03,5,35.0
2025-02-04,5,33.4
2025-02-05,5,38.4
2025-02-06,5,41.6
2025-02-07,5,52.3
2025-02-08,5,61.1
2025-02-09,5,47.1
2025-02-10,5,25.7
2025-02-11,5,29.7
2025-02-12,5,27.0
2025-02-13,5,36.9
2025-02-14,5,50.3
2025-02-15,5,47.1
2025-02-16,5,25.0
2025-02-17,5,43.1
2025-02-18,5,25.3
2025-02-19,5,42.7
2025-02-20,5,47.1
2025-02-21,5,50.5
2025-02-22,5,57.1
2025-02-23,5,36.9
2025-02-24,5,38.1
2025-02-25,5,38.4
2025-02-26,5,41.3
2025-02-27,5,29.9
2025-02-28,5,54.2
2025-03-01,5,62.1
2025-03-02,5,43.6
2025-03-03,5,36.6
2025-03-04,5,39.5
2025-03-05,5,33.4
2025-03-06,5,41.9
2025-03-07,5,37.4
2025-03-08,5,46.9
2025-03-09,5,39.6
2025-03-10,5,23.0
2025-03-11,5,55.2
2025-03-12,5,58.0
2025-03-13,5,41.4
2025-03-14,5,61.6
2025-03-15,5,52.5
2025-03-16,5,47.4
2025-03-17,5,47.8
2025-03-18,5,30.7
2025-03-19,5,46.9
2025-03-20,5,43.3
2025-03-21,5,58.0
2025-03-22,5,62.9
2025-03-23,5,39.1
2025-03-24,5,28.9
2025-03-25,5,40.5
2025-03-26,5,28.1
2025-03-27,5,50.0
2025-03-28,5,47.0
2025-03-29,5,62.4
2025-03-30,5,40.2
2025-03-31,5,57.1
2025-04-01,5,26.7
2025-04-02,5,46.4
2025-04-03,5,38.3
2025-04-04,5,47.9
2025-04-05,5,67.3
2025-04-06,5,38.2
2025-04-07,5,43.8
2025-04-08,5,43.6
2025-04-09,5,52.5
2025-04-10,5,39.9
2025-04-11,5,44.0
2025-04-12,5,38.0
2025-04-13,5,48.1
2025-04-14,5,47.3
2025-04-15,5,22.7
2025-04-16,5,38.3
2025-04-17,5,46.3
2025-04-18,5,46.4
2025-04-19,5,47.5
2025-04-20,5,36.0
2025-04-21,5,50.4
2025-04-22,5,66.0
2025-04-23,5,38.3
2025-04-24,5,38.2
2025-04-25,5,47.6
2025-04-26,5,58.6
2025-04-27,5,54.2
2025-04-28,5,45.2
2025-04-29,5,43.0
2025-04-30,5,50.6
2025-05-01,5,36.6
2025-05-02,5,54.1
2025-05-03,5,39.9
2025-05-04,5,41.8
2025-05-05,5,52.3
2025-05-06,5,37.7
2025-05-07,5,39.2
2025-05-08,5,33.0
2025-05-09,5,33.1
2025-05-10,5,56.1
2025-05-11,5,36.6
2025-05-12,5,45.9
2025-05-13,5,39.7
2025-05-14,5,37.2
2025-05-15,5,51.3
2025-05-16,5,40.1
2025-05-17,5,52.1
2025-05-18,5,31.0
2025-05-19,5,40.3
2025-05-20,5,42.3
2025-05-21,5,50.7
2025-05-22,5,41.2
2025-05-23,5,48.7
2025-05-24,5,60.5
2025-05-25,5,38.5
2025-05-26,5,48.9
2025-05-27,5,53.5
2025-05-28,5,45.8
2025-05-29,5,44.3
2025-05-30,5,48.9
2025-05-31,5,54.4
2025-06-01,5,34.6
2025-06-02,5,35.0
2025-06-03,5,32.0
2025-06-04,5,35.7
2025-06-05,5,37.8
2025-06-06,5,60.9
2025-06-07,5,51.0
2025-06-08,5,43.5
2025-06-09,5,35.3
2025-06-10,5,48.1
2025-06-11,5,44.0
2025-06-12,5,41.8
2025-06-13,5,42.2
2025-06-14,5,37.7
2025-06-15,5,41.5
2025-06-16,5,39.6
2025-06-17,5,32.9
2025-06-18,5,39.4
2025-06-19,5,38.3
2025-06-20,5,52.1
2025-06-21,5,38.5
2025-06-22,5,35.3
2025-06-23,5,34.4
2025-06-24,5,42.6
2025-06-25,5,42.8
2025-06-26,5,29.7
2025-06-27,5,43.3
2025-06-28,5,41.2
2025-06-29,5,40.7
2025-06-30,5,31.1
2025-07-01,5,41.8
2025-07-02,5,41.2
2025-07-03,5,32.5
2025-07-04,5,58.1
2025-07-05,5,36.5
2025-07-06,5,36.6
2025-07-07,5,43.3
2025-07-08,5,41.0
2025-07-09,5,29.8
2025-07-10,5,37.7
2025-07-11,5,34.0
2025-07-12,5,42.1
2025-07-13,5,27.8
2025-07-14,5,50.0
2025-07-15,5,48.1
2025-07-16,5,39.5
2025-07-17,5,28.9
2025-07-18,5,37.5
2025-07-19,5,64.2
2025-07-20,5,34.0
2025-07-21,5,32.7
2025-07-22,5,44.5
2025-07-23,5,25.2
2025-07-24,5,22.6
2025-07-25,5,45.8
2025-07-26,5,30.3
2025-07-27,5,39.4
2025-07-28,5,43.2
2025-07-29,5,33.2
2025-07-30,5,46.2
2025-07-31,5,32.1
2025-08-01,5,30.3
2025-08-02,5,40.0
2025-08-03,5,35.4
2025-08-04,5,29.8
2025-08-05,5,42.7
2025-08-06,5,26.7
2025-08-07,5,37.8
2025-08-08,5,55.7
2025-08-09,5,48.8
2025-08-10,5,44.3
2025-08-11,5,43.2
2025-08-12,5,39.4
2025-08-13,5,40.8
2025-08-14,5,35.8
2025-08-15,5,19.0
2025-08-16,5,40.8
2025-08-17,5,19.1
2025-08-18,5,24.9
2025-08-19,5,34.4
2025-08-20,5,40.9
2025-08-21,5,26.0
2025-08-22,5,23.2
2025-08-23,5,30.5
2025-08-24,5,23.9
2025-08-25,5,36.1
2025-08-26,5,24.6
2025-08-27,5,36.3
2025-08-28,5,42.9
2025-08-29,5,42.4
2025-08-30,5,40.1
2025-08-31,5,44.0
2025-09-01,5,37.2
2025-09-02,5,37.7
2025-09-03,5,37.6
2025-09-04,5,17.5
2025-09-05,5,34.0
2025-09-06,5,50.1
2025-09-07,5,28.9
2025-09-08,5,39.1
2025-09-09,5,30.1
2025-09-10,5,35.0
2025-09-11,5,24.1
2025-09-12,5,31.5
2025-09-13,5,39.6
2025-09-14,5,35.0
2025-09-15,5,25.9
2025-09-16,5,23.8
2025-09-17,5,38.7
2025-09-18,5,38.2
2025-09-19,5,44.7
2025-09-20,5,50.0
2025-09-21,5,40.8
2025-09-22,5,39.0
2025-09-23,5,40.1
2025-09-24,5,33.8
2025-09-25,5,34.9
2025-09-26,5,43.8
2025-09-27,5,46.6
2025-09-28,5,45.7
2025-09-29,5,37.6
2025-09-30,5,38.9
2025-10-01,5,42.8
2025-10-02,5,35.7
2025-10-03,5,35.5
2025-10-04,5,39.3
2025-10-05,5,34.1
2025-10-06,5,31.6
2025-10-07,5,29.1
2025-10-08,5,41.7
2025-10-09,5,44.2
2025-10-10,5,33.7
2025-10-11,5,55.9
2025-10-12,5,25.8
2025-10-13,5,36.9
2025-10-14,5,38.3
2025-10-15,5,29.8
2025-10-16,5,42.0
2025-10-17,5,40.3
2025-10-18,5,41.4
2025-10-19,5,28.1
2025-10-20,5,21.5
2025-10-21,5,27.9
2025-10-22,5,42.0
2025-10-23,5,25.5
2025-10-24,5,36.0
2025-10-25,5,36.9
2025-10-26,5,26.0
2025-10-27,5,34.8
2025-10-28,5,36.2
2025-10-29,5,36.1
2025-10-30,5,42.2
2025-10-31,5,43.8
2025-11-01,5,57.7
2025-11-02,5,46.3
2025-11-03,5,37.9
2025-11-04,5,38.2
2025-11-05,5,35.7
2025-11-06,5,41.2
2025-11-07,5,39.7
2025-11-08,5,44.0
2025-11-09,5,43.6
2025-11-10,5,45.6
2025-11-11,5,43.5
2025-11-12,5,36.0
2025-11-13,5,37.8
2025-11-14,5,33.5
2025-11-15,5,29.0
2025-11-16,5,37.9
2025-11-17,5,49.5
2025-11-18,5,21.3
2025-11-19,5,30.4
2025-11-20,5,45.0
2025-11-21,5,47.9
2025-11-22,5,47.1
2025-11-23,5,40.1
2025-11-24,5,48.5
2025-11-25,5,36.0
2025-11-26,5,37.4
2025-11-27,5,34.5
2025-11-28,5,34.9
2025-11-29,5,61.4
2025-11-30,5,34.6
2025-12-01,5,27.8
2025-12-02,5,42.9
2025-12-03,5,22.9
2025-12-04,5,39.5
2025-12-05,5,30.2
2025-12-06,5,44.0
2025-12-07,5,40.3
2025-12-08,5,27.3
2025-12-09,5,43.3
2025-12-10,5,46.0
2025-12-11,5,43.0
2025-12-12,5,34.2
2025-12-13,5,57.8
2025-12-14,5,40.0
2025-12-15,5,51.4
2025-12-16,5,42.6
2025-12-17,5,52.2
2025-12-18,5,47.2
2025-12-19,5,38.5
2025-12-20,5,56.9
2025-12-21,5,36.1
2025-12-22,5,36.3
2025-12-23,5,32.7
2025-12-24,5,44.6
2025-12-25,5,44.6
2025-12-26,5,50.7
2025-12-27,5,31.5
2025-12-28,5,57.2
2025-12-29,5,47.3
2025-12-30,5,45.0
2024-01-01,6,42.0
2024-01-02,6,38.4
2024-01-03,6,46.1
2024-01-04,6,53.7
2024-01-05,6,36.0
2024-01-06,6,50.9
2024-01-07,6,40.8
2024-01-08,6,45.7
2024-01-09,6,32.7
2024-01-10,6,41.5
2024-01-11,6,48.8
2024-01-12,6,63.2
2024-01-13,6,52.9
2024-01-14,6,58.5
2024-01-15,6,43.1
2024-01-16,6,46.2
2024-01-17,6,34.5
2024-01-18,6,47.0
2024-01-19,6,45.9
2024-01-20,6,61.2
2024-01-21,6,31.3
2024-01-22,6,25.9
2024-01-23,6,29.5
2024-01-24,6,52.0
2024-01-25,6,41.2
2024-01-26,6,52.1
2024-01-27,6,50.2
2024-01-28,6,53.4
2024-01-29,6,33.3
2024-01-30,6,38.8
2024-01-31,6,44.3
2024-02-01,6,51.4
2024-02-02,6,47.1
2024-02-03,6,55.0
2024-02-04,6,53.5
2024-02-05,6,48.6
2024-02-06,6,42.7
2024-02-07,6,48.7
2024-02-08,6,43.8
2024-02-09,6,40.4
2024-02-10,6,49.2
2024-02-11,6,35.7
2024-02-12,6,55.2
2024-02-13,6,42.0
2024-02-14,6,29.8
2024-02-15,6,50.2
2024-02-16,6,71.4
2024-02-17,6,43.9
2024-02-18,6,53.2
2024-02-19,6,33.2
2024-02-20,6,43.4
2024-02-21,6,46.7
2024-02-22,6,44.8
2024-02-23,6,60.4
2024-02-24,6,58.2
2024-02-25,6,55.0
2024-02-26,6,53.4
2024-02-27,6,54.2
2024-02-28,6,41.5
2024-02-29,6,44.7
2024-03-01,6,43.9
2024-03-02,6,60.8
2024-03-03,6,54.0
2024-03-04,6,50.9
2024-03-05,6,51.6
2024-03-06,6,33.1
2024-03-07,6,53.1
2024-03-08,6,49.1
2024-03-09,6,63.1
2024-03-10,6,47.8
2024-03-11,6,53.9
2024-03-12,6,46.4
2024-03-13,6,51.7
2024-03-14,6,44.8
2024-03-15,6,69.2
2024-03-16,6,47.6
2024-03-17,6,41.3
2024-03-18,6,39.4
2024-03-19,6,53.7
2024-03-20,6,46.6
2024-03-21,6,47.4
2024-03-22,6,63.7
2024-03-23,6,57.3
2024-03-24,6,57.3
2024-03-25,6,46.0
2024-03-26,6,60.6
2024-03-27,6,46.9
2024-03-28,6,48.2
2024-03-29,6,77.0
2024-03-30,6,48.4
2024-03-31,6,52.6
2024-04-01,6,36.3
2024-04-02,6,48.8
2024-04-03,6,40.7
2024-04-04,6,58.9
2024-04-05,6,57.6
2024-04-06,6,50.0
2024-04-07,6,47.0
2024-04-08,6,43.2
2024-04-09,6,56.8
2024-04-10,6,46.6
2024-04-11,6,53.6
2024-04-12,6,59.5
2024-04-13,6,61.6
2024-04-14,6,65.4
2024-04-15,6,43.7
2024-04-16,6,49.9
2024-04-17,6,34.9
2024-04-18,6,51.1
2024-04-19,6,52.8
2024-04-20,6,70.2
2024-04-21,6,54.1
2024-04-22,6,41.7
2024-04-23,6,41.3
2024-04-24,6,58.7
2024-04-25,6,44.3
2024-04-26,6,50.1
2024-04-27,6,55.7
2024-04-28,6,54.9
2024-04-29,6,46.4
2024-04-30,6,49.0
2024-05-01,6,45.5
2024-05-02,6,36.8
2024-05-03,6,41.1
2024-05-04,6,40.6
2024-05-05,6,42.0
2024-05-06,6,51.3
2024-05-07,6,51.3
2024-05-08,6,46.8
2024-05-09,6,65.3
2024-05-10,6,50.7
2024-05-11,6,62.2
2024-05-12,6,42.1
2024-05-13,6,44.2
2024-05-14,6,51.0
2024-05-15,6,41.4
2024-05-16,6,36.3
2024-05-17,6,37.9
2024-05-18,6,41.0
2024-05-19,6,58.0
2024-05-20,6,48.4
2024-05-21,6,42.5
2024-05-22,6,41.9
2024-05-23,6,36.2
2024-05-24,6,50.0
2024-05-25,6,52.9
2024-05-26,6,52.9
2024-05-27,6,75.2
2024-05-28,6,51.1
2024-05-29,6,42.1
2024-05-30,6,52.0
2024-05-31,6,57.3
2024-06-01,6,43.5
2024-06-02,6,43.8
2024-06-03,6,46.8
2024-06-04,6,42.2
2024-06-05,6,46.3
2024-06-06,6,58.4
2024-06-07,6,65.4
2024-06-08,6,48.0
2024-06-09,6,45.7
2024-06-10,6,46.9
2024-06-11,6,46.5
2024-06-12,6,48.5
2024-06-13,6,34.8
2024-06-14,6,53.1
2024-06-15,6,45.3
2024-06-16,6,51.4
2024-06-17,6,42.1
2024-06-18,6,31.0
2024-06-19,6,49.0
2024-06-20,6,37.4
2024-06-21,6,59.9
2024-06-22,6,37.2
2024-06-23,6,52.2
2024-06-24,6,38.4
2024-06-25,6,69.2
2024-06-26,6,50.1
2024-06-27,6,58.9
2024-06-28,6,60.9
2024-06-29,6,56.6
2024-06-30,6,32.9
2024-07-01,6,55.5
2024-07-02,6,50.6
2024-07-03,6,45.9
2024-07-04,6,50.5
2024-07-05,6,54.8
2024-07-06,6,57.6
2024-07-07,6,36.4
2024-07-08,6,51.3
2024-07-09,6,40.5
2024-07-10,6,36.2
2024-07-11,6,45.1
2024-07-12,6,39.2
2024-07-13,6,47.5
2024-07-14,6,36.8
2024-07-15,6,41.9
2024-07-16,6,51.4
2024-07-17,6,46.2
2024-07-18,6,43.9
2024-07-19,6,55.3
2024-07-20,6,44.7
2024-07-21,6,50.7
2024-07-22,6,49.2
2024-07-23,6,48.3
2024-07-24,6,39.3
2024-07-25,6,43.3
2024-07-26,6,59.4
2024-07-27,6,51.2
2024-07-28,6,46.8
2024-07-29,6,38.4
2024-07-30,6,36.8
2024-07-31,6,38.7
2024-08-01,6,32.7
2024-08-02,6,52.6
2024-08-03,6,51.9
2024-08-04,6,39.7
2024-08-05,6,54.8
2024-08-06,6,30.4
2024-08-07,6,54.7
2024-08-08,6,47.8
2024-08-09,6,48.4
2024-08-10,6,54.4
2024-08-11,6,55.8
2024-08-12,6,41.8
2024-08-13,6,58.8
2024-08-14,6,38.0
2024-08-15,6,23.9
2024-08-16,6,41.4
2024-08-17,6,65.2
2024-08-18,6,50.5
2024-08-19,6,39.4
2024-08-20,6,30.7
2024-08-21,6,43.0
2024-08-22,6,42.1
2024-08-23,6,47.0
2024-08-24,6,27.3
2024-08-25,6,37.2
2024-08-26,6,43.1
2024-08-27,6,46.2
2024-08-28,6,32.2
2024-08-29,6,34.4
2024-08-30,6,45.3
2024-08-31,6,54.3
2024-09-01,6,52.8
2024-09-02,6,35.3
2024-09-03,6,37.9
2024-09-04,6,46.7
2024-09-05,6,46.5
2024-09-06,6,41.2
2024-09-07,6,33.9
2024-09-08,6,37.2
2024-09-09,6,37.1
2024-09-10,6,48.7
2024-09-11,6,37.2
2024-09-12,6,32.0
2024-09-13,6,53.7
2024-09-14,6,54.3
2024-09-15,6,51.7
2024-09-16,6,40.7
2024-09-17,6,36.9
2024-09-18,6,38.5
2024-09-19,6,26.6
2024-09-20,6,46.4
2024-09-21,6,36.4
2024-09-22,6,38.9
2024-09-23,6,38.1
2024-09-24,6,27.4
2024-09-25,6,45.1
2024-09-26,6,33.6
2024-09-27,6,49.0
2024-09-28,6,43.9
2024-09-29,6,45.7
2024-09-30,6,35.5
2024-10-01,6,52.4
2024-10-02,6,38.8
2024-10-03,6,47.2
2024-10-04,6,57.6
2024-10-05,6,40.2
2024-10-06,6,46.9
2024-10-07,6,33.9
2024-10-08,6,37.4
2024-10-09,6,43.9
2024-10-10,6,43.2
2024-10-11,6,43.2
2024-10-12,6,36.5
2024-10-13,6,41.1
2024-10-14,6,33.8
2024-10-15,6,49.9
2024-10-16,6,34.5
2024-10-17,6,38.1
2024-10-18,6,47.2
2024-10-19,6,28.1
2024-10-20,6,34.4
2024-10-21,6,46.9
2024-10-22,6,50.1
2024-10-23,6,44.3
2024-10-24,6,42.5
2024-10-25,6,45.8
2024-10-26,6,43.3
2024-10-27,6,53.2
2024-10-28,6,49.8
2024-10-29,6,35.2
2024-10-30,6,40.7
2024-10-31,6,48.5
2024-11-01,6,49.2
2024-11-02,6,50.0
2024-11-03,6,48.9
2024-11-04,6,44.9
2024-11-05,6,36.0
2024-11-06,6,47.2
2024-11-07,6,46.8
2024-11-08,6,51.5
2024-11-09,6,47.7
2024-11-10,6,41.4
2024-11-11,6,33.3
2024-11-12,6,35.4
2024-11-13,6,36.4
2024-11-14,6,59.1
2024-11-15,6,53.6
2024-11-16,6,47.4
2024-11-17,6,49.5
2024-11-18,6,50.4
2024-11-19,6,41.7
2024-11-20,6,51.4
2024-11-21,6,40.4
2024-11-22,6,33.9
2024-11-23,6,47.7
2024-11-24,6,47.9
2024-11-25,6,57.3
2024-11-26,6,30.4
2024-11-27,6,29.3
2024-11-28,6,32.2
2024-11-29,6,44.6
2024-11-30,6,58.2
2024-12-01,6,58.9
2024-12-02,6,55.0
2024-12-03,6,30.9
2024-12-04,6,36.5
2024-12-05,6,52.3
2024-12-06,6,47.9
2024-12-07,6,55.9
2024-12-08,6,39.9
2024-12-09,6,56.0
2024-12-10,6,39.3
2024-12-11,6,41.9
2024-12-12,6,37.4
2024-12-13,6,63.3
2024-12-14,6,45.2
2024-12-15,6,51.1
2024-12-16,6,56.1
2024-12-17,6,48.0
2024-12-18,6,31.4
2024-12-19,6,58.1
2024-12-20,6,59.1
2024-12-21,6,65.4
2024-12-22,6,41.9
2024-12-23,6,50.3
2024-12-24,6,65.7
2024-12-25,6,26.0
2024-12-26,6,52.8
2024-12-27,6,53.8
2024-12-28,6,77.8
2024-12-29,6,59.3
2024-12-30,6,38.3
2024-12-31,6,47.4
2025-01-01,6,41.2
2025-01-02,6,37.6
2025-01-03,6,39.6
2025-01-04,6,48.3
2025-01-05,6,55.4
2025-01-06,6,35.9
2025-01-07,6,58.9
2025-01-08,6,28.3
2025-01-09,6,38.6
2025-01-10,6,71.1
2025-01-11,6,65.1
2025-01-12,6,52.0
2025-01-13,6,46.8
2025-01-14,6,48.9
2025-01-15,6,73.6
2025-01-16,6,72.3
2025-01-17,6,65.2
2025-01-18,6,63.1
2025-01-19,6,43.7
2025-01-20,6,41.4
2025-01-21,6,43.5
2025-01-22,6,34.8
2025-01-23,6,53.5
2025-01-24,6,35.9
2025-01-25,6,48.6
2025-01-26,6,35.0
2025-01-27,6,50.9
2025-01-28,6,55.3
2025-01-29,6,43.3
2025-01-30,6,44.6
2025-01-31,6,62.5
2025-02-01,6,47.9
2025-02-02,6,42.4
2025-02-03,6,53.1
2025-02-04,6,53.3
2025-02-05,6,50.6
2025-02-06,6,57.2
2025-02-07,6,54.6
2025-02-08,6,65.7
2025-02-09,6,65.0
2025-02-10,6,48.3
2025-02-11,6,63.7
2025-02-12,6,63.5
2025-02-13,6,38.9
2025-02-14,6,69.1
2025-02-15,6,51.7
2025-02-16,6,65.6
2025-02-17,6,62.3
2025-02-18,6,47.8
2025-02-19,6,44.2
2025-02-20,6,49.6
2025-02-21,6,74.3
2025-02-22,6,66.4
2025-02-23,6,64.1
2025-02-24,6,55.3
2025-02-25,6,46.0
2025-02-26,6,52.0
2025-02-27,6,55.9
2025-02-28,6,74.0
2025-03-01,6,73.3
2025-03-02,6,42.8
2025-03-03,6,58.9
2025-03-04,6,30.5
2025-03-05,6,53.2
2025-03-06,6,53.4
2025-03-07,6,55.0
2025-03-08,6,69.3
2025-03-09,6,42.0
2025-03-10,6,51.5
2025-03-11,6,55.2
2025-03-12,6,62.8
2025-03-13,6,54.1
2025-03-14,6,82.5
2025-03-15,6,41.8
2025-03-16,6,56.6
2025-03-17,6,68.1
2025-03-18,6,66.7
2025-03-19,6,58.2
2025-03-20,6,58.4
2025-03-21,6,63.6
2025-03-22,6,64.7
2025-03-23,6,61.7
2025-03-24,6,68.2
2025-03-25,6,45.6
2025-03-26,6,66.0
2025-03-27,6,44.9
2025-03-28,6,92.1
2025-03-29,6,70.9
2025-03-30,6,69.9
2025-03-31,6,51.1
2025-04-01,6,51.9
2025-04-02,6,54.4
2025-04-03,6,63.5
2025-04-04,6,69.6
2025-04-05,6,89.7
2025-04-06,6,58.9
2025-04-07,6,53.0
2025-04-08,6,43.4
2025-04-09,6,49.0
2025-04-10,6,57.8
2025-04-11,6,66.9
2025-04-12,6,72.9
2025-04-13,6,63.9
2025-04-14,6,46.7
2025-04-15,6,58.9
2025-04-16,6,52.0
2025-04-17,6,61.5
2025-04-18,6,91.5
2025-04-19,6,58.2
2025-04-20,6,73.9
2025-04-21,6,55.4
2025-04-22,6,53.4
2025-04-23,6,72.2
2025-04-24,6,37.7
2025-04-25,6,92.6
2025-04-26,6,70.7
2025-04-27,6,39.6
2025-04-28,6,59.2
2025-04-29,6,49.6
2025-04-30,6,37.5
2025-05-01,6,61.6
2025-05-02,6,58.7
2025-05-03,6,49.4
2025-05-04,6,76.8
2025-05-05,6,53.0
2025-05-06,6,58.1
2025-05-07,6,69.2
2025-05-08,6,55.0
2025-05-09,6,59.9
2025-05-10,6,56.6
2025-05-11,6,67.8
2025-05-12,6,59.1
2025-05-13,6,62.6
2025-05-14,6,42.2
2025-05-15,6,53.1
2025-05-16,6,80.2
2025-05-17,6,71.1
2025-05-18,6,55.4
2025-05-19,6,50.7
2025-05-20,6,52.0
2025-05-21,6,67.8
2025-05-22,6,44.1
2025-05-23,6,59.0
2025-05-24,6,63.1
2025-05-25,6,59.2
2025-05-26,6,66.0
2025-05-27,6,62.8
2025-05-28,6,70.9
2025-05-29,6,55.4
2025-05-30,6,49.5
2025-05-31,6,80.1
2025-06-01,6,49.5
2025-06-02,6,56.0
2025-06-03,6,52.2
2025-06-04,6,65.8
2025-06-05,6,53.4
2025-06-06,6,59.9
2025-06-07,6,64.4
2025-06-08,6,69.8
2025-06-09,6,44.9
2025-06-10,6,80.1
2025-06-11,6,60.1
2025-06-12,6,41.6
2025-06-13,6,48.0
2025-06-14,6,70.6
2025-06-15,6,43.4
2025-06-16,6,59.8
2025-06-17,6,47.6
2025-06-18,6,50.3
2025-06-19,6,47.9
2025-06-20,6,65.3
2025-06-21,6,79.8
2025-06-22,6,63.3
2025-06-23,6,68.2
2025-06-24,6,49.4
2025-06-25,6,39.1
2025-06-26,6,45.2
2025-06-27,6,64.7
2025-06-28,6,51.1
2025-06-29,6,59.9
2025-06-30,6,63.3
2025-07-01,6,66.7
2025-07-02,6,55.4
2025-07-03,6,56.9
2025-07-04,6,51.4
2025-07-05,6,51.0
2025-07-06,6,57.7
2025-07-07,6,49.5
2025-07-08,6,44.5
2025-07-09,6,54.6
2025-07-10,6,29.7
2025-07-11,6,59.1
2025-07-12,6,68.4
2025-07-13,6,44.1
2025-07-14,6,41.5
2025-07-15,6,60.5
2025-07-16,6,53.2
2025-07-17,6,58.6
2025-07-18,6,51.3
2025-07-19,6,68.6
2025-07-20,6,42.3
2025-07-21,6,51.7
2025-07-22,6,56.9
2025-07-23,6,54.3
2025-07-24,6,80.0
2025-07-25,6,60.0
2025-07-26,6,62.7
2025-07-27,6,59.7
2025-07-28,6,35.5
2025-07-29,6,57.4
2025-07-30,6,48.3
2025-07-31,6,51.2
2025-08-01,6,61.3
2025-08-02,6,44.5
2025-08-03,6,53.4
2025-08-04,6,48.7
2025-08-05,6,51.4
2025-08-06,6,59.4
2025-08-07,6,45.7
2025-08-08,6,62.1
2025-08-09,6,66.6
2025-08-10,6,47.3
2025-08-11,6,60.0
2025-08-12,6,41.3
2025-08-13,6,58.0
2025-08-14,6,48.0
2025-08-15,6,61.9
2025-08-16,6,43.8
2025-08-17,6,48.8
2025-08-18,6,52.6
2025-08-19,6,38.3
2025-08-20,6,19.9
2025-08-21,6,39.7
2025-08-22,6,38.3
2025-08-23,6,39.6
2025-08-24,6,34.5
2025-08-25,6,41.0
2025-08-26,6,33.2
2025-08-27,6,60.9
2025-08-28,6,41.4
2025-08-29,6,53.4
2025-08-30,6,43.1
2025-08-31,6,43.4
2025-09-01,6,57.5
2025-09-02,6,49.6
2025-09-03,6,55.8
2025-09-04,6,45.8
2025-09-05,6,56.8
2025-09-06,6,45.7
2025-09-07,6,43.7
2025-09-08,6,44.7
2025-09-09,6,53.0
2025-09-10,6,44.1
2025-09-11,6,43.5
2025-09-12,6,53.7
2025-09-13,6,56.6
2025-09-14,6,38.5
2025-09-15,6,41.1
2025-09-16,6,65.3
2025-09-17,6,54.0
2025-09-18,6,35.2
2025-09-19,6,57.1
2025-09-20,6,48.3
2025-09-21,6,31.9
2025-09-22,6,43.5
2025-09-23,6,37.5
2025-09-24,6,55.2
2025-09-25,6,50.7
2025-09-26,6,61.1
2025-09-27,6,49.3
2025-09-28,6,33.0
2025-09-29,6,37.4
2025-09-30,6,53.0
2025-10-01,6,47.8
2025-10-02,6,42.6
2025-10-03,6,48.6
2025-10-04,6,54.9
2025-10-05,6,39.3
2025-10-06,6,42.3
2025-10-07,6,60.4
2025-10-08,6,65.6
2025-10-09,6,48.8
2025-10-10,6,36.2
2025-10-11,6,70.8
2025-10-12,6,45.3
2025-10-13,6,31.2
2025-10-14,6,42.4
2025-10-15,6,53.1
2025-10-16,6,39.1
2025-10-17,6,51.6
2025-10-18,6,53.7
2025-10-19,6,28.3
2025-10-20,6,59.9
2025-10-21,6,45.1
2025-10-22,6,43.4
2025-10-23,6,55.0
2025-10-24,6,30.9
2025-10-25,6,59.0
2025-10-26,6,47.2
2025-10-27,6,44.6
2025-10-28,6,41.9
2025-10-29,6,54.4
2025-10-30,6,28.2
2025-10-31,6,53.4
2025-11-01,6,59.4
2025-11-02,6,57.3
2025-11-03,6,64.9
2025-11-04,6,33.7
2025-11-05,6,37.6
2025-11-06,6,52.1
2025-11-07,6,66.2
2025-11-08,6,58.9
2025-11-09,6,55.5
2025-11-10,6,41.4
2025-11-11,6,56.1
2025-11-12,6,43.4
2025-11-13,6,42.8
2025-11-14,6,56.3
2025-11-15,6,38.0
2025-11-16,6,59.7
2025-11-17,6,56.5
2025-11-18,6,59.4
2025-11-19,6,28.3
2025-11-20,6,45.2
2025-11-21,6,66.1
2025-11-22,6,45.5
2025-11-23,6,60.6
2025-11-24,6,55.5
2025-11-25,6,69.4
2025-11-26,6,39.9
2025-11-27,6,48.4
2025-11-28,6,45.0
2025-11-29,6,52.9
2025-11-30,6,45.2
2025-12-01,6,28.2
2025-12-02,6,69.8
2025-12-03,6,37.3
2025-12-04,6,47.6
2025-12-05,6,66.6
2025-12-06,6,49.1
2025-12-07,6,54.2
2025-12-08,6,46.5
2025-12-09,6,48.3
2025-12-10,6,54.5
2025-12-11,6,68.2
2025-12-12,6,56.5
2025-12-13,6,52.5
2025-12-14,6,51.1
2025-12-15,6,61.3
2025-12-16,6,50.0
2025-12-17,6,66.0
2025-12-18,6,44.5
2025-12-19,6,57.5
2025-12-20,6,44.9
2025-12-21,6,43.4
2025-12-22,6,56.6
2025-12-23,6,54.6
2025-12-24,6,61.0
2025-12-25,6,61.4
2025-12-26,6,59.2
2025-12-27,6,76.1
2025-12-28,6,62.8
2025-12-29,6,53.4
2025-12-30,6,39.9
2024-01-01,7,35.7
2024-01-02,7,36.7
2024-01-03,7,32.4
2024-01-04,7,40.9
2024-01-05,7,37.4
2024-01-06,7,41.1
2024-01-07,7,40.7
2024-01-08,7,37.6
2024-01-09,7,28.5
2024-01-10,7,32.0
2024-01-11,7,34.9
2024-01-12,7,36.3
2024-01-13,7,41.9
2024-01-14,7,35.1
2024-01-15,7,30.6
2024-01-16,7,48.5
2024-01-17,7,39.3
2024-01-18,7,37.6
2024-01-19,7,39.4
2024-01-20,7,48.2
2024-01-21,7,34.8
2024-01-22,7,36.1
2024-01-23,7,35.8
2024-01-24,7,50.2
2024-01-25,7,38.1
2024-01-26,7,44.5
2024-01-27,7,41.4
2024-01-28,7,44.5
2024-01-29,7,41.4
2024-01-30,7,34.5
2024-01-31,7,36.6
2024-02-01,7,44.0
2024-02-02,7,38.0
2024-02-03,7,38.7
2024-02-04,7,28.3
2024-02-05,7,35.9
2024-02-06,7,35.3
2024-02-07,7,54.7
2024-02-08,7,29.1
2024-02-09,7,39.2
2024-02-10,7,43.5
2024-02-11,7,44.9
2024-02-12,7,53.5
2024-02-13,7,47.6
2024-02-14,7,45.6
2024-02-15,7,55.6
2024-02-16,7,51.9
2024-02-17,7,55.1
2024-02-18,7,44.6
2024-02-19,7,34.3
2024-02-20,7,26.9
2024-02-21,7,42.1
2024-02-22,7,34.3
2024-02-23,7,36.4
2024-02-24,7,57.8
2024-02-25,7,40.2
2024-02-26,7,39.1
2024-02-27,7,54.2
2024-02-28,7,44.3
2024-02-29,7,39.5
2024-03-01,7,39.8
2024-03-02,7,43.4
2024-03-03,7,36.2
2024-03-04,7,46.6
2024-03-05,7,43.7
2024-03-06,7,44.2
2024-03-07,7,50.4
2024-03-08,7,50.1
2024-03-09,7,55.6
2024-03-10,7,39.3
2024-03-11,7,53.4
2024-03-12,7,42.1
2024-03-13,7,42.8
2024-03-14,7,61.1
2024-03-15,7,47.0
2024-03-16,7,65.9
2024-03-17,7,43.9
2024-03-18,7,56.2
2024-03-19,7,46.3
2024-03-20,7,33.6
2024-03-21,7,43.2
2024-03-22,7,37.9
2024-03-23,7,54.8
2024-03-24,7,48.6
2024-03-25,7,42.2
2024-03-26,7,39.7
2024-03-27,7,39.1
2024-03-28,7,37.9
2024-03-29,7,44.4
2024-03-30,7,41.8
2024-03-31,7,32.4
2024-04-01,7,53.9
2024-04-02,7,41.8
2024-04-03,7,48.7
2024-04-04,7,48.4
2024-04-05,7,54.7
2024-04-06,7,40.3
2024-04-07,7,36.7
2024-04-08,7,47.5
2024-04-09,7,44.2
2024-04-10,7,37.2
2024-04-11,7,35.6
2024-04-12,7,56.9
2024-04-13,7,62.8
2024-04-14,7,43.4
2024-04-15,7,30.5
2024-04-16,7,35.6
2024-04-17,7,60.0
2024-04-18,7,43.0
2024-04-19,7,52.5
2024-04-20,7,61.6
2024-04-21,7,38.8
2024-04-22,7,35.8
2024-04-23,7,44.9
2024-04-24,7,27.7
2024-04-25,7,35.0
2024-04-26,7,60.9
2024-04-27,7,55.9
2024-04-28,7,33.7
2024-04-29,7,44.7
2024-04-30,7,33.0
2024-05-01,7,26.8
2024-05-02,7,37.0
2024-05-03,7,44.0
2024-05-04,7,41.3
2024-05-05,7,39.1
2024-05-06,7,52.8
2024-05-07,7,43.5
2024-05-08,7,42.8
2024-05-09,7,36.4
2024-05-10,7,39.4
2024-05-11,7,35.4
2024-05-12,7,33.0
2024-05-13,7,38.4
2024-05-14,7,27.4
2024-05-15,7,47.2
2024-05-16,7,37.4
2024-05-17,7,53.3
2024-05-18,7,49.8
2024-05-19,7,35.2
2024-05-20,7,36.7
2024-05-21,7,49.4
2024-05-22,7,34.5
2024-05-23,7,42.4
2024-05-24,7,53.2
2024-05-25,7,38.8
2024-05-26,7,45.2
2024-05-27,7,32.8
2024-05-28,7,41.6
2024-05-29,7,42.5
2024-05-30,7,38.4
2024-05-31,7,58.2
2024-06-01,7,40.9
2024-06-02,7,46.4
2024-06-03,7,37.7
2024-06-04,7,39.5
2024-06-05,7,41.9
2024-06-06,7,38.2
2024-06-07,7,29.5
2024-06-08,7,42.8
2024-06-09,7,48.7
2024-06-10,7,33.0
2024-06-11,7,35.2
2024-06-12,7,27.0
2024-06-13,7,33.8
2024-06-14,7,43.5
2024-06-15,7,53.8
2024-06-16,7,34.6
2024-06-17,7,39.1
2024-06-18,7,33.8
2024-06-19,7,31.6
2024-06-20,7,37.9
2024-06-21,7,51.6
2024-06-22,7,42.8
2024-06-23,7,33.7
2024-06-24,7,30.5
2024-06-25,7,32.8
2024-06-26,7,36.1
2024-06-27,7,28.6
2024-06-28,7,36.4
2024-06-29,7,48.6
2024-06-30,7,46.3
2024-07-01,7,41.4
2024-07-02,7,46.2
2024-07-03,7,34.4
2024-07-04,7,49.6
2024-07-05,7,50.3
2024-07-06,7,34.2
2024-07-07,7,28.2
2024-07-08,7,27.9
2024-07-09,7,28.0
2024-07-10,7,28.0
2024-07-11,7,44.6
2024-07-12,7,21.0
2024-07-13,7,45.0
2024-07-14,7,35.4
2024-07-15,7,43.6
2024-07-16,7,26.4
2024-07-17,7,26.5
2024-07-18,7,36.3
2024-07-19,7,28.5
2024-07-20,7,31.7
2024-07-21,7,39.6
2024-07-22,7,41.0
2024-07-23,7,36.4
2024-07-24,7,34.5
2024-07-25,7,20.0
2024-07-26,7,30.8
2024-07-27,7,48.1
2024-07-28,7,32.9
2024-07-29,7,35.1
2024-07-30,7,29.5
2024-07-31,7,31.6
2024-08-01,7,32.6
2024-08-02,7,42.9
2024-08-03,7,34.2
2024-08-04,7,30.9
2024-08-05,7,44.3
2024-08-06,7,39.5
2024-08-07,7,38.7
2024-08-08,7,38.7
2024-08-09,7,37.6
2024-08-10,7,23.0
2024-08-11,7,25.6
2024-08-12,7,33.9
2024-08-13,7,23.8
2024-08-14,7,27.5
2024-08-15,7,42.0
2024-08-16,7,43.4
2024-08-17,7,36.6
2024-08-18,7,43.9
2024-08-19,7,32.2
2024-08-20,7,25.1
2024-08-21,7,24.3
2024-08-22,7,24.4
2024-08-23,7,43.0
2024-08-24,7,34.1
2024-08-25,7,25.2
2024-08-26,7,28.4
2024-08-27,7,32.3
2024-08-28,7,26.0
2024-08-29,7,16.6
2024-08-30,7,41.0
2024-08-31,7,26.9
2024-09-01,7,34.9
2024-09-02,7,29.5
2024-09-03,7,32.6
2024-09-04,7,32.6
2024-09-05,7,31.8
2024-09-06,7,38.0
2024-09-07,7,33.8
2024-09-08,7,20.0
2024-09-09,7,25.0
2024-09-10,7,21.3
2024-09-11,7,29.1
2024-09-12,7,31.5
2024-09-13,7,28.6
2024-09-14,7,23.9
2024-09-15,7,28.0
2024-09-16,7,32.8
2024-09-17,7,33.4
2024-09-18,7,26.9
2024-09-19,7,29.2
2024-09-20,7,43.6
2024-09-21,7,44.5
2024-09-22,7,30.9
2024-09-23,7,36.8
2024-09-24,7,36.7
2024-09-25,7,27.1
2024-09-26,7,34.3
2024-09-27,7,38.8
2024-09-28,7,37.7
2024-09-29,7,38.5
2024-09-30,7,29.0
2024-10-01,7,36.1
2024-10-02,7,31.7
2024-10-03,7,37.7
2024-10-04,7,40.1
2024-10-05,7,39.7
2024-10-06,7,29.0
2024-10-07,7,36.1
2024-10-08,7,39.1
2024-10-09,7,28.7
2024-10-10,7,32.7
2024-10-11,7,33.6
2024-10-12,7,36.1
2024-10-13,7,42.6
2024-10-14,7,33.8
2024-10-15,7,41.7
2024-10-16,7,25.7
2024-10-17,7,39.1
2024-10-18,7,38.8
2024-10-19,7,46.6
2024-10-20,7,37.0
2024-10-21,7,27.5
2024-10-22,7,15.4
2024-10-23,7,35.7
2024-10-24,7,36.7
2024-10-25,7,36.5
2024-10-26,7,39.4
2024-10-27,7,29.2
2024-10-28,7,33.5
2024-10-29,7,31.3
2024-10-30,7,29.1
2024-10-31,7,31.2
2024-11-01,7,27.5
2024-11-02,7,24.8
2024-11-03,7,32.8
2024-11-04,7,33.1
2024-11-05,7,46.6
2024-11-06,7,40.2
2024-11-07,7,25.4
2024-11-08,7,27.2
2024-11-09,7,26.3
2024-11-10,7,30.5
2024-11-11,7,27.0
2024-11-12,7,32.7
2024-11-13,7,27.7
2024-11-14,7,30.0
2024-11-15,7,45.4
2024-11-16,7,38.6
2024-11-17,7,44.9
2024-11-18,7,38.1
2024-11-19,7,39.7
2024-11-20,7,23.2
2024-11-21,7,25.6
2024-11-22,7,39.1
2024-11-23,7,45.4
2024-11-24,7,43.2
2024-11-25,7,39.8
2024-11-26,7,39.7
2024-11-27,7,32.5
2024-11-28,7,26.7
2024-11-29,7,35.6
2024-11-30,7,43.0
2024-12-01,7,36.7
2024-12-02,7,38.7
2024-12-03,7,41.6
2024-12-04,7,59.9
2024-12-05,7,30.1
2024-12-06,7,40.4
2024-12-07,7,43.6
2024-12-08,7,36.6
2024-12-09,7,42.2
2024-12-10,7,35.4
2024-12-11,7,42.7
2024-12-12,7,38.1
2024-12-13,7,52.4
2024-12-14,7,49.5
2024-12-15,7,35.1
2024-12-16,7,44.0
2024-12-17,7,39.2
2024-12-18,7,43.3
2024-12-19,7,48.1
2024-12-20,7,48.0
2024-12-21,7,41.1
2024-12-22,7,39.1
2024-12-23,7,41.1
2024-12-24,7,38.8
2024-12-25,7,42.3
2024-12-26,7,38.0
2024-12-27,7,45.2
2024-12-28,7,46.9
2024-12-29,7,32.8
2024-12-30,7,39.5
2024-12-31,7,41.6
2025-01-01,7,61.2
2025-01-02,7,44.5
2025-01-03,7,46.3
2025-01-04,7,53.6
2025-01-05,7,49.6
2025-01-06,7,47.0
2025-01-07,7,43.8
2025-01-08,7,36.5
2025-01-09,7,37.9
2025-01-10,7,42.3
2025-01-11,7,48.8
2025-01-12,7,35.3
2025-01-13,7,44.4
2025-01-14,7,31.3
2025-01-15,7,42.5
2025-01-16,7,40.4
2025-01-17,7,48.4
2025-01-18,7,49.0
2025-01-19,7,28.5
2025-01-20,7,46.0
2025-01-21,7,28.1
2025-01-22,7,44.0
2025-01-23,7,47.7
2025-01-24,7,51.7
2025-01-25,7,46.3
2025-01-26,7,47.2
2025-01-27,7,29.0
2025-01-28,7,34.7
2025-01-29,7,33.8
2025-01-30,7,51.0
2025-01-31,7,55.9
2025-02-01,7,53.6
2025-02-02,7,46.2
2025-02-03,7,41.7
2025-02-04,7,50.9
2025-02-05,7,43.6
2025-02-06,7,34.7
2025-02-07,7,67.9
2025-02-08,7,40.9
2025-02-09,7,52.4
2025-02-10,7,35.5
2025-02-11,7,42.5
2025-02-12,7,53.9
2025-02-13,7,36.8
2025-02-14,7,57.9
2025-02-15,7,48.0
2025-02-16,7,41.7
2025-02-17,7,42.7
2025-02-18,7,58.7
2025-02-19,7,42.9
2025-02-20,7,47.3
2025-02-21,7,57.5
2025-02-22,7,54.5
2025-02-23,7,42.3
2025-02-24,7,61.9
2025-02-25,7,35.1
2025-02-26,7,49.6
2025-02-27,7,52.9
2025-02-28,7,33.5
2025-03-01,7,48.1
2025-03-02,7,44.9
2025-03-03,7,47.1
2025-03-04,7,50.6
2025-03-05,7,30.0
2025-03-06,7,32.4
2025-03-07,7,67.7
2025-03-08,7,54.4
2025-03-09,7,46.1
2025-03-10,7,40.3
2025-03-11,7,42.1
2025-03-12,7,45.0
2025-03-13,7,53.2
2025-03-14,7,65.6
2025-03-15,7,54.3
2025-03-16,7,52.2
2025-03-17,7,49.0
2025-03-18,7,58.8
2025-03-19,7,40.2
2025-03-20,7,49.1
2025-03-21,7,48.6
2025-03-22,7,59.8
2025-03-23,7,63.2
2025-03-24,7,46.6
2025-03-25,7,44.9
2025-03-26,7,54.7
2025-03-27,7,59.2
2025-03-28,7,52.4
2025-03-29,7,73.2
2025-03-30,7,67.0
2025-03-31,7,43.4
2025-04-01,7,39.4
2025-04-02,7,50.8
2025-04-03,7,48.4
2025-04-04,7,75.1
2025-04-05,7,53.1
2025-04-06,7,53.3
2025-04-07,7,51.7
2025-04-08,7,38.8
2025-04-09,7,51.2
2025-04-10,7,34.3
2025-04-11,7,44.1
2025-04-12,7,68.0
2025-04-13,7,41.8
2025-04-14,7,48.8
2025-04-15,7,53.3
2025-04-16,7,57.1
2025-04-17,7,60.1
2025-04-18,7,50.8
2025-04-19,7,47.0
2025-04-20,7,46.4
2025-04-21,7,54.0
2025-04-22,7,47.0
2025-04-23,7,47.4
2025-04-24,7,46.8
2025-04-25,7,47.4
2025-04-26,7,73.2
2025-04-27,7,29.0
2025-04-28,7,51.9
2025-04-29,7,43.2
2025-04-30,7,42.1
2025-05-01,7,51.3
2025-05-02,7,40.0
2025-05-03,7,43.8
2025-05-04,7,38.0
2025-05-05,7,35.2
2025-05-06,7,35.6
2025-05-07,7,54.0
2025-05-08,7,46.7
2025-05-09,7,48.3
2025-05-10,7,62.4
2025-05-11,7,48.7
2025-05-12,7,41.5
2025-05-13,7,44.5
2025-05-14,7,43.6
2025-05-15,7,46.4
2025-05-16,7,67.4
2025-05-17,7,52.6
2025-05-18,7,42.2
2025-05-19,7,45.5
2025-05-20,7,40.5
2025-05-21,7,47.1
2025-05-22,7,60.6
2025-05-23,7,47.1
2025-05-24,7,39.5
2025-05-25,7,56.5
2025-05-26,7,31.7
2025-05-27,7,59.2
2025-05-28,7,46.2
2025-05-29,7,29.6
2025-05-30,7,58.8
2025-05-31,7,43.8
2025-06-01,7,44.6
2025-06-02,7,39.6
2025-06-03,7,31.7
2025-06-04,7,36.3
2025-06-05,7,55.8
2025-06-06,7,46.6
2025-06-07,7,49.0
2025-06-08,7,39.3
2025-06-09,7,44.5
2025-06-10,7,44.2
2025-06-11,7,53.5
2025-06-12,7,39.7
2025-06-13,7,48.7
2025-06-14,7,46.3
2025-06-15,7,35.9
2025-06-16,7,46.5
2025-06-17,7,30.9
2025-06-18,7,46.9
2025-06-19,7,34.8
2025-06-20,7,60.9
2025-06-21,7,47.8
2025-06-22,7,49.0
2025-06-23,7,52.4
2025-06-24,7,30.3
2025-06-25,7,41.2
2025-06-26,7,37.9
2025-06-27,7,46.5
2025-06-28,7,56.3
2025-06-29,7,37.3
2025-06-30,7,50.8
2025-07-01,7,40.7
2025-07-02,7,39.0
2025-07-03,7,53.2
2025-07-04,7,36.2
2025-07-05,7,37.3
2025-07-06,7,46.7
2025-07-07,7,46.0
2025-07-08,7,35.6
2025-07-09,7,34.9
2025-07-10,7,32.3
2025-07-11,7,47.9
2025-07-12,7,39.6
2025-07-13,7,50.1
2025-07-14,7,27.8
2025-07-15,7,47.2
2025-07-16,7,40.4
2025-07-17,7,45.0
2025-07-18,7,61.1
2025-07-19,7,48.8
2025-07-20,7,52.5
2025-07-21,7,34.5
2025-07-22,7,49.9
2025-07-23,7,45.4
2025-07-24,7,36.3
2025-07-25,7,33.7
2025-07-26,7,33.0
2025-07-27,7,35.9
2025-07-28,7,41.7
2025-07-29,7,22.3
2025-07-30,7,28.1
2025-07-31,7,27.3
2025-08-01,7,43.1
2025-08-02,7,42.3
2025-08-03,7,51.1
2025-08-04,7,38.4
2025-08-05,7,44.9
2025-08-06,7,36.5
2025-08-07,7,29.7
2025-08-08,7,45.0
2025-08-09,7,57.6
2025-08-10,7,41.7
2025-08-11,7,36.2
2025-08-12,7,35.5
2025-08-13,7,37.3
2025-08-14,7,33.6
2025-08-15,7,44.5
2025-08-16,7,42.2
2025-08-17,7,36.9
2025-08-18,7,42.2
2025-08-19,7,30.8
2025-08-20,7,37.7
2025-08-21,7,38.7
2025-08-22,7,42.9
2025-08-23,7,41.1
2025-08-24,7,32.2
2025-08-25,7,30.0
2025-08-26,7,36.4
2025-08-27,7,33.3
2025-08-28,7,35.6
2025-08-29,7,31.8
2025-08-30,7,42.8
2025-08-31,7,26.9
2025-09-01,7,30.9
2025-09-02,7,37.1
2025-09-03,7,34.9
2025-09-04,7,31.2
2025-09-05,7,43.0
2025-09-06,7,44.4
2025-09-07,7,22.8
2025-09-08,7,27.6
2025-09-09,7,39.7
2025-09-10,7,40.3
2025-09-11,7,38.7
2025-09-12,7,33.9
2025-09-13,7,43.6
2025-09-14,7,36.0
2025-09-15,7,27.2
2025-09-16,7,43.4
2025-09-17,7,20.0
2025-09-18,7,38.8
2025-09-19,7,37.0
2025-09-20,7,34.3
2025-09-21,7,25.2
2025-09-22,7,28.3
2025-09-23,7,22.9
2025-09-24,7,32.8
2025-09-25,7,25.5
2025-09-26,7,43.1
2025-09-27,7,41.0
2025-09-28,7,31.0
2025-09-29,7,28.7
2025-09-30,7,37.4
2025-10-01,7,37.1
2025-10-02,7,34.8
2025-10-03,7,49.2
2025-10-04,7,39.9
2025-10-05,7,35.7
2025-10-06,7,34.8
2025-10-07,7,34.1
2025-10-08,7,36.8
2025-10-09,7,31.9
2025-10-10,7,31.1
2025-10-11,7,38.2
2025-10-12,7,39.7
2025-10-13,7,42.1
2025-10-14,7,30.6
2025-10-15,7,40.5
2025-10-16,7,37.0
2025-10-17,7,49.1
2025-10-18,7,35.0
2025-10-19,7,34.7
2025-10-20,7,30.5
2025-10-21,7,34.1
2025-10-22,7,28.5
2025-10-23,7,33.5
2025-10-24,7,42.8
2025-10-25,7,55.0
2025-10-26,7,36.0
2025-10-27,7,31.7
2025-10-28,7,20.5
2025-10-29,7,27.4
2025-10-30,7,34.5
2025-10-31,7,39.8
2025-11-01,7,47.9
2025-11-02,7,27.7
2025-11-03,7,32.1
2025-11-04,7,43.5
2025-11-05,7,40.3
2025-11-06,7,25.9
2025-11-07,7,39.4
2025-11-08,7,47.0
2025-11-09,7,36.4
2025-11-10,7,39.7
2025-11-11,7,38.5
2025-11-12,7,47.0
2025-11-13,7,43.0
2025-11-14,7,36.6
2025-11-15,7,42.4
2025-11-16,7,37.2
2025-11-17,7,31.4
2025-11-18,7,38.0
2025-11-19,7,51.1
2025-11-20,7,29.9
2025-11-21,7,41.6
2025-11-22,7,51.1
2025-11-23,7,37.5
2025-11-24,7,38.2
2025-11-25,7,38.1
2025-11-26,7,32.9
2025-11-27,7,43.1
2025-11-28,7,26.4
2025-11-29,7,27.2
2025-11-30,7,33.3
2025-12-01,7,38.6
2025-12-02,7,25.6
2025-12-03,7,35.5
2025-12-04,7,44.7
2025-12-05,7,41.0
2025-12-06,7,26.4
2025-12-07,7,35.0
2025-12-08,7,37.0
2025-12-09,7,38.5
2025-12-10,7,43.8
2025-12-11,7,34.7
2025-12-12,7,47.7
2025-12-13,7,53.9
2025-12-14,7,38.0
2025-12-15,7,37.9
2025-12-16,7,39.9
2025-12-17,7,39.1
2025-12-18,7,64.7
2025-12-19,7,35.9
2025-12-20,7,44.7
2025-12-21,7,33.5
2025-12-22,7,47.6
2025-12-23,7,56.1
2025-12-24,7,48.8
2025-12-25,7,43.8
2025-12-26,7,63.1
2025-12-27,7,65.7
2025-12-28,7,54.8
2025-12-29,7,47.3
2025-12-30,7,44.2
2024-01-01,8,52.3
2024-01-02,8,44.1
2024-01-03,8,56.4
2024-01-04,8,46.9
2024-01-05,8,37.8
2024-01-06,8,43.7
2024-01-07,8,55.7
2024-01-08,8,42.4
2024-01-09,8,38.8
2024-01-10,8,35.0
2024-01-11,8,40.7
2024-01-12,8,56.1
2024-01-13,8,51.7
2024-01-14,8,64.0
2024-01-15,8,53.5
2024-01-16,8,59.2
2024-01-17,8,54.2
2024-01-18,8,43.2
2024-01-19,8,57.4
2024-01-20,8,71.1
2024-01-21,8,59.4
2024-01-22,8,52.4
2024-01-23,8,58.9
2024-01-24,8,48.9
2024-01-25,8,59.6
2024-01-26,8,61.1
2024-01-27,8,64.9
2024-01-28,8,48.1
2024-01-29,8,59.1
2024-01-30,8,49.9
2024-01-31,8,59.0
2024-02-01,8,58.1
2024-02-02,8,60.8
2024-02-03,8,50.1
2024-02-04,8,31.2
2024-02-05,8,53.9
2024-02-06,8,50.8
2024-02-07,8,56.1
2024-02-08,8,49.8
2024-02-09,8,64.4
2024-02-10,8,78.4
2024-02-11,8,48.1
2024-02-12,8,61.8
2024-02-13,8,62.1
2024-02-14,8,53.5
2024-02-15,8,54.8
2024-02-16,8,55.2
2024-02-17,8,75.5
2024-02-18,8,43.2
2024-02-19,8,47.7
2024-02-20,8,42.4
2024-02-21,8,75.6
2024-02-22,8,47.4
2024-02-23,8,60.6
2024-02-24,8,44.2
2024-02-25,8,49.5
2024-02-26,8,55.2
2024-02-27,8,60.9
2024-02-28,8,53.9
2024-02-29,8,58.8
2024-03-01,8,46.0
2024-03-02,8,70.4
2024-03-03,8,67.6
2024-03-04,8,45.1
2024-03-05,8,56.8
2024-03-06,8,61.5
2024-03-07,8,66.4
2024-03-08,8,56.9
2024-03-09,8,69.5
2024-03-10,8,52.2
2024-03-11,8,66.0
2024-03-12,8,57.0
2024-03-13,8,66.7
2024-03-14,8,52.7
2024-03-15,8,70.2
2024-03-16,8,65.4
2024-03-17,8,30.2
2024-03-18,8,47.0
2024-03-19,8,62.9
2024-03-20,8,44.8
2024-03-21,8,46.9
2024-03-22,8,61.5
2024-03-23,8,67.4
2024-03-24,8,48.3
2024-03-25,8,66.8
2024-03-26,8,46.6
2024-03-27,8,49.7
2024-03-28,8,45.6
2024-03-29,8,79.5
2024-03-30,8,47.4
2024-03-31,8,66.6
2024-04-01,8,47.0
2024-04-02,8,74.2
2024-04-03,8,67.6
2024-04-04,8,50.3
2024-04-05,8,75.5
2024-04-06,8,56.1
2024-04-07,8,49.5
2024-04-08,8,63.2
2024-04-09,8,57.0
2024-04-10,8,44.0
2024-04-11,8,51.2
2024-04-12,8,96.6
2024-04-13,8,79.7
2024-04-14,8,49.7
2024-04-15,8,56.8
2024-04-16,8,64.5
2024-04-17,8,52.2
2024-04-18,8,47.0
2024-04-19,8,63.4
2024-04-20,8,76.0
2024-04-21,8,57.4
2024-04-22,8,46.1
2024-04-23,8,41.8
2024-04-24,8,37.2
2024-04-25,8,42.8
2024-04-26,8,61.0
2024-04-27,8,41.9
2024-04-28,8,68.0
2024-04-29,8,57.8
2024-04-30,8,57.5
2024-05-01,8,54.6
2024-05-02,8,68.8
2024-05-03,8,61.6
2024-05-04,8,82.5
2024-05-05,8,54.7
2024-05-06,8,70.1
2024-05-07,8,45.2
2024-05-08,8,59.0
2024-05-09,8,46.3
2024-05-10,8,50.8
2024-05-11,8,75.0
2024-05-12,8,67.0
2024-05-13,8,46.7
2024-05-14,8,47.9
2024-05-15,8,48.3
2024-05-16,8,65.8
2024-05-17,8,74.8
2024-05-18,8,83.4
2024-05-19,8,66.1
2024-05-20,8,54.9
2024-05-21,8,55.5
2024-05-22,8,48.6
2024-05-23,8,55.6
2024-05-24,8,75.6
2024-05-25,8,88.7
2024-05-26,8,39.5
2024-05-27,8,63.3
2024-05-28,8,61.4
2024-05-29,8,62.0
2024-05-30,8,56.7
2024-05-31,8,71.4
2024-06-01,8,69.3
2024-06-02,8,50.5
2024-06-03,8,60.2
2024-06-04,8,63.8
2024-06-05,8,68.6
2024-06-06,8,46.7
2024-06-07,8,66.8
2024-06-08,8,63.8
2024-06-09,8,55.6
2024-06-10,8,49.0
2024-06-11,8,69.3
2024-06-12,8,52.8
2024-06-13,8,40.9
2024-06-14,8,67.5
2024-06-15,8,70.5
2024-06-16,8,49.4
2024-06-17,8,56.7
2024-06-18,8,46.4
2024-06-19,8,50.9
2024-06-20,8,43.2
2024-06-21,8,65.8
2024-06-22,8,55.2
2024-06-23,8,51.5
2024-06-24,8,59.6
2024-06-25,8,46.7
2024-06-26,8,68.3
2024-06-27,8,68.7
2024-06-28,8,48.6
2024-06-29,8,60.3
2024-06-30,8,55.4
2024-07-01,8,42.7
2024-07-02,8,52.0
2024-07-03,8,57.2
2024-07-04,8,67.6
2024-07-05,8,68.5
2024-07-06,8,38.8
2024-07-07,8,52.5
2024-07-08,8,44.0
2024-07-09,8,52.0
2024-07-10,8,62.1
2024-07-11,8,50.3
2024-07-12,8,77.7
2024-07-13,8,60.5
2024-07-14,8,60.4
2024-07-15,8,56.2
2024-07-16,8,56.9
2024-07-17,8,59.1
2024-07-18,8,46.4
2024-07-19,8,58.3
2024-07-20,8,65.7
2024-07-21,8,47.9
2024-07-22,8,41.0
2024-07-23,8,45.2
2024-07-24,8,33.7
2024-07-25,8,40.0
2024-07-26,8,48.5
2024-07-27,8,60.1
2024-07-28,8,59.1
2024-07-29,8,39.9
2024-07-30,8,63.2
2024-07-31,8,41.7
2024-08-01,8,57.2
2024-08-02,8,69.6
2024-08-03,8,46.5
2024-08-04,8,51.0
2024-08-05,8,59.5
2024-08-06,8,38.7
2024-08-07,8,52.6
2024-08-08,8,56.7
2024-08-09,8,70.3
2024-08-10,8,47.7
2024-08-11,8,41.0
2024-08-12,8,49.4
2024-08-13,8,35.2
2024-08-14,8,39.4
2024-08-15,8,38.1
2024-08-16,8,53.8
2024-08-17,8,56.3
2024-08-18,8,49.6
2024-08-19,8,54.9
2024-08-20,8,61.1
2024-08-21,8,53.0
2024-08-22,8,46.9
2024-08-23,8,49.8
2024-08-24,8,47.1
2024-08-25,8,62.8
2024-08-26,8,45.4
2024-08-27,8,50.9
2024-08-28,8,49.5
2024-08-29,8,41.2
2024-08-30,8,64.1
2024-08-31,8,61.3
2024-09-01,8,47.3
2024-09-02,8,62.8
2024-09-03,8,41.5
2024-09-04,8,43.2
2024-09-05,8,48.5
2024-09-06,8,62.0
2024-09-07,8,53.7
2024-09-08,8,37.7
2024-09-09,8,55.6
2024-09-10,8,45.4
2024-09-11,8,52.0
2024-09-12,8,51.8
2024-09-13,8,49.3
2024-09-14,8,46.0
2024-09-15,8,57.9
2024-09-16,8,37.7
2024-09-17,8,50.9
2024-09-18,8,50.8
2024-09-19,8,41.4
2024-09-20,8,56.7
2024-09-21,8,49.5
2024-09-22,8,42.3
2024-09-23,8,36.8
2024-09-24,8,54.3
2024-09-25,8,34.6
2024-09-26,8,45.2
2024-09-27,8,40.6
2024-09-28,8,63.9
2024-09-29,8,44.9
2024-09-30,8,61.0
2024-10-01,8,42.5
2024-10-02,8,47.5
2024-10-03,8,37.0
2024-10-04,8,52.1
2024-10-05,8,57.2
2024-10-06,8,46.7
2024-10-07,8,38.9
2024-10-08,8,41.1
2024-10-09,8,54.4
2024-10-10,8,30.4
2024-10-11,8,54.4
2024-10-12,8,62.5
2024-10-13,8,60.4
2024-10-14,8,34.5
2024-10-15,8,56.6
2024-10-16,8,52.6
2024-10-17,8,45.9
2024-10-18,8,42.3
2024-10-19,8,70.5
2024-10-20,8,42.1
2024-10-21,8,52.4
2024-10-22,8,52.8
2024-10-23,8,38.6
2024-10-24,8,55.4
2024-10-25,8,24.6
2024-10-26,8,50.9
2024-10-27,8,41.5
2024-10-28,8,44.2
2024-10-29,8,67.2
2024-10-30,8,38.2
2024-10-31,8,41.3
2024-11-01,8,56.8
2024-11-02,8,42.4
2024-11-03,8,42.5
2024-11-04,8,46.7
2024-11-05,8,44.2
2024-11-06,8,55.5
2024-11-07,8,46.0
2024-11-08,8,66.3
2024-11-09,8,64.8
2024-11-10,8,32.3
2024-11-11,8,48.5
2024-11-12,8,43.0
2024-11-13,8,55.1
2024-11-14,8,52.6
2024-11-15,8,51.7
2024-11-16,8,58.0
2024-11-17,8,55.0
2024-11-18,8,65.0
2024-11-19,8,56.5
2024-11-20,8,57.3
2024-11-21,8,49.2
2024-11-22,8,60.6
2024-11-23,8,48.9
2024-11-24,8,63.7
2024-11-25,8,36.3
2024-11-26,8,53.9
2024-11-27,8,47.1
2024-11-28,8,35.4
2024-11-29,8,41.3
2024-11-30,8,45.8
2024-12-01,8,50.2
2024-12-02,8,54.4
2024-12-03,8,61.6
2024-12-04,8,46.4
2024-12-05,8,59.9
2024-12-06,8,53.5
2024-12-07,8,63.1
2024-12-08,8,57.8
2024-12-09,8,47.1
2024-12-10,8,53.0
2024-12-11,8,52.0
2024-12-12,8,52.6
2024-12-13,8,55.2
2024-12-14,8,71.2
2024-12-15,8,54.1
2024-12-16,8,46.7
2024-12-17,8,68.2
2024-12-18,8,60.1
2024-12-19,8,62.0
2024-12-20,8,74.0
2024-12-21,8,54.0
2024-12-22,8,56.7
2024-12-23,8,54.3
2024-12-24,8,50.2
2024-12-25,8,53.2
2024-12-26,8,58.0
2024-12-27,8,53.9
2024-12-28,8,52.0
2024-12-29,8,52.1
2024-12-30,8,33.0
2024-12-31,8,75.3
2025-01-01,8,53.8
2025-01-02,8,64.7
2025-01-03,8,39.9
2025-01-04,8,64.2
2025-01-05,8,47.6
2025-01-06,8,64.4
2025-01-07,8,53.8
2025-01-08,8,74.4
2025-01-09,8,62.0
2025-01-10,8,51.3
2025-01-11,8,69.8
2025-01-12,8,35.4
2025-01-13,8,55.2
2025-01-14,8,69.0
2025-01-15,8,61.1
2025-01-16,8,59.3
2025-01-17,8,69.1
2025-01-18,8,85.7
2025-01-19,8,50.3
2025-01-20,8,66.1
2025-01-21,8,75.9
2025-01-22,8,69.4
2025-01-23,8,78.8
2025-01-24,8,79.6
2025-01-25,8,71.3
2025-01-26,8,51.3
2025-01-27,8,43.5
2025-01-28,8,72.9
2025-01-29,8,60.0
2025-01-30,8,48.7
2025-01-31,8,62.6
2025-02-01,8,42.8
2025-02-02,8,66.6
2025-02-03,8,47.1
2025-02-04,8,58.2
2025-02-05,8,50.3
2025-02-06,8,64.0
2025-02-07,8,51.8
2025-02-08,8,74.9
2025-02-09,8,70.7
2025-02-10,8,69.3
2025-02-11,8,69.1
2025-02-12,8,51.8
2025-02-13,8,67.9
2025-02-14,8,74.7
2025-02-15,8,77.6
2025-02-16,8,72.3
2025-02-17,8,42.7
2025-02-18,8,59.6
2025-02-19,8,38.0
2025-02-20,8,70.7
2025-02-21,8,84.4
2025-02-22,8,85.4
2025-02-23,8,55.0
2025-02-24,8,59.6
2025-02-25,8,67.0
2025-02-26,8,41.0
2025-02-27,8,68.3
2025-02-28,8,79.3
2025-03-01,8,60.8
2025-03-02,8,77.5
2025-03-03,8,70.9
2025-03-04,8,56.3
2025-03-05,8,61.9
2025-03-06,8,72.9
2025-03-07,8,93.0
2025-03-08,8,77.0
2025-03-09,8,62.9
2025-03-10,8,85.2
2025-03-11,8,100.2
2025-03-12,8,51.2
2025-03-13,8,64.8
2025-03-14,8,62.3
2025-03-15,8,70.0
2025-03-16,8,58.6
2025-03-17,8,60.6
2025-03-18,8,65.3
2025-03-19,8,67.2
2025-03-20,8,62.8
2025-03-21,8,68.4
2025-03-22,8,96.5
2025-03-23,8,72.2
2025-03-24,8,70.9
2025-03-25,8,75.4
2025-03-26,8,55.1
2025-03-27,8,65.1
2025-03-28,8,105.7
2025-03-29,8,74.4
2025-03-30,8,65.6
2025-03-31,8,59.2
2025-04-01,8,74.6
2025-04-02,8,72.4
2025-04-03,8,51.1
2025-04-04,8,94.1
2025-04-05,8,94.2
2025-04-06,8,79.1
2025-04-07,8,63.3
2025-04-08,8,52.8
2025-04-09,8,68.1
2025-04-10,8,61.0
2025-04-11,8,85.9
2025-04-12,8,106.4
2025-04-13,8,73.1
2025-04-14,8,65.2
2025-04-15,8,70.4
2025-04-16,8,84.4
2025-04-17,8,60.1
2025-04-18,8,76.4
2025-04-19,8,81.4
2025-04-20,8,65.5
2025-04-21,8,71.1
2025-04-22,8,66.3
2025-04-23,8,74.1
2025-04-24,8,70.9
2025-04-25,8,70.6
2025-04-26,8,100.7
2025-04-27,8,82.5
2025-04-28,8,80.9
2025-04-29,8,69.3
2025-04-30,8,92.1
2025-05-01,8,44.9
2025-05-02,8,72.3
2025-05-03,8,92.8
2025-05-04,8,45.4
2025-05-05,8,73.7
2025-05-06,8,77.1
2025-05-07,8,53.5
2025-05-08,8,65.0
2025-05-09,8,83.9
2025-05-10,8,97.1
2025-05-11,8,81.5
2025-05-12,8,72.2
2025-05-13,8,62.8
2025-05-14,8,71.8
2025-05-15,8,95.9
2025-05-16,8,49.1
2025-05-17,8,92.7
2025-05-18,8,45.4
2025-05-19,8,65.6
2025-05-20,8,65.1
2025-05-21,8,87.2
2025-05-22,8,57.9
2025-05-23,8,58.6
2025-05-24,8,40.2
2025-05-25,8,68.0
2025-05-26,8,56.8
2025-05-27,8,72.2
2025-05-28,8,64.5
2025-05-29,8,78.7
2025-05-30,8,113.5
2025-05-31,8,72.1
2025-06-01,8,57.7
2025-06-02,8,55.0
2025-06-03,8,72.5
2025-06-04,8,96.8
2025-06-05,8,61.7
2025-06-06,8,77.0
2025-06-07,8,97.0
2025-06-08,8,92.4
2025-06-09,8,62.3
2025-06-10,8,81.7
2025-06-11,8,73.2
2025-06-12,8,57.4
2025-06-13,8,84.8
2025-06-14,8,79.3
2025-06-15,8,56.6
2025-06-16,8,34.2
2025-06-17,8,69.1
2025-06-18,8,81.5
2025-06-19,8,66.8
2025-06-20,8,71.4
2025-06-21,8,71.4
2025-06-22,8,58.9
2025-06-23,8,67.4
2025-06-24,8,36.5
2025-06-25,8,61.5
2025-06-26,8,74.3
2025-06-27,8,88.4
2025-06-28,8,56.6
2025-06-29,8,41.2
2025-06-30,8,50.6
2025-07-01,8,88.9
2025-07-02,8,56.7
2025-07-03,8,59.5
2025-07-04,8,92.7
2025-07-05,8,66.7
2025-07-06,8,77.7
2025-07-07,8,68.3
2025-07-08,8,51.9
2025-07-09,8,59.6
2025-07-10,8,72.5
2025-07-11,8,64.9
2025-07-12,8,60.7
2025-07-13,8,58.6
2025-07-14,8,71.6
2025-07-15,8,74.9
2025-07-16,8,75.7
2025-07-17,8,60.3
2025-07-18,8,75.9
2025-07-19,8,61.1
2025-07-20,8,50.6
2025-07-21,8,55.2
2025-07-22,8,59.4
2025-07-23,8,70.6
2025-07-24,8,48.4
2025-07-25,8,80.5
2025-07-26,8,91.6
2025-07-27,8,60.6
2025-07-28,8,79.6
2025-07-29,8,53.1
2025-07-30,8,38.8
2025-07-31,8,68.7
2025-08-01,8,43.2
2025-08-02,8,74.3
2025-08-03,8,62.1
2025-08-04,8,54.2
2025-08-05,8,68.2
2025-08-06,8,61.0
2025-08-07,8,69.5
2025-08-08,8,63.7
2025-08-09,8,63.8
2025-08-10,8,47.5
2025-08-11,8,37.7
2025-08-12,8,74.1
2025-08-13,8,63.2
2025-08-14,8,60.0
2025-08-15,8,58.2
2025-08-16,8,54.0
2025-08-17,8,59.5
2025-08-18,8,51.1
2025-08-19,8,43.3
2025-08-20,8,68.2
2025-08-21,8,68.5
2025-08-22,8,83.4
2025-08-23,8,62.9
2025-08-24,8,66.9
2025-08-25,8,51.3
2025-08-26,8,45.6
2025-08-27,8,54.5
2025-08-28,8,59.2
2025-08-29,8,55.5
2025-08-30,8,68.9
2025-08-31,8,38.6
2025-09-01,8,64.0
2025-09-02,8,47.6
2025-09-03,8,47.1
2025-09-04,8,39.3
2025-09-05,8,46.8
2025-09-06,8,61.2
2025-09-07,8,47.9
2025-09-08,8,57.6
2025-09-09,8,51.0
2025-09-10,8,46.4
2025-09-11,8,55.4
2025-09-12,8,57.7
2025-09-13,8,68.5
2025-09-14,8,59.2
2025-09-15,8,51.9
2025-09-16,8,33.6
2025-09-17,8,45.4
2025-09-18,8,50.8
2025-09-19,8,59.3
2025-09-20,8,43.1
2025-09-21,8,49.3
2025-09-22,8,61.4
2025-09-23,8,49.3
2025-09-24,8,32.4
2025-09-25,8,45.2
2025-09-26,8,60.6
2025-09-27,8,52.2
2025-09-28,8,64.1
2025-09-29,8,37.0
2025-09-30,8,59.2
2025-10-01,8,44.8
2025-10-02,8,45.2
2025-10-03,8,68.3
2025-10-04,8,82.5
2025-10-05,8,63.3
2025-10-06,8,52.2
2025-10-07,8,45.1
2025-10-08,8,53.5
2025-10-09,8,54.7
2025-10-10,8,72.9
2025-10-11,8,71.2
2025-10-12,8,53.5
2025-10-13,8,46.6
2025-10-14,8,37.9
2025-10-15,8,48.8
2025-10-16,8,47.2
2025-10-17,8,46.7
2025-10-18,8,51.7
2025-10-19,8,56.6
2025-10-20,8,40.0
2025-10-21,8,61.1
2025-10-22,8,56.5
2025-10-23,8,40.0
2025-10-24,8,61.7
2025-10-25,8,78.1
2025-10-26,8,54.2
2025-10-27,8,51.8
2025-10-28,8,43.0
2025-10-29,8,71.1
2025-10-30,8,53.4
2025-10-31,8,61.4
2025-11-01,8,69.8
2025-11-02,8,59.9
2025-11-03,8,46.5
2025-11-04,8,61.8
2025-11-05,8,33.4
2025-11-06,8,47.0
2025-11-07,8,55.0
2025-11-08,8,68.7
2025-11-09,8,49.8
2025-11-10,8,55.7
2025-11-11,8,51.7
2025-11-12,8,48.5
2025-11-13,8,50.0
2025-11-14,8,72.9
2025-11-15,8,65.9
2025-11-16,8,58.4
2025-11-17,8,57.1
2025-11-18,8,64.8
2025-11-19,8,50.6
2025-11-20,8,58.2
2025-11-21,8,87.2
2025-11-22,8,56.2
2025-11-23,8,51.7
2025-11-24,8,45.5
2025-11-25,8,56.6
2025-11-26,8,49.4
2025-11-27,8,32.7
2025-11-28,8,65.0
2025-11-29,8,74.5
2025-11-30,8,51.9
2025-12-01,8,56.6
2025-12-02,8,47.6
2025-12-03,8,34.6
2025-12-04,8,69.5
2025-12-05,8,42.5
2025-12-06,8,66.9
2025-12-07,8,66.6
2025-12-08,8,73.5
2025-12-09,8,63.9
2025-12-10,8,62.8
2025-12-11,8,63.0
2025-12-12,8,74.7
2025-12-13,8,77.7
2025-12-14,8,52.5
2025-12-15,8,54.1
2025-12-16,8,59.2
2025-12-17,8,54.4
2025-12-18,8,45.7
2025-12-19,8,73.6
2025-12-20,8,64.3
2025-12-21,8,51.3
2025-12-22,8,74.0
2025-12-23,8,49.8
2025-12-24,8,62.9
2025-12-25,8,46.6
2025-12-26,8,86.0
2025-12-27,8,71.2
2025-12-28,8,66.7
2025-12-29,8,66.6
2025-12-30,8,61.0
2024-01-01,9,70.9
2024-01-02,9,42.8
2024-01-03,9,58.4
2024-01-04,9,78.2
2024-01-05,9,72.2
2024-01-06,9,76.8
2024-01-07,9,87.1
2024-01-08,9,99.5
2024-01-09,9,76.1
2024-01-10,9,57.2
2024-01-11,9,76.2
2024-01-12,9,84.0
2024-01-13,9,84.2
2024-01-14,9,89.7
2024-01-15,9,51.6
2024-01-16,9,65.8
2024-01-17,9,75.0
2024-01-18,9,68.3
2024-01-19,9,86.6
2024-01-20,9,90.6
2024-01-21,9,59.4
2024-01-22,9,62.9
2024-01-23,9,83.1
2024-01-24,9,67.0
2024-01-25,9,68.4
2024-01-26,9,71.1
2024-01-27,9,87.5
2024-01-28,9,70.5
2024-01-29,9,54.4
2024-01-30,9,67.6
2024-01-31,9,80.1
2024-02-01,9,70.9
2024-02-02,9,65.5
2024-02-03,9,75.6
2024-02-04,9,80.4
2024-02-05,9,104.6
2024-02-06,9,50.9
2024-02-07,9,71.7
2024-02-08,9,90.0
2024-02-09,9,85.3
2024-02-10,9,91.4
2024-02-11,9,63.9
2024-02-12,9,90.6
2024-02-13,9,96.4
2024-02-14,9,81.0
2024-02-15,9,101.7
2024-02-16,9,58.0
2024-02-17,9,98.1
2024-02-18,9,70.1
2024-02-19,9,72.0
2024-02-20,9,95.6
2024-02-21,9,63.6
2024-02-22,9,48.7
2024-02-23,9,95.6
2024-02-24,9,51.7
2024-02-25,9,74.9
2024-02-26,9,79.1
2024-02-27,9,70.8
2024-02-28,9,59.1
2024-02-29,9,74.4
2024-03-01,9,72.5
2024-03-02,9,101.4
2024-03-03,9,71.5
2024-03-04,9,94.7
2024-03-05,9,83.0
2024-03-06,9,88.7
2024-03-07,9,71.8
2024-03-08,9,92.6
2024-03-09,9,102.3
2024-03-10,9,72.5
2024-03-11,9,71.6
2024-03-12,9,92.1
2024-03-13,9,63.0
2024-03-14,9,73.4
2024-03-15,9,98.0
2024-03-16,9,95.3
2024-03-17,9,83.3
2024-03-18,9,107.5
2024-03-19,9,85.0
2024-03-20,9,63.9
2024-03-21,9,59.2
2024-03-22,9,82.8
2024-03-23,9,92.8
2024-03-24,9,76.5
2024-03-25,9,61.2
2024-03-26,9,94.6
2024-03-27,9,84.5
2024-03-28,9,69.7
2024-03-29,9,110.3
2024-03-30,9,103.2
2024-03-31,9,61.7
2024-04-01,9,82.2
2024-04-02,9,73.5
2024-04-03,9,83.2
2024-04-04,9,75.4
2024-04-05,9,105.8
2024-04-06,9,93.7
2024-04-07,9,79.3
2024-04-08,9,78.9
2024-04-09,9,63.3
2024-04-10,9,59.1
2024-04-11,9,60.9
2024-04-12,9,106.9
2024-04-13,9,104.7
2024-04-14,9,50.2
2024-04-15,9,68.3
2024-04-16,9,99.5
2024-04-17,9,69.7
2024-04-18,9,81.4
2024-04-19,9,99.0
2024-04-20,9,109.8
2024-04-21,9,72.1
2024-04-22,9,92.6
2024-04-23,9,71.6
2024-04-24,9,100.2
2024-04-25,9,93.8
2024-04-26,9,76.3
2024-04-27,9,123.2
2024-04-28,9,102.7
2024-04-29,9,63.2
2024-04-30,9,70.0
2024-05-01,9,87.3
2024-05-02,9,106.7
2024-05-03,9,65.3
2024-05-04,9,92.5
2024-05-05,9,65.2
2024-05-06,9,55.5
2024-05-07,9,71.3
2024-05-08,9,74.5
2024-05-09,9,47.2
2024-05-10,9,97.7
2024-05-11,9,99.7
2024-05-12,9,75.4
2024-05-13,9,93.2
2024-05-14,9,52.4
2024-05-15,9,61.5
2024-05-16,9,87.8
2024-05-17,9,69.7
2024-05-18,9,69.7
2024-05-19,9,70.9
2024-05-20,9,84.5
2024-05-21,9,83.2
2024-05-22,9,88.4
2024-05-23,9,81.5
2024-05-24,9,51.8
2024-05-25,9,101.1
2024-05-26,9,96.1
2024-05-27,9,66.8
2024-05-28,9,71.6
2024-05-29,9,76.7
2024-05-30,9,85.3
2024-05-31,9,89.1
2024-06-01,9,72.2
2024-06-02,9,73.0
2024-06-03,9,77.2
2024-06-04,9,96.7
2024-06-05,9,74.1
2024-06-06,9,39.4
2024-06-07,9,42.4
2024-06-08,9,82.2
2024-06-09,9,53.8
2024-06-10,9,74.4
2024-06-11,9,72.9
2024-06-12,9,81.6
2024-06-13,9,71.4
2024-06-14,9,85.8
2024-06-15,9,80.4
2024-06-16,9,68.0
2024-06-17,9,50.1
2024-06-18,9,87.0
2024-06-19,9,71.1
2024-06-20,9,69.5
2024-06-21,9,96.5
2024-06-22,9,48.3
2024-06-23,9,66.5
2024-06-24,9,63.2
2024-06-25,9,94.1
2024-06-26,9,65.6
2024-06-27,9,79.6
2024-06-28,9,59.9
2024-06-29,9,89.0
2024-06-30,9,74.6
2024-07-01,9,91.5
2024-07-02,9,91.0
2024-07-03,9,61.4
2024-07-04,9,91.2
2024-07-05,9,78.9
2024-07-06,9,93.6
2024-07-07,9,67.0
2024-07-08,9,69.5
2024-07-09,9,71.7
2024-07-10,9,70.0
2024-07-11,9,70.9
2024-07-12,9,85.9
2024-07-13,9,100.4
2024-07-14,9,75.4
2024-07-15,9,64.7
2024-07-16,9,65.6
2024-07-17,9,79.3
2024-07-18,9,80.2
2024-07-19,9,48.4
2024-07-20,9,90.7
2024-07-21,9,74.4
2024-07-22,9,67.2
2024-07-23,9,55.6
2024-07-24,9,95.1
2024-07-25,9,69.4
2024-07-26,9,96.2
2024-07-27,9,51.2
2024-07-28,9,54.0
2024-07-29,9,72.0
2024-07-30,9,69.1
2024-07-31,9,64.4
2024-08-01,9,57.9
2024-08-02,9,65.0
2024-08-03,9,70.7
2024-08-04,9,58.3
2024-08-05,9,40.0
2024-08-06,9,37.1
2024-08-07,9,54.8
2024-08-08,9,60.2
2024-08-09,9,82.1
2024-08-10,9,85.5
2024-08-11,9,73.5
2024-08-12,9,50.8
2024-08-13,9,64.1
2024-08-14,9,76.4
2024-08-15,9,63.1
2024-08-16,9,75.5
2024-08-17,9,85.7
2024-08-18,9,54.8
2024-08-19,9,44.2
2024-08-20,9,46.8
2024-08-21,9,46.2
2024-08-22,9,77.3
2024-08-23,9,48.5
2024-08-24,9,59.9
2024-08-25,9,65.4
2024-08-26,9,47.5
2024-08-27,9,63.9
2024-08-28,9,68.4
2024-08-29,9,54.5
2024-08-30,9,65.6
2024-08-31,9,83.7
2024-09-01,9,63.4
2024-09-02,9,60.7
2024-09-03,9,62.0
2024-09-04,9,56.0
2024-09-05,9,69.7
2024-09-06,9,73.5
2024-09-07,9,67.5
2024-09-08,9,44.7
2024-09-09,9,57.2
2024-09-10,9,59.6
2024-09-11,9,75.7
2024-09-12,9,53.4
2024-09-13,9,52.6
2024-09-14,9,59.2
2024-09-15,9,60.5
2024-09-16,9,47.7
2024-09-17,9,90.0
2024-09-18,9,64.1
2024-09-19,9,68.2
2024-09-20,9,50.4
2024-09-21,9,58.4
2024-09-22,9,59.9
2024-09-23,9,50.8
2024-09-24,9,64.5
2024-09-25,9,42.7
2024-09-26,9,50.9
2024-09-27,9,42.1
2024-09-28,9,80.9
2024-09-29,9,66.6
2024-09-30,9,51.8
2024-10-01,9,74.4
2024-10-02,9,52.2
2024-10-03,9,51.5
2024-10-04,9,77.8
2024-10-05,9,86.4
2024-10-06,9,85.7
2024-10-07,9,66.4
2024-10-08,9,28.8
2024-10-09,9,69.5
2024-10-10,9,63.7
2024-10-11,9,71.8
2024-10-12,9,73.8
2024-10-13,9,63.7
2024-10-14,9,49.9
2024-10-15,9,55.4
2024-10-16,9,67.4
2024-10-17,9,67.8
2024-10-18,9,45.7
2024-10-19,9,38.8
2024-10-20,9,52.0
2024-10-21,9,52.2
2024-10-22,9,49.2
2024-10-23,9,72.5
2024-10-24,9,61.1
2024-10-25,9,74.0
2024-10-26,9,64.1
2024-10-27,9,53.8
2024-10-28,9,31.3
2024-10-29,9,46.0
2024-10-30,9,60.8
2024-10-31,9,65.4
2024-11-01,9,81.7
2024-11-02,9,59.3
2024-11-03,9,48.5
2024-11-04,9,73.6
2024-11-05,9,78.6
2024-11-06,9,41.8
2024-11-07,9,40.7
2024-11-08,9,52.3
2024-11-09,9,59.8
2024-11-10,9,69.6
2024-11-11,9,58.0
2024-11-12,9,64.6
2024-11-13,9,51.6
2024-11-14,9,79.5
2024-11-15,9,60.4
2024-11-16,9,82.5
2024-11-17,9,55.3
2024-11-18,9,60.7
2024-11-19,9,72.3
2024-11-20,9,63.2
2024-11-21,9,88.1
2024-11-22,9,52.8
2024-11-23,9,68.1
2024-11-24,9,48.4
2024-11-25,9,79.7
2024-11-26,9,88.2
2024-11-27,9,70.2
2024-11-28,9,51.1
2024-11-29,9,88.8
2024-11-30,9,87.1
2024-12-01,9,39.9
2024-12-02,9,62.4
2024-12-03,9,68.7
2024-12-04,9,63.9
2024-12-05,9,73.3
2024-12-06,9,81.5
2024-12-07,9,94.4
2024-12-08,9,86.0
2024-12-09,9,59.6
2024-12-10,9,51.2
2024-12-11,9,74.6
2024-12-12,9,50.1
2024-12-13,9,102.6
2024-12-14,9,81.5
2024-12-15,9,86.2
2024-12-16,9,82.2
2024-12-17,9,86.6
2024-12-18,9,76.9
2024-12-19,9,86.5
2024-12-20,9,72.0
2024-12-21,9,63.3
2024-12-22,9,71.3
2024-12-23,9,77.9
2024-12-24,9,44.4
2024-12-25,9,63.3
2024-12-26,9,70.7
2024-12-27,9,87.6
2024-12-28,9,95.5
2024-12-29,9,61.2
2024-12-30,9,86.8
2024-12-31,9,80.2
2025-01-01,9,73.8
2025-01-02,9,40.8
2025-01-03,9,84.1
2025-01-04,9,83.0
2025-01-05,9,94.4
2025-01-06,9,77.0
2025-01-07,9,66.8
2025-01-08,9,83.6
2025-01-09,9,76.4
2025-01-10,9,109.0
2025-01-11,9,82.1
2025-01-12,9,87.4
2025-01-13,9,62.1
2025-01-14,9,85.4
2025-01-15,9,88.2
2025-01-16,9,77.9
2025-01-17,9,110.8
2025-01-18,9,104.1
2025-01-19,9,89.0
2025-01-20,9,70.0
2025-01-21,9,79.1
2025-01-22,9,107.6
2025-01-23,9,75.5
2025-01-24,9,77.6
2025-01-25,9,92.0
2025-01-26,9,84.7
2025-01-27,9,92.0
2025-01-28,9,98.4
2025-01-29,9,117.6
2025-01-30,9,71.8
2025-01-31,9,113.2
2025-02-01,9,98.6
2025-02-02,9,102.8
2025-02-03,9,65.8
2025-02-04,9,77.5
2025-02-05,9,75.3
2025-02-06,9,77.4
2025-02-07,9,90.4
2025-02-08,9,85.0
2025-02-09,9,103.2
2025-02-10,9,113.1
2025-02-11,9,120.7
2025-02-12,9,104.9
2025-02-13,9,75.3
2025-02-14,9,112.6
2025-02-15,9,104.0
2025-02-16,9,89.1
2025-02-17,9,91.0
2025-02-18,9,105.2
2025-02-19,9,96.0
2025-02-20,9,86.8
2025-02-21,9,81.2
2025-02-22,9,88.9
2025-02-23,9,106.5
2025-02-24,9,98.9
2025-02-25,9,61.0
2025-02-26,9,85.5
2025-02-27,9,80.0
2025-02-28,9,100.8
2025-03-01,9,105.6
2025-03-02,9,73.1
2025-03-03,9,111.9
2025-03-04,9,82.0
2025-03-05,9,110.9
2025-03-06,9,89.6
2025-03-07,9,110.9
2025-03-08,9,108.2
2025-03-09,9,82.8
2025-03-10,9,124.9
2025-03-11,9,87.4
2025-03-12,9,114.6
2025-03-13,9,92.9
2025-03-14,9,83.4
2025-03-15,9,95.7
2025-03-16,9,98.1
2025-03-17,9,110.5
2025-03-18,9,68.1
2025-03-19,9,100.6
2025-03-20,9,86.8
2025-03-21,9,80.0
2025-03-22,9,109.8
2025-03-23,9,88.1
2025-03-24,9,67.4
2025-03-25,9,103.3
2025-03-26,9,81.9
2025-03-27,9,84.1
2025-03-28,9,129.4
2025-03-29,9,129.5
2025-03-30,9,68.4
2025-03-31,9,139.9
2025-04-01,9,93.5
2025-04-02,9,109.3
2025-04-03,9,67.5
2025-04-04,9,84.1
2025-04-05,9,117.9
2025-04-06,9,122.8
2025-04-07,9,94.5
2025-04-08,9,76.1
2025-04-09,9,83.4
2025-04-10,9,85.2
2025-04-11,9,124.5
2025-04-12,9,108.0
2025-04-13,9,112.1
2025-04-14,9,90.7
2025-04-15,9,90.3
2025-04-16,9,91.1
2025-04-17,9,90.6
2025-04-18,9,104.8
2025-04-19,9,100.1
2025-04-20,9,56.1
2025-04-21,9,105.5
2025-04-22,9,76.5
2025-04-23,9,107.8
2025-04-24,9,75.4
2025-04-25,9,115.9
2025-04-26,9,81.1
2025-04-27,9,102.5
2025-04-28,9,104.0
2025-04-29,9,50.5
2025-04-30,9,57.6
2025-05-01,9,86.7
2025-05-02,9,85.2
2025-05-03,9,134.3
2025-05-04,9,68.4
2025-05-05,9,91.2
2025-05-06,9,93.0
2025-05-07,9,106.3
2025-05-08,9,62.3
2025-05-09,9,107.5
2025-05-10,9,124.4
2025-05-11,9,101.2
2025-05-12,9,91.5
2025-05-13,9,83.2
2025-05-14,9,82.9
2025-05-15,9,110.6
2025-05-16,9,111.3
2025-05-17,9,76.1
2025-05-18,9,87.6
2025-05-19,9,88.7
2025-05-20,9,79.2
2025-05-21,9,73.3
2025-05-22,9,100.5
2025-05-23,9,59.7
2025-05-24,9,80.1
2025-05-25,9,48.6
2025-05-26,9,74.0
2025-05-27,9,114.3
2025-05-28,9,61.2
2025-05-29,9,94.8
2025-05-30,9,103.3
2025-05-31,9,86.6
2025-06-01,9,65.6
2025-06-02,9,96.5
2025-06-03,9,48.8
2025-06-04,9,91.3
2025-06-05,9,80.0
2025-06-06,9,121.9
2025-06-07,9,51.6
2025-06-08,9,105.3
2025-06-09,9,78.5
2025-06-10,9,78.4
2025-06-11,9,63.9
2025-06-12,9,104.5
2025-06-13,9,90.1
2025-06-14,9,102.0
2025-06-15,9,81.3
2025-06-16,9,69.8
2025-06-17,9,96.6
2025-06-18,9,96.6
2025-06-19,9,88.9
2025-06-20,9,85.3
2025-06-21,9,126.9
2025-06-22,9,58.4
2025-06-23,9,68.9
2025-06-24,9,69.7
2025-06-25,9,101.8
2025-06-26,9,79.9
2025-06-27,9,81.1
2025-06-28,9,86.4
2025-06-29,9,82.5
2025-06-30,9,67.3
2025-07-01,9,87.1
2025-07-02,9,69.6
2025-07-03,9,74.9
2025-07-04,9,85.4
2025-07-05,9,82.7
2025-07-06,9,86.2
2025-07-07,9,93.8
2025-07-08,9,73.8
2025-07-09,9,78.6
2025-07-10,9,72.6
2025-07-11,9,89.1
2025-07-12,9,79.1
2025-07-13,9,84.5
2025-07-14,9,71.5
2025-07-15,9,85.2
2025-07-16,9,70.3
2025-07-17,9,80.3
2025-07-18,9,87.1
2025-07-19,9,80.5
2025-07-20,9,70.1
2025-07-21,9,68.6
2025-07-22,9,85.1
2025-07-23,9,67.8
2025-07-24,9,78.1
2025-07-25,9,87.7
2025-07-26,9,113.0
2025-07-27,9,61.1
2025-07-28,9,81.7
2025-07-29,9,71.7
2025-07-30,9,81.5
2025-07-31,9,58.1
2025-08-01,9,61.0
2025-08-02,9,75.9
2025-08-03,9,75.3
2025-08-04,9,66.9
2025-08-05,9,60.2
2025-08-06,9,74.7
2025-08-07,9,41.5
2025-08-08,9,110.7
2025-08-09,9,75.0
2025-08-10,9,63.8
2025-08-11,9,69.4
2025-08-12,9,71.2
2025-08-13,9,64.5
2025-08-14,9,75.9
2025-08-15,9,115.5
2025-08-16,9,103.8
2025-08-17,9,55.6
2025-08-18,9,57.7
2025-08-19,9,57.3
2025-08-20,9,76.1
2025-08-21,9,89.6
2025-08-22,9,87.3
2025-08-23,9,83.4
2025-08-24,9,72.5
2025-08-25,9,65.5
2025-08-26,9,74.7
2025-08-27,9,62.5
2025-08-28,9,84.4
2025-08-29,9,63.7
2025-08-30,9,42.6
2025-08-31,9,73.1
2025-09-01,9,75.7
2025-09-02,9,76.6
2025-09-03,9,67.4
2025-09-04,9,50.9
2025-09-05,9,104.9
2025-09-06,9,69.3
2025-09-07,9,59.5
2025-09-08,9,65.7
2025-09-09,9,71.8
2025-09-10,9,58.4
2025-09-11,9,75.7
2025-09-12,9,65.2
2025-09-13,9,83.3
2025-09-14,9,55.5
2025-09-15,9,71.7
2025-09-16,9,66.3
2025-09-17,9,66.2
2025-09-18,9,50.2
2025-09-19,9,81.9
2025-09-20,9,63.1
2025-09-21,9,60.9
2025-09-22,9,87.3
2025-09-23,9,83.0
2025-09-24,9,69.0
2025-09-25,9,62.6
2025-09-26,9,80.9
2025-09-27,9,94.7
2025-09-28,9,43.1
2025-09-29,9,84.8
2025-09-30,9,69.0
2025-10-01,9,80.4
2025-10-02,9,61.3
2025-10-03,9,70.1
2025-10-04,9,63.7
2025-10-05,9,63.3
2025-10-06,9,33.1
2025-10-07,9,62.2
2025-10-08,9,66.8
2025-10-09,9,68.5
2025-10-10,9,76.7
2025-10-11,9,114.6
2025-10-12,9,71.6
2025-10-13,9,71.1
2025-10-14,9,78.4
2025-10-15,9,66.0
2025-10-16,9,73.4
2025-10-17,9,75.7
2025-10-18,9,67.3
2025-10-19,9,55.4
2025-10-20,9,53.7
2025-10-21,9,58.5
2025-10-22,9,61.9
2025-10-23,9,64.8
2025-10-24,9,91.3
2025-10-25,9,87.3
2025-10-26,9,65.7
2025-10-27,9,77.2
2025-10-28,9,62.2
2025-10-29,9,74.0
2025-10-30,9,49.2
2025-10-31,9,57.4
2025-11-01,9,65.2
2025-11-02,9,67.9
2025-11-03,9,76.5
2025-11-04,9,62.0
2025-11-05,9,80.4
2025-11-06,9,94.5
2025-11-07,9,77.9
2025-11-08,9,87.4
2025-11-09,9,83.5
2025-11-10,9,79.9
2025-11-11,9,70.8
2025-11-12,9,80.6
2025-11-13,9,62.7
2025-11-14,9,53.7
2025-11-15,9,95.8
2025-11-16,9,76.5
2025-11-17,9,77.6
2025-11-18,9,78.1
2025-11-19,9,66.6
2025-11-20,9,66.9
2025-11-21,9,107.7
2025-11-22,9,65.8
2025-11-23,9,95.6
2025-11-24,9,51.7
2025-11-25,9,73.2
2025-11-26,9,50.9
2025-11-27,9,96.1
2025-11-28,9,100.2
2025-11-29,9,73.1
2025-11-30,9,57.4
2025-12-01,9,62.3
2025-12-02,9,94.4
2025-12-03,9,68.3
2025-12-04,9,68.1
2025-12-05,9,93.3
2025-12-06,9,71.5
2025-12-07,9,78.0
2025-12-08,9,78.4
2025-12-09,9,70.8
2025-12-10,9,76.0
2025-12-11,9,96.6
2025-12-12,9,97.4
2025-12-13,9,93.0
2025-12-14,9,91.1
2025-12-15,9,58.0
2025-12-16,9,59.6
2025-12-17,9,70.2
2025-12-18,9,78.1
2025-12-19,9,72.3
2025-12-20,9,105.5
2025-12-21,9,88.8
2025-12-22,9,85.1
2025-12-23,9,84.3
2025-12-24,9,84.3
2025-12-25,9,105.3
2025-12-26,9,78.7
2025-12-27,9,110.6
2025-12-28,9,98.8
2025-12-29,9,86.1
2025-12-30,9,68.5
2024-01-01,10,52.8
2024-01-02,10,42.9
2024-01-03,10,60.4
2024-01-04,10,55.1
2024-01-05,10,95.1
2024-01-06,10,85.3
2024-01-07,10,57.1
2024-01-08,10,73.1
2024-01-09,10,44.6
2024-01-10,10,65.1
2024-01-11,10,55.0
2024-01-12,10,72.2
2024-01-13,10,84.9
2024-01-14,10,71.6
2024-01-15,10,49.7
2024-01-16,10,42.4
2024-01-17,10,73.7
2024-01-18,10,72.9
2024-01-19,10,93.8
2024-01-20,10,85.8
2024-01-21,10,58.7
2024-01-22,10,71.8
2024-01-23,10,59.0
2024-01-24,10,73.9
2024-01-25,10,66.9
2024-01-26,10,88.0
2024-01-27,10,58.9
2024-01-28,10,56.5
2024-01-29,10,68.8
2024-01-30,10,66.1
2024-01-31,10,70.1
2024-02-01,10,75.8
2024-02-02,10,57.6
2024-02-03,10,77.5
2024-02-04,10,78.4
2024-02-05,10,49.8
2024-02-06,10,72.5
2024-02-07,10,67.2
2024-02-08,10,77.3
2024-02-09,10,79.6
2024-02-10,10,75.6
2024-02-11,10,62.7
2024-02-12,10,57.8
2024-02-13,10,56.6
2024-02-14,10,68.3
2024-02-15,10,66.2
2024-02-16,10,77.6
2024-02-17,10,102.2
2024-02-18,10,59.9
2024-02-19,10,74.9
2024-02-20,10,56.3
2024-02-21,10,93.1
2024-02-22,10,59.1
2024-02-23,10,92.2
2024-02-24,10,74.6
2024-02-25,10,60.4
2024-02-26,10,101.8
2024-02-27,10,74.1
2024-02-28,10,90.9
2024-02-29,10,77.8
2024-03-01,10,75.6
2024-03-02,10,75.0
2024-03-03,10,52.2
2024-03-04,10,57.7
2024-03-05,10,53.2
2024-03-06,10,65.3
2024-03-07,10,70.6
2024-03-08,10,74.8
2024-03-09,10,78.6
2024-03-10,10,72.9
2024-03-11,10,76.0
2024-03-12,10,78.3
2024-03-13,10,70.2
2024-03-14,10,60.8
2024-03-15,10,63.3
2024-03-16,10,76.4
2024-03-17,10,70.2
2024-03-18,10,74.8
2024-03-19,10,85.0
2024-03-20,10,54.8
2024-03-21,10,57.1
2024-03-22,10,74.6
2024-03-23,10,101.9
2024-03-24,10,42.5
2024-03-25,10,63.0
2024-03-26,10,84.4
2024-03-27,10,61.6
2024-03-28,10,83.1
2024-03-29,10,84.1
2024-03-30,10,95.9
2024-03-31,10,59.5
2024-04-01,10,86.5
2024-04-02,10,74.8
2024-04-03,10,54.4
2024-04-04,10,62.2
2024-04-05,10,80.1
2024-04-06,10,98.4
2024-04-07,10,84.0
2024-04-08,10,73.1
2024-04-09,10,62.7
2024-04-10,10,55.1
2024-04-11,10,66.2
2024-04-12,10,62.2
2024-04-13,10,77.7
2024-04-14,10,61.1
2024-04-15,10,80.4
2024-04-16,10,101.6
2024-04-17,10,87.9
2024-04-18,10,64.1
2024-04-19,10,55.5
2024-04-20,10,87.6
2024-04-21,10,78.5
2024-04-22,10,85.3
2024-04-23,10,94.0
2024-04-24,10,59.7
2024-04-25,10,95.5
2024-04-26,10,86.5
2024-04-27,10,79.9
2024-04-28,10,80.2
2024-04-29,10,82.7
2024-04-30,10,73.4
2024-05-01,10,65.1
2024-05-02,10,76.2
2024-05-03,10,43.6
2024-05-04,10,124.6
2024-05-05,10,59.5
2024-05-06,10,67.0
2024-05-07,10,66.2
2024-05-08,10,91.0
2024-05-09,10,73.1
2024-05-10,10,80.8
2024-05-11,10,84.1
2024-05-12,10,75.7
2024-05-13,10,57.5
2024-05-14,10,80.3
2024-05-15,10,62.5
2024-05-16,10,84.0
2024-05-17,10,84.5
2024-05-18,10,59.5
2024-05-19,10,72.4
2024-05-20,10,65.0
2024-05-21,10,85.1
2024-05-22,10,72.8
2024-05-23,10,65.7
2024-05-24,10,107.1
2024-05-25,10,104.8
2024-05-26,10,56.1
2024-05-27,10,68.3
2024-05-28,10,72.0
2024-05-29,10,68.3
2024-05-30,10,76.8
2024-05-31,10,71.4
2024-06-01,10,93.8
2024-06-02,10,70.1
2024-06-03,10,60.6
2024-06-04,10,67.5
2024-06-05,10,85.1
2024-06-06,10,65.2
2024-06-07,10,76.7
2024-06-08,10,59.9
2024-06-09,10,81.3
2024-06-10,10,40.7
2024-06-11,10,90.1
2024-06-12,10,64.1
2024-06-13,10,88.7
2024-06-14,10,81.1
2024-06-15,10,58.1
2024-06-16,10,77.9
2024-06-17,10,64.0
2024-06-18,10,75.8
2024-06-19,10,50.3
2024-06-20,10,59.2
2024-06-21,10,74.4
2024-06-22,10,73.5
2024-06-23,10,57.1
2024-06-24,10,70.3
2024-06-25,10,90.0
2024-06-26,10,81.0
2024-06-27,10,61.6
2024-06-28,10,81.4
2024-06-29,10,80.0
2024-06-30,10,79.6
2024-07-01,10,49.2
2024-07-02,10,51.1
2024-07-03,10,64.2
2024-07-04,10,71.0
2024-07-05,10,71.5
2024-07-06,10,71.7
2024-07-07,10,59.6
2024-07-08,10,88.8
2024-07-09,10,49.5
2024-07-10,10,72.3
2024-07-11,10,72.4
2024-07-12,10,71.6
2024-07-13,10,79.7
2024-07-14,10,61.4
2024-07-15,10,62.9
2024-07-16,10,66.2
2024-07-17,10,42.8
2024-07-18,10,82.7
2024-07-19,10,76.8
2024-07-20,10,67.3
2024-07-21,10,64.1
2024-07-22,10,61.3
2024-07-23,10,74.1
2024-07-24,10,80.6
2024-07-25,10,51.1
2024-07-26,10,82.6
2024-07-27,10,66.8
2024-07-28,10,60.2
2024-07-29,10,69.5
2024-07-30,10,61.0
2024-07-31,10,63.2
2024-08-01,10,58.6
2024-08-02,10,70.6
2024-08-03,10,85.0
2024-08-04,10,58.5
2024-08-05,10,65.3
2024-08-06,10,52.0
2024-08-07,10,75.4
2024-08-08,10,52.9
2024-08-09,10,62.7
2024-08-10,10,49.7
2024-08-11,10,51.7
2024-08-12,10,54.8
2024-08-13,10,52.7
2024-08-14,10,59.9
2024-08-15,10,71.2
2024-08-16,10,52.7
2024-08-17,10,76.5
2024-08-18,10,64.1
2024-08-19,10,52.9
2024-08-20,10,59.3
2024-08-21,10,73.9
2024-08-22,10,73.4
2024-08-23,10,57.3
2024-08-24,10,37.2
2024-08-25,10,75.6
2024-08-26,10,82.8
2024-08-27,10,61.0
2024-08-28,10,53.0
2024-08-29,10,63.2
2024-08-30,10,54.6
2024-08-31,10,80.7
2024-09-01,10,56.5
2024-09-02,10,67.6
2024-09-03,10,71.2
2024-09-04,10,58.9
2024-09-05,10,60.9
2024-09-06,10,65.9
2024-09-07,10,78.6
2024-09-08,10,52.8
2024-09-09,10,49.7
2024-09-10,10,68.9
2024-09-11,10,51.3
2024-09-12,10,48.6
2024-09-13,10,96.7
2024-09-14,10,65.4
2024-09-15,10,50.7
2024-09-16,10,57.2
2024-09-17,10,44.2
2024-09-18,10,52.6
2024-09-19,10,40.2
2024-09-20,10,63.2
2024-09-21,10,75.6
2024-09-22,10,91.9
2024-09-23,10,56.1
2024-09-24,10,60.8
2024-09-25,10,63.9
2024-09-26,10,54.0
2024-09-27,10,62.9
2024-09-28,10,63.7
2024-09-29,10,66.7
2024-09-30,10,74.3
2024-10-01,10,61.6
2024-10-02,10,56.2
2024-10-03,10,40.2
2024-10-04,10,47.9
2024-10-05,10,58.1
2024-10-06,10,37.9
2024-10-07,10,51.1
2024-10-08,10,60.6
2024-10-09,10,58.4
2024-10-10,10,52.7
2024-10-11,10,82.9
2024-10-12,10,77.3
2024-10-13,10,67.2
2024-10-14,10,62.7
2024-10-15,10,51.0
2024-10-16,10,59.6
2024-10-17,10,48.1
2024-10-18,10,71.9
2024-10-19,10,39.5
2024-10-20,10,74.0
2024-10-21,10,60.2
2024-10-22,10,64.2
2024-10-23,10,49.3
2024-10-24,10,52.2
2024-10-25,10,71.0
2024-10-26,10,97.0
2024-10-27,10,61.3
2024-10-28,10,64.1
2024-10-29,10,43.6
2024-10-30,10,44.4
2024-10-31,10,67.8
2024-11-01,10,36.3
2024-11-02,10,67.1
2024-11-03,10,52.1
2024-11-04,10,70.0
2024-11-05,10,56.3
2024-11-06,10,54.5
2024-11-07,10,56.5
2024-11-08,10,90.3
2024-11-09,10,94.6
2024-11-10,10,70.4
2024-11-11,10,63.7
2024-11-12,10,67.0
2024-11-13,10,61.2
2024-11-14,10,65.3
2024-11-15,10,61.6
2024-11-16,10,80.1
2024-11-17,10,68.0
2024-11-18,10,73.7
2024-11-19,10,43.6
2024-11-20,10,65.8
2024-11-21,10,62.7
2024-11-22,10,80.9
2024-11-23,10,88.1
2024-11-24,10,62.1
2024-11-25,10,62.4
2024-11-26,10,69.1
2024-11-27,10,45.2
2024-11-28,10,67.2
2024-11-29,10,77.0
2024-11-30,10,71.3
2024-12-01,10,46.7
2024-12-02,10,73.1
2024-12-03,10,63.9
2024-12-04,10,95.0
2024-12-05,10,84.0
2024-12-06,10,65.5
2024-12-07,10,56.7
2024-12-08,10,63.5
2024-12-09,10,54.8
2024-12-10,10,49.3
2024-12-11,10,62.2
2024-12-12,10,70.9
2024-12-13,10,75.7
2024-12-14,10,72.9
2024-12-15,10,74.5
2024-12-16,10,72.0
2024-12-17,10,69.2
2024-12-18,10,78.2
2024-12-19,10,51.9
2024-12-20,10,98.2
2024-12-21,10,94.2
2024-12-22,10,59.3
2024-12-23,10,76.8
2024-12-24,10,61.3
2024-12-25,10,64.9
2024-12-26,10,57.6
2024-12-27,10,76.6
2024-12-28,10,90.6
2024-12-29,10,80.4
2024-12-30,10,42.9
2024-12-31,10,78.2
2025-01-01,10,61.8
2025-01-02,10,86.0
2025-01-03,10,68.9
2025-01-04,10,72.9
2025-01-05,10,90.7
2025-01-06,10,64.8
2025-01-07,10,58.9
2025-01-08,10,57.6
2025-01-09,10,66.7
2025-01-10,10,68.3
2025-01-11,10,70.4
2025-01-12,10,72.4
2025-01-13,10,85.3
2025-01-14,10,71.8
2025-01-15,10,54.5
2025-01-16,10,87.3
2025-01-17,10,72.9
2025-01-18,10,71.6
2025-01-19,10,65.5
2025-01-20,10,68.9
2025-01-21,10,73.2
2025-01-22,10,56.3
2025-01-23,10,78.7
2025-01-24,10,90.3
2025-01-25,10,85.4
2025-01-26,10,78.5
2025-01-27,10,78.0
2025-01-28,10,52.6
2025-01-29,10,87.3
2025-01-30,10,47.5
2025-01-31,10,109.3
2025-02-01,10,75.6
2025-02-02,10,82.2
2025-02-03,10,89.4
2025-02-04,10,107.5
2025-02-05,10,66.9
2025-02-06,10,83.0
2025-02-07,10,105.5
2025-02-08,10,74.2
2025-02-09,10,94.7
2025-02-10,10,83.2
2025-02-11,10,110.9
2025-02-12,10,72.7
2025-02-13,10,73.7
2025-02-14,10,78.2
2025-02-15,10,61.1
2025-02-16,10,92.2
2025-02-17,10,74.4
2025-02-18,10,82.2
2025-02-19,10,81.5
2025-02-20,10,55.3
2025-02-21,10,91.1
2025-02-22,10,93.0
2025-02-23,10,93.4
2025-02-24,10,60.6
2025-02-25,10,77.2
2025-02-26,10,69.7
2025-02-27,10,99.9
2025-02-28,10,133.5
2025-03-01,10,79.6
2025-03-02,10,94.0
2025-03-03,10,88.0
2025-03-04,10,77.1
2025-03-05,10,109.5
2025-03-06,10,125.8
2025-03-07,10,112.0
2025-03-08,10,76.6
2025-03-09,10,82.8
2025-03-10,10,77.9
2025-03-11,10,94.5
2025-03-12,10,84.4
2025-03-13,10,106.8
2025-03-14,10,103.0
2025-03-15,10,114.9
2025-03-16,10,69.0
2025-03-17,10,120.1
2025-03-18,10,79.4
2025-03-19,10,80.7
2025-03-20,10,98.8
2025-03-21,10,111.2
2025-03-22,10,104.1
2025-03-23,10,101.6
2025-03-24,10,44.3
2025-03-25,10,97.6
2025-03-26,10,80.6
2025-03-27,10,65.1
2025-03-28,10,134.8
2025-03-29,10,98.5
2025-03-30,10,87.8
2025-03-31,10,85.4
2025-04-01,10,95.5
2025-04-02,10,93.2
2025-04-03,10,84.2
2025-04-04,10,93.6
2025-04-05,10,66.0
2025-04-06,10,81.5
2025-04-07,10,68.0
2025-04-08,10,56.8
2025-04-09,10,65.3
2025-04-10,10,97.9
2025-04-11,10,92.4
2025-04-12,10,102.3
2025-04-13,10,81.5
2025-04-14,10,88.3
2025-04-15,10,84.4
2025-04-16,10,99.3
2025-04-17,10,87.6
2025-04-18,10,106.0
2025-04-19,10,67.6
2025-04-20,10,93.6
2025-04-21,10,89.2
2025-04-22,10,60.3
2025-04-23,10,82.6
2025-04-24,10,62.3
2025-04-25,10,100.8
2025-04-26,10,102.7
2025-04-27,10,76.6
2025-04-28,10,95.5
2025-04-29,10,57.4
2025-04-30,10,60.3
2025-05-01,10,65.8
2025-05-02,10,88.4
2025-05-03,10,84.9
2025-05-04,10,71.3
2025-05-05,10,58.6
2025-05-06,10,78.2
2025-05-07,10,76.2
2025-05-08,10,81.1
2025-05-09,10,70.2
2025-05-10,10,73.5
2025-05-11,10,65.4
2025-05-12,10,56.4
2025-05-13,10,70.3
2025-05-14,10,79.1
2025-05-15,10,81.2
2025-05-16,10,65.0
2025-05-17,10,58.6
2025-05-18,10,60.9
2025-05-19,10,68.8
2025-05-20,10,68.4
2025-05-21,10,50.0
2025-05-22,10,86.5
2025-05-23,10,95.7
2025-05-24,10,94.9
2025-05-25,10,86.6
2025-05-26,10,95.4
2025-05-27,10,69.0
2025-05-28,10,79.4
2025-05-29,10,84.0
2025-05-30,10,103.1
2025-05-31,10,66.1
2025-06-01,10,84.3
2025-06-02,10,69.8
2025-06-03,10,95.5
2025-06-04,10,56.0
2025-06-05,10,56.5
2025-06-06,10,113.9
2025-06-07,10,83.5
2025-06-08,10,81.4
2025-06-09,10,86.4
2025-06-10,10,72.1
2025-06-11,10,69.3
2025-06-12,10,66.4
2025-06-13,10,75.4
2025-06-14,10,74.7
2025-06-15,10,72.2
2025-06-16,10,67.6
2025-06-17,10,66.3
2025-06-18,10,85.9
2025-06-19,10,108.6
2025-06-20,10,89.1
2025-06-21,10,100.1
2025-06-22,10,61.6
2025-06-23,10,79.3
2025-06-24,10,86.7
2025-06-25,10,85.9
2025-06-26,10,87.3
2025-06-27,10,102.7
2025-06-28,10,82.9
2025-06-29,10,65.1
2025-06-30,10,84.0
2025-07-01,10,84.6
2025-07-02,10,99.5
2025-07-03,10,85.0
2025-07-04,10,107.9
2025-07-05,10,100.6
2025-07-06,10,70.7
2025-07-07,10,81.0
2025-07-08,10,70.3
2025-07-09,10,78.9
2025-07-10,10,101.7
2025-07-11,10,88.6
2025-07-12,10,111.7
2025-07-13,10,48.3
2025-07-14,10,73.2
2025-07-15,10,62.6
2025-07-16,10,82.1
2025-07-17,10,82.4
2025-07-18,10,73.9
2025-07-19,10,102.4
2025-07-20,10,85.9
2025-07-21,10,97.9
2025-07-22,10,75.1
2025-07-23,10,70.0
2025-07-24,10,71.8
2025-07-25,10,98.8
2025-07-26,10,106.9
2025-07-27,10,71.0
2025-07-28,10,75.5
2025-07-29,10,89.4
2025-07-30,10,57.4
2025-07-31,10,44.6
2025-08-01,10,59.6
2025-08-02,10,116.6
2025-08-03,10,73.2
2025-08-04,10,88.1
2025-08-05,10,85.5
2025-08-06,10,68.6
2025-08-07,10,70.9
2025-08-08,10,74.1
2025-08-09,10,57.7
2025-08-10,10,87.7
2025-08-11,10,81.1
2025-08-12,10,62.8
2025-08-13,10,69.2
2025-08-14,10,69.4
2025-08-15,10,90.1
2025-08-16,10,83.5
2025-08-17,10,53.3
2025-08-18,10,64.4
2025-08-19,10,59.3
2025-08-20,10,67.8
2025-08-21,10,65.5
2025-08-22,10,73.4
2025-08-23,10,89.4
2025-08-24,10,72.2
2025-08-25,10,69.5
2025-08-26,10,74.6
2025-08-27,10,72.3
2025-08-28,10,72.1
2025-08-29,10,83.3
2025-08-30,10,67.6
2025-08-31,10,69.5
2025-09-01,10,63.7
2025-09-02,10,59.7
2025-09-03,10,66.8
2025-09-04,10,67.9
2025-09-05,10,82.2
2025-09-06,10,73.4
2025-09-07,10,57.7
2025-09-08,10,67.7
2025-09-09,10,79.4
2025-09-10,10,78.0
2025-09-11,10,66.4
2025-09-12,10,77.3
2025-09-13,10,79.7
2025-09-14,10,51.2
2025-09-15,10,66.6
2025-09-16,10,75.8
2025-09-17,10,84.5
2025-09-18,10,41.8
2025-09-19,10,61.2
2025-09-20,10,77.1
2025-09-21,10,94.6
2025-09-22,10,91.6
2025-09-23,10,67.6
2025-09-24,10,60.1
2025-09-25,10,72.2
2025-09-26,10,70.6
2025-09-27,10,100.9
2025-09-28,10,65.4
2025-09-29,10,65.1
2025-09-30,10,75.1
2025-10-01,10,55.8
2025-10-02,10,64.2
2025-10-03,10,96.4
2025-10-04,10,85.9
2025-10-05,10,70.0
2025-10-06,10,57.0
2025-10-07,10,54.1
2025-10-08,10,57.4
2025-10-09,10,48.0
2025-10-10,10,74.9
2025-10-11,10,100.7
2025-10-12,10,73.6
2025-10-13,10,80.5
2025-10-14,10,67.7
2025-10-15,10,52.8
2025-10-16,10,79.2
2025-10-17,10,106.5
2025-10-18,10,90.1
2025-10-19,10,57.8
2025-10-20,10,75.8
2025-10-21,10,76.6
2025-10-22,10,87.1
2025-10-23,10,84.9
2025-10-24,10,81.8
2025-10-25,10,95.1
2025-10-26,10,80.8
2025-10-27,10,65.5
2025-10-28,10,93.0
2025-10-29,10,75.4
2025-10-30,10,81.9
2025-10-31,10,93.1
2025-11-01,10,71.3
2025-11-02,10,53.1
2025-11-03,10,49.5
2025-11-04,10,52.2
2025-11-05,10,79.6
2025-11-06,10,85.2
2025-11-07,10,83.6
2025-11-08,10,80.5
2025-11-09,10,96.8
2025-11-10,10,80.1
2025-11-11,10,81.6
2025-11-12,10,87.2
2025-11-13,10,58.5
2025-11-14,10,89.8
2025-11-15,10,70.1
2025-11-16,10,92.9
2025-11-17,10,57.7
2025-11-18,10,56.1
2025-11-19,10,65.0
2025-11-20,10,65.8
2025-11-21,10,87.5
2025-11-22,10,89.2
2025-11-23,10,82.3
2025-11-24,10,90.1
2025-11-25,10,79.4
2025-11-26,10,62.4
2025-11-27,10,82.8
2025-11-28,10,90.4
2025-11-29,10,94.9
2025-11-30,10,74.1
2025-12-01,10,75.7
2025-12-02,10,69.1
2025-12-03,10,85.3
2025-12-04,10,90.2
2025-12-05,10,85.1
2025-12-06,10,83.3
2025-12-07,10,78.3
2025-12-08,10,81.6
2025-12-09,10,60.5
2025-12-10,10,74.6
2025-12-11,10,109.7
2025-12-12,10,91.1
2025-12-13,10,66.7
2025-12-14,10,65.1
2025-12-15,10,100.3
2025-12-16,10,105.7
2025-12-17,10,70.8
2025-12-18,10,82.6
2025-12-19,10,81.0
2025-12-20,10,103.2
2025-12-21,10,81.0
2025-12-22,10,49.2
2025-12-23,10,86.2
2025-12-24,10,72.7
2025-12-25,10,86.4
2025-12-26,10,80.1
2025-12-27,10,69.4
2025-12-28,10,102.9
2025-12-29,10,81.2
2025-12-30,10,81.2
2024-01-01,11,99.5
2024-01-02,11,85.6
2024-01-03,11,72.2
2024-01-04,11,107.2
2024-01-05,11,83.6
2024-01-06,11,101.1
2024-01-07,11,75.3
2024-01-08,11,83.7
2024-01-09,11,79.4
2024-01-10,11,89.6
2024-01-11,11,71.4
2024-01-12,11,69.3
2024-01-13,11,77.0
2024-01-14,11,80.7
2024-01-15,11,84.2
2024-01-16,11,78.1
2024-01-17,11,70.8
2024-01-18,11,79.1
2024-01-19,11,111.8
2024-01-20,11,81.6
2024-01-21,11,71.4
2024-01-22,11,75.5
2024-01-23,11,73.3
2024-01-24,11,52.8
2024-01-25,11,91.3
2024-01-26,11,76.4
2024-01-27,11,71.1
2024-01-28,11,75.5
2024-01-29,11,97.8
2024-01-30,11,93.9
2024-01-31,11,66.4
2024-02-01,11,85.3
2024-02-02,11,96.0
2024-02-03,11,111.6
2024-02-04,11,82.3
2024-02-05,11,91.7
2024-02-06,11,54.9
2024-02-07,11,115.6
2024-02-08,11,76.4
2024-02-09,11,94.0
2024-02-10,11,79.0
2024-02-11,11,112.4
2024-02-12,11,96.9
2024-02-13,11,83.8
2024-02-14,11,103.0
2024-02-15,11,73.3
2024-02-16,11,89.4
2024-02-17,11,104.1
2024-02-18,11,90.5
2024-02-19,11,59.7
2024-02-20,11,78.6
2024-02-21,11,98.6
2024-02-22,11,81.9
2024-02-23,11,123.0
2024-02-24,11,106.2
2024-02-25,11,90.4
2024-02-26,11,81.0
2024-02-27,11,94.5
2024-02-28,11,77.0
2024-02-29,11,57.2
2024-03-01,11,107.2
2024-03-02,11,96.0
2024-03-03,11,80.6
2024-03-04,11,92.2
2024-03-05,11,96.3
2024-03-06,11,80.6
2024-03-07,11,87.6
2024-03-08,11,161.9
2024-03-09,11,84.2
2024-03-10,11,67.5
2024-03-11,11,65.6
2024-03-12,11,92.2
2024-03-13,11,110.2
2024-03-14,11,76.3
2024-03-15,11,105.1
2024-03-16,11,95.4
2024-03-17,11,66.2
2024-03-18,11,100.9
2024-03-19,11,93.5
2024-03-20,11,55.6
2024-03-21,11,85.9
2024-03-22,11,115.3
2024-03-23,11,64.6
2024-03-24,11,69.5
2024-03-25,11,87.9
2024-03-26,11,71.8
2024-03-27,11,88.3
2024-03-28,11,76.6
2024-03-29,11,95.0
2024-03-30,11,117.1
2024-03-31,11,99.5
2024-04-01,11,81.5
2024-04-02,11,92.2
2024-04-03,11,88.2
2024-04-04,11,121.6
2024-04-05,11,93.7
2024-04-06,11,127.2
2024-04-07,11,80.0
2024-04-08,11,80.1
2024-04-09,11,105.7
2024-04-10,11,89.6
2024-04-11,11,88.5
2024-04-12,11,112.7
2024-04-13,11,120.2
2024-04-14,11,82.2
2024-04-15,11,103.4
2024-04-16,11,84.1
2024-04-17,11,72.8
2024-04-18,11,107.1
2024-04-19,11,125.2
2024-04-20,11,119.8
2024-04-21,11,75.9
2024-04-22,11,63.2
2024-04-23,11,109.6
2024-04-24,11,101.8
2024-04-25,11,85.2
2024-04-26,11,70.9
2024-04-27,11,77.5
2024-04-28,11,85.3
2024-04-29,11,77.4
2024-04-30,11,71.1
2024-05-01,11,89.7
2024-05-02,11,85.4
2024-05-03,11,87.2
2024-05-04,11,90.1
2024-05-05,11,76.0
2024-05-06,11,95.4
2024-05-07,11,85.3
2024-05-08,11,122.3
2024-05-09,11,91.6
2024-05-10,11,104.6
2024-05-11,11,137.6
2024-05-12,11,53.7
2024-05-13,11,106.0
2024-05-14,11,101.3
2024-05-15,11,76.8
2024-05-16,11,87.4
2024-05-17,11,82.3
2024-05-18,11,114.3
2024-05-19,11,79.7
2024-05-20,11,87.6
2024-05-21,11,118.1
2024-05-22,11,105.4
2024-05-23,11,90.1
2024-05-24,11,126.7
2024-05-25,11,86.7
2024-05-26,11,96.1
2024-05-27,11,93.5
2024-05-28,11,92.6
2024-05-29,11,125.3
2024-05-30,11,63.6
2024-05-31,11,123.3
2024-06-01,11,113.3
2024-06-02,11,66.3
2024-06-03,11,79.2
2024-06-04,11,84.6
2024-06-05,11,101.5
2024-06-06,11,78.9
2024-06-07,11,111.4
2024-06-08,11,84.0
2024-06-09,11,86.2
2024-06-10,11,88.3
2024-06-11,11,104.6
2024-06-12,11,75.7
2024-06-13,11,79.0
2024-06-14,11,93.0
2024-06-15,11,92.0
2024-06-16,11,85.5
2024-06-17,11,58.4
2024-06-18,11,116.3
2024-06-19,11,94.1
2024-06-20,11,102.5
2024-06-21,11,81.9
2024-06-22,11,80.8
2024-06-23,11,110.9
2024-06-24,11,82.2
2024-06-25,11,81.1
2024-06-26,11,71.1
2024-06-27,11,89.8
2024-06-28,11,75.7
2024-06-29,11,110.5
2024-06-30,11,73.2
2024-07-01,11,66.8
2024-07-02,11,95.8
2024-07-03,11,108.8
2024-07-04,11,71.0
2024-07-05,11,66.3
2024-07-06,11,94.8
2024-07-07,11,77.7
2024-07-08,11,79.2
2024-07-09,11,87.2
2024-07-10,11,58.2
2024-07-11,11,66.6
2024-07-12,11,79.4
2024-07-13,11,121.2
2024-07-14,11,70.3
2024-07-15,11,61.6
2024-07-16,11,102.0
2024-07-17,11,72.4
2024-07-18,11,99.6
2024-07-19,11,88.5
2024-07-20,11,78.5
2024-07-21,11,59.4
2024-07-22,11,63.3
2024-07-23,11,58.4
2024-07-24,11,71.7
2024-07-25,11,81.8
2024-07-26,11,106.3
2024-07-27,11,98.3
2024-07-28,11,105.0
2024-07-29,11,87.3
2024-07-30,11,60.0
2024-07-31,11,78.2
2024-08-01,11,72.3
2024-08-02,11,91.4
2024-08-03,11,83.9
2024-08-04,11,79.2
2024-08-05,11,64.0
2024-08-06,11,87.8
2024-08-07,11,75.4
2024-08-08,11,78.0
2024-08-09,11,125.8
2024-08-10,11,97.2
2024-08-11,11,82.2
2024-08-12,11,53.0
2024-08-13,11,90.8
2024-08-14,11,68.7
2024-08-15,11,96.0
2024-08-16,11,68.8
2024-08-17,11,97.6
2024-08-18,11,97.0
2024-08-19,11,105.4
2024-08-20,11,82.9
2024-08-21,11,83.0
2024-08-22,11,91.3
2024-08-23,11,88.3
2024-08-24,11,65.0
2024-08-25,11,88.5
2024-08-26,11,85.5
2024-08-27,11,88.0
2024-08-28,11,116.3
2024-08-29,11,94.9
2024-08-30,11,99.7
2024-08-31,11,104.6
2024-09-01,11,95.3
2024-09-02,11,74.0
2024-09-03,11,80.1
2024-09-04,11,88.7
2024-09-05,11,89.9
2024-09-06,11,86.7
2024-09-07,11,82.7
2024-09-08,11,112.9
2024-09-09,11,61.4
2024-09-10,11,91.2
2024-09-11,11,51.4
2024-09-12,11,97.9
2024-09-13,11,90.8
2024-09-14,11,102.7
2024-09-15,11,124.1
2024-09-16,11,93.7
2024-09-17,11,105.6
2024-09-18,11,86.0
2024-09-19,11,87.7
2024-09-20,11,86.0
2024-09-21,11,80.2
2024-09-22,11,81.0
2024-09-23,11,69.6
2024-09-24,11,108.5
2024-09-25,11,80.4
2024-09-26,11,79.0
2024-09-27,11,105.8
2024-09-28,11,134.8
2024-09-29,11,94.5
2024-09-30,11,71.4
2024-10-01,11,52.3
2024-10-02,11,90.0
2024-10-03,11,102.4
2024-10-04,11,115.5
2024-10-05,11,100.5
2024-10-06,11,83.1
2024-10-07,11,98.3
2024-10-08,11,73.9
2024-10-09,11,74.7
2024-10-10,11,61.4
2024-10-11,11,107.6
2024-10-12,11,98.6
2024-10-13,11,81.2
2024-10-14,11,88.9
2024-10-15,11,87.0
2024-10-16,11,76.5
2024-10-17,11,88.3
2024-10-18,11,107.0
2024-10-19,11,95.5
2024-10-20,11,95.6
2024-10-21,11,87.2
2024-10-22,11,126.2
2024-10-23,11,81.2
2024-10-24,11,91.9
2024-10-25,11,101.6
2024-10-26,11,114.9
2024-10-27,11,97.0
2024-10-28,11,83.0
2024-10-29,11,66.6
2024-10-30,11,79.5
2024-10-31,11,84.7
2024-11-01,11,117.2
2024-11-02,11,88.8
2024-11-03,11,94.7
2024-11-04,11,81.1
2024-11-05,11,60.2
2024-11-06,11,84.4
2024-11-07,11,89.6
2024-11-08,11,78.7
2024-11-09,11,125.6
2024-11-10,11,107.9
2024-11-11,11,56.1
2024-11-12,11,85.8
2024-11-13,11,105.5
2024-11-14,11,93.9
2024-11-15,11,64.8
2024-11-16,11,91.6
2024-11-17,11,90.9
2024-11-18,11,86.5
2024-11-19,11,59.0
2024-11-20,11,109.1
2024-11-21,11,82.7
2024-11-22,11,125.9
2024-11-23,11,98.1
2024-11-24,11,71.4
2024-11-25,11,95.8
2024-11-26,11,87.6
2024-11-27,11,96.9
2024-11-28,11,65.0
2024-11-29,11,143.0
2024-11-30,11,91.9
2024-12-01,11,119.2
2024-12-02,11,60.5
2024-12-03,11,85.6
2024-12-04,11,109.0
2024-12-05,11,112.3
2024-12-06,11,118.2
2024-12-07,11,98.2
2024-12-08,11,79.1
2024-12-09,11,98.5
2024-12-10,11,82.1
2024-12-11,11,91.4
2024-12-12,11,110.9
2024-12-13,11,104.9
2024-12-14,11,87.7
2024-12-15,11,70.2
2024-12-16,11,70.2
2024-12-17,11,113.2
2024-12-18,11,78.6
2024-12-19,11,74.9
2024-12-20,11,86.4
2024-12-21,11,84.6
2024-12-22,11,94.6
2024-12-23,11,105.3
2024-12-24,11,90.2
2024-12-25,11,107.9
2024-12-26,11,65.4
2024-12-27,11,95.5
2024-12-28,11,94.3
2024-12-29,11,130.8
2024-12-30,11,89.9
2024-12-31,11,86.1
2025-01-01,11,66.2
2025-01-02,11,87.1
2025-01-03,11,74.5
2025-01-04,11,124.6
2025-01-05,11,77.8
2025-01-06,11,57.8
2025-01-07,11,93.4
2025-01-08,11,85.3
2025-01-09,11,73.5
2025-01-10,11,127.0
2025-01-11,11,103.1
2025-01-12,11,54.8
2025-01-13,11,97.6
2025-01-14,11,88.1
2025-01-15,11,77.1
2025-01-16,11,73.0
2025-01-17,11,121.3
2025-01-18,11,98.9
2025-01-19,11,89.0
2025-01-20,11,120.2
2025-01-21,11,92.4
2025-01-22,11,101.2
2025-01-23,11,106.5
2025-01-24,11,75.9
2025-01-25,11,157.1
2025-01-26,11,112.9
2025-01-27,11,96.8
2025-01-28,11,86.0
2025-01-29,11,95.3
2025-01-30,11,104.9
2025-01-31,11,80.5
2025-02-01,11,91.5
2025-02-02,11,111.3
2025-02-03,11,87.8
2025-02-04,11,127.6
2025-02-05,11,53.7
2025-02-06,11,111.3
2025-02-07,11,107.1
2025-02-08,11,56.7
2025-02-09,11,105.8
2025-02-10,11,106.5
2025-02-11,11,83.5
2025-02-12,11,123.5
2025-02-13,11,92.1
2025-02-14,11,131.5
2025-02-15,11,109.2
2025-02-16,11,121.2
2025-02-17,11,105.2
2025-02-18,11,98.7
2025-02-19,11,106.9
2025-02-20,11,118.4
2025-02-21,11,100.3
2025-02-22,11,151.3
2025-02-23,11,125.0
2025-02-24,11,108.9
2025-02-25,11,115.0
2025-02-26,11,95.8
2025-02-27,11,138.5
2025-02-28,11,98.9
2025-03-01,11,126.2
2025-03-02,11,144.2
2025-03-03,11,72.0
2025-03-04,11,88.8
2025-03-05,11,96.3
2025-03-06,11,78.5
2025-03-07,11,101.1
2025-03-08,11,135.9
2025-03-09,11,104.5
2025-03-10,11,117.4
2025-03-11,11,92.2
2025-03-12,11,80.1
2025-03-13,11,119.4
2025-03-14,11,130.0
2025-03-15,11,103.7
2025-03-16,11,93.6
2025-03-17,11,83.4
2025-03-18,11,67.8
2025-03-19,11,108.3
2025-03-20,11,95.5
2025-03-21,11,133.7
2025-03-22,11,105.1
2025-03-23,11,107.9
2025-03-24,11,103.6
2025-03-25,11,104.3
2025-03-26,11,112.9
2025-03-27,11,77.8
2025-03-28,11,119.2
2025-03-29,11,94.7
2025-03-30,11,90.6
2025-03-31,11,127.4
2025-04-01,11,123.6
2025-04-02,11,109.2
2025-04-03,11,92.1
2025-04-04,11,134.1
2025-04-05,11,134.2
2025-04-06,11,80.0
2025-04-07,11,135.0
2025-04-08,11,87.4
2025-04-09,11,115.1
2025-04-10,11,121.8
2025-04-11,11,168.7
2025-04-12,11,98.5
2025-04-13,11,105.5
2025-04-14,11,65.4
2025-04-15,11,101.2
2025-04-16,11,87.6
2025-04-17,11,102.2
2025-04-18,11,103.0
2025-04-19,11,91.1
2025-04-20,11,108.4
2025-04-21,11,79.4
2025-04-22,11,87.2
2025-04-23,11,82.8
2025-04-24,11,113.9
2025-04-25,11,115.2
2025-04-26,11,100.7
2025-04-27,11,67.3
2025-04-28,11,93.0
2025-04-29,11,99.2
2025-04-30,11,79.2
2025-05-01,11,82.3
2025-05-02,11,112.8
2025-05-03,11,116.9
2025-05-04,11,107.5
2025-05-05,11,89.1
2025-05-06,11,92.9
2025-05-07,11,92.7
2025-05-08,11,72.4
2025-05-09,11,123.6
2025-05-10,11,146.7
2025-05-11,11,98.7
2025-05-12,11,104.4
2025-05-13,11,111.9
2025-05-14,11,60.1
2025-05-15,11,103.7
2025-05-16,11,114.9
2025-05-17,11,129.6
2025-05-18,11,105.6
2025-05-19,11,117.8
2025-05-20,11,88.0
2025-05-21,11,106.9
2025-05-22,11,101.2
2025-05-23,11,133.1
2025-05-24,11,134.9
2025-05-25,11,88.6
2025-05-26,11,74.0
2025-05-27,11,114.2
2025-05-28,11,107.7
2025-05-29,11,65.7
2025-05-30,11,128.6
2025-05-31,11,112.5
2025-06-01,11,105.7
2025-06-02,11,127.8
2025-06-03,11,102.0
2025-06-04,11,124.5
2025-06-05,11,74.7
2025-06-06,11,97.4
2025-06-07,11,119.0
2025-06-08,11,94.1
2025-06-09,11,79.4
2025-06-10,11,84.1
2025-06-11,11,92.0
2025-06-12,11,112.6
2025-06-13,11,106.4
2025-06-14,11,91.0
2025-06-15,11,77.2
2025-06-16,11,82.7
2025-06-17,11,79.1
2025-06-18,11,126.1
2025-06-19,11,89.3
2025-06-20,11,104.7
2025-06-21,11,71.4
2025-06-22,11,128.0
2025-06-23,11,105.0
2025-06-24,11,113.2
2025-06-25,11,89.0
2025-06-26,11,105.1
2025-06-27,11,81.4
2025-06-28,11,125.9
2025-06-29,11,128.9
2025-06-30,11,96.4
2025-07-01,11,96.7
2025-07-02,11,80.2
2025-07-03,11,102.9
2025-07-04,11,138.4
2025-07-05,11,90.4
2025-07-06,11,145.4
2025-07-07,11,96.2
2025-07-08,11,102.8
2025-07-09,11,115.9
2025-07-10,11,86.0
2025-07-11,11,76.4
2025-07-12,11,106.6
2025-07-13,11,108.5
2025-07-14,11,134.6
2025-07-15,11,126.0
2025-07-16,11,96.2
2025-07-17,11,76.5
2025-07-18,11,142.8
2025-07-19,11,114.7
2025-07-20,11,95.7
2025-07-21,11,96.4
2025-07-22,11,113.4
2025-07-23,11,117.6
2025-07-24,11,121.5
2025-07-25,11,102.2
2025-07-26,11,124.0
2025-07-27,11,87.6
2025-07-28,11,80.7
2025-07-29,11,85.1
2025-07-30,11,98.5
2025-07-31,11,87.4
2025-08-01,11,129.5
2025-08-02,11,94.7
2025-08-03,11,97.8
2025-08-04,11,92.4
2025-08-05,11,97.1
2025-08-06,11,78.4
2025-08-07,11,100.3
2025-08-08,11,83.8
2025-08-09,11,142.0
2025-08-10,11,117.7
2025-08-11,11,120.0
2025-08-12,11,107.8
2025-08-13,11,66.1
2025-08-14,11,79.6
2025-08-15,11,92.2
2025-08-16,11,98.5
2025-08-17,11,109.5
2025-08-18,11,91.9
2025-08-19,11,110.5
2025-08-20,11,75.7
2025-08-21,11,97.6
2025-08-22,11,131.1
2025-08-23,11,114.1
2025-08-24,11,68.0
2025-08-25,11,104.4
2025-08-26,11,121.4
2025-08-27,11,94.7
2025-08-28,11,113.7
2025-08-29,11,124.9
2025-08-30,11,107.3
2025-08-31,11,102.3
2025-09-01,11,110.1
2025-09-02,11,68.2
2025-09-03,11,93.0
2025-09-04,11,52.5
2025-09-05,11,116.0
2025-09-06,11,102.5
2025-09-07,11,86.9
2025-09-08,11,72.1
2025-09-09,11,78.8
2025-09-10,11,103.1
2025-09-11,11,103.5
2025-09-12,11,120.8
2025-09-13,11,94.4
2025-09-14,11,109.2
2025-09-15,11,77.4
2025-09-16,11,106.6
2025-09-17,11,99.5
2025-09-18,11,94.7
2025-09-19,11,110.6
2025-09-20,11,105.4
2025-09-21,11,128.3
2025-09-22,11,125.4
2025-09-23,11,94.5
2025-09-24,11,78.0
2025-09-25,11,91.7
2025-09-26,11,114.9
2025-09-27,11,122.9
2025-09-28,11,92.0
2025-09-29,11,138.1
2025-09-30,11,91.9
2025-10-01,11,46.5
2025-10-02,11,86.6
2025-10-03,11,79.6
2025-10-04,11,79.8
2025-10-05,11,121.0
2025-10-06,11,99.3
2025-10-07,11,76.3
2025-10-08,11,74.3
2025-10-09,11,80.7
2025-10-10,11,128.6
2025-10-11,11,108.7
2025-10-12,11,99.5
2025-10-13,11,95.3
2025-10-14,11,72.6
2025-10-15,11,110.2
2025-10-16,11,90.4
2025-10-17,11,116.1
2025-10-18,11,83.7
2025-10-19,11,91.3
2025-10-20,11,98.4
2025-10-21,11,63.4
2025-10-22,11,99.8
2025-10-23,11,126.6
2025-10-24,11,109.5
2025-10-25,11,118.1
2025-10-26,11,80.6
2025-10-27,11,108.7
2025-10-28,11,105.9
2025-10-29,11,118.3
2025-10-30,11,85.8
2025-10-31,11,105.4
2025-11-01,11,104.5
2025-11-02,11,101.9
2025-11-03,11,103.3
2025-11-04,11,92.8
2025-11-05,11,98.3
2025-11-06,11,98.7
2025-11-07,11,110.8
2025-11-08,11,100.0
2025-11-09,11,64.3
2025-11-10,11,107.3
2025-11-11,11,132.1
2025-11-12,11,106.1
2025-11-13,11,79.6
2025-11-14,11,105.7
2025-11-15,11,127.1
2025-11-16,11,70.9
2025-11-17,11,83.8
2025-11-18,11,76.5
2025-11-19,11,118.6
2025-11-20,11,85.9
2025-11-21,11,123.3
2025-11-22,11,129.5
2025-11-23,11,102.8
2025-11-24,11,114.0
2025-11-25,11,87.2
2025-11-26,11,97.4
2025-11-27,11,87.2
2025-11-28,11,151.9
2025-11-29,11,84.5
2025-11-30,11,93.4
2025-12-01,11,95.2
2025-12-02,11,106.9
2025-12-03,11,89.0
2025-12-04,11,109.9
2025-12-05,11,121.7
2025-12-06,11,102.2
2025-12-07,11,127.4
2025-12-08,11,96.1
2025-12-09,11,91.7
2025-12-10,11,102.6
2025-12-11,11,132.0
2025-12-12,11,100.6
2025-12-13,11,141.9
2025-12-14,11,129.7
2025-12-15,11,67.9
2025-12-16,11,108.1
2025-12-17,11,139.3
2025-12-18,11,114.0
2025-12-19,11,166.2
2025-12-20,11,102.3
2025-12-21,11,98.4
2025-12-22,11,121.7
2025-12-23,11,128.3
2025-12-24,11,94.7
2025-12-25,11,88.6
2025-12-26,11,108.3
2025-12-27,11,93.5
2025-12-28,11,112.6
2025-12-29,11,99.8
2025-12-30,11,108.3
2024-01-01,12,28.7
2024-01-02,12,36.1
2024-01-03,12,33.3
2024-01-04,12,30.0
2024-01-05,12,36.9
2024-01-06,12,34.3
2024-01-07,12,21.2
2024-01-08,12,30.3
2024-01-09,12,28.2
2024-01-10,12,24.8
2024-01-11,12,26.0
2024-01-12,12,40.6
2024-01-13,12,28.4
2024-01-14,12,35.4
2024-01-15,12,32.3
2024-01-16,12,37.6
2024-01-17,12,43.0
2024-01-18,12,29.4
2024-01-19,12,28.9
2024-01-20,12,48.0
2024-01-21,12,24.3
2024-01-22,12,38.4
2024-01-23,12,44.4
2024-01-24,12,35.8
2024-01-25,12,47.8
2024-01-26,12,27.8
2024-01-27,12,39.1
2024-01-28,12,42.8
2024-01-29,12,28.6
2024-01-30,12,31.7
2024-01-31,12,30.3
2024-02-01,12,38.0
2024-02-02,12,41.0
2024-02-03,12,44.1
2024-02-04,12,37.2
2024-02-05,12,29.7
2024-02-06,12,37.5
2024-02-07,12,29.8
2024-02-08,12,39.2
2024-02-09,12,43.8
2024-02-10,12,37.6
2024-02-11,12,38.8
2024-02-12,12,42.6
2024-02-13,12,34.0
2024-02-14,12,33.1
2024-02-15,12,46.7
2024-02-16,12,37.3
2024-02-17,12,37.2
2024-02-18,12,38.4
2024-02-19,12,28.2
2024-02-20,12,39.4
2024-02-21,12,48.8
2024-02-22,12,36.9
2024-02-23,12,47.8
2024-02-24,12,36.4
2024-02-25,12,33.9
2024-02-26,12,29.2
2024-02-27,12,45.5
2024-02-28,12,36.6
2024-02-29,12,44.3
2024-03-01,12,50.5
2024-03-02,12,18.7
2024-03-03,12,30.7
2024-03-04,12,42.8
2024-03-05,12,41.2
2024-03-06,12,39.3
2024-03-07,12,29.8
2024-03-08,12,46.4
2024-03-09,12,36.2
2024-03-10,12,60.2
2024-03-11,12,28.9
2024-03-12,12,32.1
2024-03-13,12,33.1
2024-03-14,12,21.2
2024-03-15,12,35.1
2024-03-16,12,51.6
2024-03-17,12,36.3
2024-03-18,12,43.6
2024-03-19,12,39.8
2024-03-20,12,32.2
2024-03-21,12,32.4
2024-03-22,12,42.5
2024-03-23,12,32.8
2024-03-24,12,31.3
2024-03-25,12,50.5
2024-03-26,12,40.8
2024-03-27,12,30.7
2024-03-28,12,45.3
2024-03-29,12,44.7
2024-03-30,12,41.6
2024-03-31,12,41.6
2024-04-01,12,43.8
2024-04-02,12,28.7
2024-04-03,12,33.8
2024-04-04,12,33.5
2024-04-05,12,36.6
2024-04-06,12,46.3
2024-04-07,12,19.2
2024-04-08,12,54.5
2024-04-09,12,37.8
2024-04-10,12,30.6
2024-04-11,12,29.2
2024-04-12,12,37.9
2024-04-13,12,39.3
2024-04-14,12,37.5
2024-04-15,12,42.8
2024-04-16,12,22.6
2024-04-17,12,31.1
2024-04-18,12,41.1
2024-04-19,12,40.8
2024-04-20,12,39.8
2024-04-21,12,45.6
2024-04-22,12,31.1
2024-04-23,12,41.1
2024-04-24,12,29.1
2024-04-25,12,39.1
2024-04-26,12,38.9
2024-04-27,12,33.7
2024-04-28,12,42.0
2024-04-29,12,35.6
2024-04-30,12,36.2
2024-05-01,12,39.4
2024-05-02,12,34.7
2024-05-03,12,45.5
2024-05-04,12,27.3
2024-05-05,12,44.7
2024-05-06,12,36.5
2024-05-07,12,30.7
2024-05-08,12,29.8
2024-05-09,12,29.6
2024-05-10,12,39.3
2024-05-11,12,39.4
2024-05-12,12,38.3
2024-05-13,12,37.3
2024-05-14,12,38.3
2024-05-15,12,38.1
2024-05-16,12,39.0
2024-05-17,12,39.5
2024-05-18,12,37.3
2024-05-19,12,38.2
2024-05-20,12,39.7
2024-05-21,12,39.8
2024-05-22,12,41.7
2024-05-23,12,42.6
2024-05-24,12,21.1
2024-05-25,12,34.5
2024-05-26,12,39.8
2024-05-27,12,32.1
2024-05-28,12,32.8
2024-05-29,12,36.4
2024-05-30,12,31.4
2024-05-31,12,35.2
2024-06-01,12,30.8
2024-06-02,12,41.8
2024-06-03,12,35.0
2024-06-04,12,35.6
2024-06-05,12,46.0
2024-06-06,12,34.7
2024-06-07,12,36.1
2024-06-08,12,38.1
2024-06-09,12,28.3
2024-06-10,12,44.8
2024-06-11,12,38.7
2024-06-12,12,41.9
2024-06-13,12,31.4
2024-06-14,12,26.2
2024-06-15,12,44.0
2024-06-16,12,20.8
2024-06-17,12,28.5
2024-06-18,12,31.5
2024-06-19,12,42.2
2024-06-20,12,42.6
2024-06-21,12,39.4
2024-06-22,12,35.0
2024-06-23,12,32.5
2024-06-24,12,37.1
2024-06-25,12,38.0
2024-06-26,12,41.8
2024-06-27,12,27.6
2024-06-28,12,34.3
2024-06-29,12,43.3
2024-06-30,12,26.2
2024-07-01,12,31.4
2024-07-02,12,29.1
2024-07-03,12,30.4
2024-07-04,12,36.1
2024-07-05,12,37.0
2024-07-06,12,26.0
2024-07-07,12,28.8
2024-07-08,12,29.3
2024-07-09,12,36.5
2024-07-10,12,12.4
2024-07-11,12,31.1
2024-07-12,12,40.0
2024-07-13,12,40.2
2024-07-14,12,33.0
2024-07-15,12,32.9
2024-07-16,12,32.8
2024-07-17,12,33.1
2024-07-18,12,34.8
2024-07-19,12,42.2
2024-07-20,12,41.3
2024-07-21,12,35.4
2024-07-22,12,25.8
2024-07-23,12,30.4
2024-07-24,12,27.0
2024-07-25,12,18.9
2024-07-26,12,32.4
2024-07-27,12,43.4
2024-07-28,12,26.0
2024-07-29,12,20.4
2024-07-30,12,36.8
2024-07-31,12,23.1
2024-08-01,12,37.0
2024-08-02,12,34.1
2024-08-03,12,36.0
2024-08-04,12,32.0
2024-08-05,12,30.3
2024-08-06,12,24.3
2024-08-07,12,27.2
2024-08-08,12,24.5
2024-08-09,12,32.8
2024-08-10,12,25.5
2024-08-11,12,28.7
2024-08-12,12,29.3
2024-08-13,12,23.6
2024-08-14,12,29.9
2024-08-15,12,33.5
2024-08-16,12,30.0
2024-08-17,12,29.3
2024-08-18,12,20.7
2024-08-19,12,24.7
2024-08-20,12,22.6
2024-08-21,12,33.3
2024-08-22,12,30.0
2024-08-23,12,27.3
2024-08-24,12,35.9
2024-08-25,12,28.7
2024-08-26,12,20.4
2024-08-27,12,36.8
2024-08-28,12,33.8
2024-08-29,12,28.0
2024-08-30,12,30.5
2024-08-31,12,32.0
2024-09-01,12,28.1
2024-09-02,12,31.5
2024-09-03,12,33.5
2024-09-04,12,36.6
2024-09-05,12,25.8
2024-09-06,12,31.7
2024-09-07,12,27.7
2024-09-08,12,25.0
2024-09-09,12,25.5
2024-09-10,12,30.5
2024-09-11,12,31.2
2024-09-12,12,35.5
2024-09-13,12,31.6
2024-09-14,12,27.3
2024-09-15,12,27.1
2024-09-16,12,17.5
2024-09-17,12,18.2
2024-09-18,12,30.7
2024-09-19,12,24.5
2024-09-20,12,26.3
2024-09-21,12,36.3
2024-09-22,12,22.6
2024-09-23,12,23.7
2024-09-24,12,23.2
2024-09-25,12,26.3
2024-09-26,12,32.5
2024-09-27,12,34.9
2024-09-28,12,27.7
2024-09-29,12,35.2
2024-09-30,12,22.4
2024-10-01,12,25.9
2024-10-02,12,28.6
2024-10-03,12,24.4
2024-10-04,12,32.5
2024-10-05,12,29.9
2024-10-06,12,32.3
2024-10-07,12,28.7
2024-10-08,12,35.0
2024-10-09,12,27.2
2024-10-10,12,24.0
2024-10-11,12,27.5
2024-10-12,12,33.2
2024-10-13,12,25.4
2024-10-14,12,38.6
2024-10-15,12,27.7
2024-10-16,12,18.3
2024-10-17,12,24.6
2024-10-18,12,32.4
2024-10-19,12,26.9
2024-10-20,12,20.8
2024-10-21,12,30.4
2024-10-22,12,30.8
2024-10-23,12,22.0
2024-10-24,12,34.7
2024-10-25,12,40.2
2024-10-26,12,32.7
2024-10-27,12,29.6
2024-10-28,12,22.6
2024-10-29,12,34.3
2024-10-30,12,21.6
2024-10-31,12,23.5
2024-11-01,12,34.4
2024-11-02,12,31.2
2024-11-03,12,30.3
2024-11-04,12,29.3
2024-11-05,12,37.4
2024-11-06,12,30.0
2024-11-07,12,28.3
2024-11-08,12,50.2
2024-11-09,12,29.5
2024-11-10,12,24.6
2024-11-11,12,35.0
2024-11-12,12,24.6
2024-11-13,12,31.2
2024-11-14,12,32.9
2024-11-15,12,31.4
2024-11-16,12,36.7
2024-11-17,12,31.0
2024-11-18,12,30.8
2024-11-19,12,29.0
2024-11-20,12,39.9
2024-11-21,12,38.9
2024-11-22,12,31.7
2024-11-23,12,40.6
2024-11-24,12,34.1
2024-11-25,12,39.7
2024-11-26,12,32.7
2024-11-27,12,35.5
2024-11-28,12,30.0
2024-11-29,12,39.6
2024-11-30,12,34.2
2024-12-01,12,27.9
2024-12-02,12,30.5
2024-12-03,12,25.3
2024-12-04,12,42.0
2024-12-05,12,45.3
2024-12-06,12,37.2
2024-12-07,12,39.6
2024-12-08,12,38.6
2024-12-09,12,31.1
2024-12-10,12,37.6
2024-12-11,12,32.7
2024-12-12,12,27.2
2024-12-13,12,39.7
2024-12-14,12,31.6
2024-12-15,12,38.4
2024-12-16,12,34.7
2024-12-17,12,41.9
2024-12-18,12,25.0
2024-12-19,12,36.2
2024-12-20,12,37.7
2024-12-21,12,45.7
2024-12-22,12,27.8
2024-12-23,12,25.1
2024-12-24,12,33.7
2024-12-25,12,29.4
2024-12-26,12,27.5
2024-12-27,12,42.3
2024-12-28,12,45.1
2024-12-29,12,34.7
2024-12-30,12,36.4
2024-12-31,12,28.6
2025-01-01,12,49.2
2025-01-02,12,37.8
2025-01-03,12,44.0
2025-01-04,12,45.0
2025-01-05,12,44.5
2025-01-06,12,45.3
2025-01-07,12,29.9
2025-01-08,12,38.9
2025-01-09,12,44.2
2025-01-10,12,53.0
2025-01-11,12,53.8
2025-01-12,12,39.0
2025-01-13,12,33.5
2025-01-14,12,38.6
2025-01-15,12,35.9
2025-01-16,12,31.8
2025-01-17,12,39.8
2025-01-18,12,43.1
2025-01-19,12,42.6
2025-01-20,12,41.2
2025-01-21,12,35.7
2025-01-22,12,32.2
2025-01-23,12,30.6
2025-01-24,12,39.9
2025-01-25,12,37.5
2025-01-26,12,34.2
2025-01-27,12,46.7
2025-01-28,12,40.6
2025-01-29,12,31.0
2025-01-30,12,39.6
2025-01-31,12,49.3
2025-02-01,12,54.6
2025-02-02,12,40.3
2025-02-03,12,42.8
2025-02-04,12,37.3
2025-02-05,12,37.3
2025-02-06,12,42.2
2025-02-07,12,44.5
2025-02-08,12,46.1
2025-02-09,12,33.9
2025-02-10,12,37.5
2025-02-11,12,37.7
2025-02-12,12,32.8
2025-02-13,12,39.4
2025-02-14,12,43.5
2025-02-15,12,41.7
2025-02-16,12,41.1
2025-02-17,12,48.1
2025-02-18,12,35.0
2025-02-19,12,42.6
2025-02-20,12,54.9
2025-02-21,12,37.9
2025-02-22,12,67.2
2025-02-23,12,47.4
2025-02-24,12,44.8
2025-02-25,12,47.6
2025-02-26,12,46.2
2025-02-27,12,45.0
2025-02-28,12,58.9
2025-03-01,12,38.2
2025-03-02,12,46.3
2025-03-03,12,35.4
2025-03-04,12,44.0
2025-03-05,12,41.2
2025-03-06,12,40.0
2025-03-07,12,56.7
2025-03-08,12,52.4
2025-03-09,12,57.1
2025-03-10,12,44.6
2025-03-11,12,45.2
2025-03-12,12,49.9
2025-03-13,12,39.0
2025-03-14,12,56.2
2025-03-15,12,45.4
2025-03-16,12,29.7
2025-03-17,12,42.5
2025-03-18,12,55.5
2025-03-19,12,37.6
2025-03-20,12,26.2
2025-03-21,12,39.7
2025-03-22,12,50.7
2025-03-23,12,37.0
2025-03-24,12,35.8
2025-03-25,12,47.2
2025-03-26,12,52.8
2025-03-27,12,46.6
2025-03-28,12,45.9
2025-03-29,12,54.7
2025-03-30,12,37.7
2025-03-31,12,49.3
2025-04-01,12,50.4
2025-04-02,12,36.8
2025-04-03,12,43.3
2025-04-04,12,44.4
2025-04-05,12,62.1
2025-04-06,12,38.6
2025-04-07,12,41.5
2025-04-08,12,55.6
2025-04-09,12,32.8
2025-04-10,12,46.8
2025-04-11,12,53.3
2025-04-12,12,23.8
2025-04-13,12,27.1
2025-04-14,12,43.2
2025-04-15,12,37.2
2025-04-16,12,43.4
2025-04-17,12,36.4
2025-04-18,12,53.8
2025-04-19,12,42.9
2025-04-20,12,48.5
2025-04-21,12,61.2
2025-04-22,12,32.5
2025-04-23,12,51.2
2025-04-24,12,24.0
2025-04-25,12,32.3
2025-04-26,12,63.0
2025-04-27,12,36.8
2025-04-28,12,46.6
2025-04-29,12,40.4
2025-04-30,12,43.5
2025-05-01,12,40.2
2025-05-02,12,50.3
2025-05-03,12,47.9
2025-05-04,12,27.4
2025-05-05,12,32.1
2025-05-06,12,52.6
2025-05-07,12,54.0
2025-05-08,12,29.5
2025-05-09,12,59.4
2025-05-10,12,44.1
2025-05-11,12,42.6
2025-05-12,12,41.0
2025-05-13,12,44.1
2025-05-14,12,39.1
2025-05-15,12,51.9
2025-05-16,12,41.7
2025-05-17,12,43.3
2025-05-18,12,46.6
2025-05-19,12,42.3
2025-05-20,12,30.6
2025-05-21,12,41.0
2025-05-22,12,39.4
2025-05-23,12,58.9
2025-05-24,12,53.9
2025-05-25,12,42.1
2025-05-26,12,34.8
2025-05-27,12,41.1
2025-05-28,12,46.0
2025-05-29,12,42.5
2025-05-30,12,41.9
2025-05-31,12,38.6
2025-06-01,12,43.1
2025-06-02,12,41.1
2025-06-03,12,36.1
2025-06-04,12,28.3
2025-06-05,12,37.3
2025-06-06,12,34.2
2025-06-07,12,50.8
2025-06-08,12,37.8
2025-06-09,12,35.4
2025-06-10,12,39.4
2025-06-11,12,49.9
2025-06-12,12,29.6
2025-06-13,12,38.7
2025-06-14,12,38.4
2025-06-15,12,32.2
2025-06-16,12,43.5
2025-06-17,12,24.5
2025-06-18,12,40.4
2025-06-19,12,33.9
2025-06-20,12,47.5
2025-06-21,12,41.5
2025-06-22,12,40.8
2025-06-23,12,43.7
2025-06-24,12,32.6
2025-06-25,12,31.2
2025-06-26,12,38.4
2025-06-27,12,39.9
2025-06-28,12,42.8
2025-06-29,12,33.1
2025-06-30,12,23.6
2025-07-01,12,36.2
2025-07-02,12,49.3
2025-07-03,12,33.5
2025-07-04,12,45.5
2025-07-05,12,33.8
2025-07-06,12,27.9
2025-07-07,12,36.3
2025-07-08,12,42.1
2025-07-09,12,39.4
2025-07-10,12,25.0
2025-07-11,12,38.5
2025-07-12,12,35.9
2025-07-13,12,28.6
2025-07-14,12,28.1
2025-07-15,12,29.9
2025-07-16,12,33.9
2025-07-17,12,35.4
2025-07-18,12,35.3
2025-07-19,12,32.7
2025-07-20,12,39.0
2025-07-21,12,26.9
2025-07-22,12,33.3
2025-07-23,12,32.2
2025-07-24,12,34.7
2025-07-25,12,32.3
2025-07-26,12,31.6
2025-07-27,12,28.5
2025-07-28,12,30.3
2025-07-29,12,23.1
2025-07-30,12,32.9
2025-07-31,12,21.1
2025-08-01,12,36.0
2025-08-02,12,28.8
2025-08-03,12,26.4
2025-08-04,12,44.3
2025-08-05,12,19.3
2025-08-06,12,20.7
2025-08-07,12,36.6
2025-08-08,12,30.6
2025-08-09,12,24.8
2025-08-10,12,27.4
2025-08-11,12,27.9
2025-08-12,12,34.3
2025-08-13,12,28.4
2025-08-14,12,27.3
2025-08-15,12,31.4
2025-08-16,12,31.3
2025-08-17,12,30.7
2025-08-18,12,26.4
2025-08-19,12,36.4
2025-08-20,12,28.1
2025-08-21,12,34.6
2025-08-22,12,42.3
2025-08-23,12,35.9
2025-08-24,12,22.5
2025-08-25,12,32.6
2025-08-26,12,33.0
2025-08-27,12,31.2
2025-08-28,12,40.2
2025-08-29,12,46.8
2025-08-30,12,33.1
2025-08-31,12,25.3
2025-09-01,12,42.3
2025-09-02,12,27.3
2025-09-03,12,40.3
2025-09-04,12,29.9
2025-09-05,12,38.3
2025-09-06,12,47.8
2025-09-07,12,34.6
2025-09-08,12,22.5
2025-09-09,12,31.9
2025-09-10,12,24.2
2025-09-11,12,39.5
2025-09-12,12,33.7
2025-09-13,12,43.4
2025-09-14,12,32.9
2025-09-15,12,28.7
2025-09-16,12,27.6
2025-09-17,12,31.1
2025-09-18,12,32.4
2025-09-19,12,38.4
2025-09-20,12,37.2
2025-09-21,12,30.2
2025-09-22,12,33.5
2025-09-23,12,28.6
2025-09-24,12,35.6
2025-09-25,12,27.9
2025-09-26,12,43.9
2025-09-27,12,37.1
2025-09-28,12,26.7
2025-09-29,12,24.7
2025-09-30,12,31.6
2025-10-01,12,34.9
2025-10-02,12,32.7
2025-10-03,12,48.9
2025-10-04,12,36.9
2025-10-05,12,38.2
2025-10-06,12,33.8
2025-10-07,12,36.9
2025-10-08,12,19.2
2025-10-09,12,40.4
2025-10-10,12,35.4
2025-10-11,12,38.0
2025-10-12,12,24.8
2025-10-13,12,18.6
2025-10-14,12,30.4
2025-10-15,12,24.3
2025-10-16,12,39.2
2025-10-17,12,41.4
2025-10-18,12,42.7
2025-10-19,12,35.4
2025-10-20,12,29.6
2025-10-21,12,19.8
2025-10-22,12,29.1
2025-10-23,12,28.8
2025-10-24,12,35.1
2025-10-25,12,32.1
2025-10-26,12,30.5
2025-10-27,12,37.1
2025-10-28,12,30.9
2025-10-29,12,45.9
2025-10-30,12,33.6
2025-10-31,12,41.8
2025-11-01,12,42.5
2025-11-02,12,36.3
2025-11-03,12,44.0
2025-11-04,12,34.0
2025-11-05,12,32.2
2025-11-06,12,33.3
2025-11-07,12,35.9
2025-11-08,12,43.0
2025-11-09,12,26.3
2025-11-10,12,33.9
2025-11-11,12,28.5
2025-11-12,12,32.3
2025-11-13,12,28.1
2025-11-14,12,35.2
2025-11-15,12,29.3
2025-11-16,12,26.9
2025-11-17,12,39.0
2025-11-18,12,34.2
2025-11-19,12,19.5
2025-11-20,12,35.5
2025-11-21,12,45.3
2025-11-22,12,43.8
2025-11-23,12,34.0
2025-11-24,12,36.5
2025-11-25,12,45.4
2025-11-26,12,35.5
2025-11-27,12,28.5
2025-11-28,12,42.5
2025-11-29,12,39.4
2025-11-30,12,46.2
2025-12-01,12,31.7
2025-12-02,12,14.6
2025-12-03,12,31.3
2025-12-04,12,36.5
2025-12-05,12,40.0
2025-12-06,12,40.3
2025-12-07,12,24.1
2025-12-08,12,47.1
2025-12-09,12,28.8
2025-12-10,12,32.7
2025-12-11,12,34.9
2025-12-12,12,35.9
2025-12-13,12,30.1
2025-12-14,12,37.6
2025-12-15,12,29.5
2025-12-16,12,49.3
2025-12-17,12,46.7
2025-12-18,12,38.7
2025-12-19,12,31.8
2025-12-20,12,47.3
2025-12-21,12,36.3
2025-12-22,12,53.7
2025-12-23,12,45.0
2025-12-24,12,39.8
2025-12-25,12,31.0
2025-12-26,12,58.4
2025-12-27,12,52.8
2025-12-28,12,38.1
2025-12-29,12,40.1
2025-12-30,12,46.9
2024-01-01,13,85.4
2024-01-02,13,52.3
2024-01-03,13,56.3
2024-01-04,13,73.7
2024-01-05,13,54.0
2024-01-06,13,49.2
2024-01-07,13,82.0
2024-01-08,13,65.1
2024-01-09,13,67.9
2024-01-10,13,43.2
2024-01-11,13,82.2
2024-01-12,13,76.6
2024-01-13,13,82.4
2024-01-14,13,72.7
2024-01-15,13,70.1
2024-01-16,13,39.1
2024-01-17,13,73.8
2024-01-18,13,77.4
2024-01-19,13,72.5
2024-01-20,13,93.3
2024-01-21,13,82.7
2024-01-22,13,67.0
2024-01-23,13,65.9
2024-01-24,13,74.5
2024-01-25,13,64.4
2024-01-26,13,77.5
2024-01-27,13,101.7
2024-01-28,13,82.7
2024-01-29,13,66.1
2024-01-30,13,71.1
2024-01-31,13,79.8
2024-02-01,13,76.9
2024-02-02,13,79.0
2024-02-03,13,118.0
2024-02-04,13,54.9
2024-02-05,13,89.3
2024-02-06,13,91.9
2024-02-07,13,80.6
2024-02-08,13,68.1
2024-02-09,13,77.1
2024-02-10,13,68.5
2024-02-11,13,101.7
2024-02-12,13,82.6
2024-02-13,13,80.6
2024-02-14,13,65.1
2024-02-15,13,68.6
2024-02-16,13,87.0
2024-02-17,13,63.0
2024-02-18,13,103.7
2024-02-19,13,64.1
2024-02-20,13,75.2
2024-02-21,13,62.6
2024-02-22,13,70.4
2024-02-23,13,92.5
2024-02-24,13,55.3
2024-02-25,13,77.4
2024-02-26,13,88.8
2024-02-27,13,71.4
2024-02-28,13,72.7
2024-02-29,13,103.0
2024-03-01,13,108.3
2024-03-02,13,95.6
2024-03-03,13,84.7
2024-03-04,13,84.9
2024-03-05,13,92.3
2024-03-06,13,69.7
2024-03-07,13,77.8
2024-03-08,13,77.9
2024-03-09,13,112.1
2024-03-10,13,73.5
2024-03-11,13,69.6
2024-03-12,13,76.7
2024-03-13,13,54.0
2024-03-14,13,68.4
2024-03-15,13,81.8
2024-03-16,13,107.4
2024-03-17,13,80.5
2024-03-18,13,119.3
2024-03-19,13,70.9
2024-03-20,13,63.3
2024-03-21,13,90.4
2024-03-22,13,88.3
2024-03-23,13,131.7
2024-03-24,13,68.9
2024-03-25,13,68.0
2024-03-26,13,63.0
2024-03-27,13,75.5
2024-03-28,13,72.3
2024-03-29,13,91.3
2024-03-30,13,102.6
2024-03-31,13,70.5
2024-04-01,13,86.2
2024-04-02,13,110.5
2024-04-03,13,72.8
2024-04-04,13,83.5
2024-04-05,13,109.1
2024-04-06,13,99.6
2024-04-07,13,91.0
2024-04-08,13,96.0
2024-04-09,13,104.4
2024-04-10,13,71.8
2024-04-11,13,66.2
2024-04-12,13,114.2
2024-04-13,13,87.4
2024-04-14,13,63.4
2024-04-15,13,98.2
2024-04-16,13,78.8
2024-04-17,13,96.0
2024-04-18,13,75.7
2024-04-19,13,53.6
2024-04-20,13,90.1
2024-04-21,13,80.3
2024-04-22,13,83.5
2024-04-23,13,86.8
2024-04-24,13,83.0
2024-04-25,13,59.5
2024-04-26,13,106.5
2024-04-27,13,58.8
2024-04-28,13,72.2
2024-04-29,13,78.5
2024-04-30,13,73.1
2024-05-01,13,66.5
2024-05-02,13,70.3
2024-05-03,13,75.2
2024-05-04,13,93.5
2024-05-05,13,63.4
2024-05-06,13,91.3
2024-05-07,13,87.4
2024-05-08,13,87.4
2024-05-09,13,58.3
2024-05-10,13,76.7
2024-05-11,13,89.0
2024-05-12,13,54.3
2024-05-13,13,59.5
2024-05-14,13,61.1
2024-05-15,13,70.9
2024-05-16,13,80.8
2024-05-17,13,78.7
2024-05-18,13,52.6
2024-05-19,13,77.6
2024-05-20,13,59.8
2024-05-21,13,77.7
2024-05-22,13,80.6
2024-05-23,13,83.5
2024-05-24,13,104.8
2024-05-25,13,72.0
2024-05-26,13,97.8
2024-05-27,13,65.2
2024-05-28,13,89.4
2024-05-29,13,94.9
2024-05-30,13,64.0
2024-05-31,13,100.2
2024-06-01,13,77.3
2024-06-02,13,89.7
2024-06-03,13,80.0
2024-06-04,13,70.9
2024-06-05,13,73.0
2024-06-06,13,69.4
2024-06-07,13,82.0
2024-06-08,13,62.8
2024-06-09,13,77.6
2024-06-10,13,71.1
2024-06-11,13,66.6
2024-06-12,13,66.7
2024-06-13,13,54.9
2024-06-14,13,90.5
2024-06-15,13,54.0
2024-06-16,13,55.7
2024-06-17,13,85.3
2024-06-18,13,84.8
2024-06-19,13,61.8
2024-06-20,13,73.1
2024-06-21,13,88.5
2024-06-22,13,81.7
2024-06-23,13,78.2
2024-06-24,13,68.3
2024-06-25,13,65.1
2024-06-26,13,57.3
2024-06-27,13,73.0
2024-06-28,13,87.1
2024-06-29,13,72.8
2024-06-30,13,86.1
2024-07-01,13,78.7
2024-07-02,13,64.8
2024-07-03,13,70.8
2024-07-04,13,56.1
2024-07-05,13,55.3
2024-07-06,13,88.3
2024-07-07,13,80.5
2024-07-08,13,57.4
2024-07-09,13,46.6
2024-07-10,13,50.8
2024-07-11,13,83.3
2024-07-12,13,56.3
2024-07-13,13,70.5
2024-07-14,13,54.2
2024-07-15,13,62.7
2024-07-16,13,45.5
2024-07-17,13,55.8
2024-07-18,13,60.1
2024-07-19,13,86.6
2024-07-20,13,75.7
2024-07-21,13,62.7
2024-07-22,13,65.5
2024-07-23,13,42.1
2024-07-24,13,55.6
2024-07-25,13,62.4
2024-07-26,13,60.2
2024-07-27,13,76.6
2024-07-28,13,51.9
2024-07-29,13,59.1
2024-07-30,13,59.7
2024-07-31,13,63.3
2024-08-01,13,63.8
2024-08-02,13,57.5
2024-08-03,13,66.4
2024-08-04,13,42.9
2024-08-05,13,58.2
2024-08-06,13,82.7
2024-08-07,13,70.2
2024-08-08,13,53.9
2024-08-09,13,67.4
2024-08-10,13,60.4
2024-08-11,13,50.3
2024-08-12,13,71.7
2024-08-13,13,71.5
2024-08-14,13,69.1
2024-08-15,13,52.1
2024-08-16,13,51.4
2024-08-17,13,52.9
2024-08-18,13,76.9
2024-08-19,13,50.1
2024-08-20,13,48.7
2024-08-21,13,55.9
2024-08-22,13,52.5
2024-08-23,13,67.7
2024-08-24,13,55.5
2024-08-25,13,57.3
2024-08-26,13,54.5
2024-08-27,13,48.0
2024-08-28,13,33.0
2024-08-29,13,51.8
2024-08-30,13,60.8
2024-08-31,13,61.2
2024-09-01,13,60.3
2024-09-02,13,58.8
2024-09-03,13,50.5
2024-09-04,13,54.6
2024-09-05,13,33.2
2024-09-06,13,48.7
2024-09-07,13,67.6
2024-09-08,13,44.2
2024-09-09,13,48.5
2024-09-10,13,56.1
2024-09-11,13,59.8
2024-09-12,13,49.0
2024-09-13,13,60.8
2024-09-14,13,59.6
2024-09-15,13,46.2
2024-09-16,13,37.4
2024-09-17,13,45.7
2024-09-18,13,55.3
2024-09-19,13,39.4
2024-09-20,13,71.0
2024-09-21,13,49.7
2024-09-22,13,70.8
2024-09-23,13,54.3
2024-09-24,13,79.5
2024-09-25,13,62.0
2024-09-26,13,37.0
2024-09-27,13,58.4
2024-09-28,13,69.3
2024-09-29,13,72.5
2024-09-30,13,39.7
2024-10-01,13,81.2
2024-10-02,13,67.5
2024-10-03,13,42.4
2024-10-04,13,56.6
2024-10-05,13,59.3
2024-10-06,13,47.7
2024-10-07,13,39.0
2024-10-08,13,46.0
2024-10-09,13,72.5
2024-10-10,13,64.4
2024-10-11,13,63.4
2024-10-12,13,85.4
2024-10-13,13,74.7
2024-10-14,13,53.5
2024-10-15,13,43.0
2024-10-16,13,66.3
2024-10-17,13,58.1
2024-10-18,13,73.1
2024-10-19,13,71.8
2024-10-20,13,46.7
2024-10-21,13,51.5
2024-10-22,13,56.7
2024-10-23,13,43.5
2024-10-24,13,47.8
2024-10-25,13,67.6
2024-10-26,13,63.9
2024-10-27,13,65.5
2024-10-28,13,63.3
2024-10-29,13,58.6
2024-10-30,13,66.8
2024-10-31,13,53.0
2024-11-01,13,82.5
2024-11-02,13,52.7
2024-11-03,13,81.5
2024-11-04,13,71.8
2024-11-05,13,73.0
2024-11-06,13,61.7
2024-11-07,13,68.0
2024-11-08,13,98.5
2024-11-09,13,50.2
2024-11-10,13,73.2
2024-11-11,13,60.3
2024-11-12,13,54.2
2024-11-13,13,54.5
2024-11-14,13,69.5
2024-11-15,13,85.6
2024-11-16,13,69.5
2024-11-17,13,47.9
2024-11-18,13,45.0
2024-11-19,13,83.1
2024-11-20,13,64.9
2024-11-21,13,78.3
2024-11-22,13,48.1
2024-11-23,13,81.9
2024-11-24,13,59.1
2024-11-25,13,58.0
2024-11-26,13,63.2
2024-11-27,13,82.4
2024-11-28,13,37.4
2024-11-29,13,57.3
2024-11-30,13,90.5
2024-12-01,13,46.5
2024-12-02,13,58.6
2024-12-03,13,53.5
2024-12-04,13,84.2
2024-12-05,13,83.0
2024-12-06,13,87.9
2024-12-07,13,95.9
2024-12-08,13,55.5
2024-12-09,13,68.6
2024-12-10,13,71.4
2024-12-11,13,71.7
2024-12-12,13,82.3
2024-12-13,13,87.2
2024-12-14,13,56.7
2024-12-15,13,63.6
2024-12-16,13,70.9
2024-12-17,13,60.6
2024-12-18,13,57.4
2024-12-19,13,59.2
2024-12-20,13,52.4
2024-12-21,13,69.3
2024-12-22,13,72.2
2024-12-23,13,82.3
2024-12-24,13,74.4
2024-12-25,13,85.9
2024-12-26,13,73.4
2024-12-27,13,109.7
2024-12-28,13,68.6
2024-12-29,13,65.7
2024-12-30,13,88.8
2024-12-31,13,51.2
2025-01-01,13,68.8
2025-01-02,13,66.8
2025-01-03,13,73.5
2025-01-04,13,63.6
2025-01-05,13,87.6
2025-01-06,13,61.7
2025-01-07,13,95.0
2025-01-08,13,64.1
2025-01-09,13,60.6
2025-01-10,13,128.4
2025-01-11,13,103.7
2025-01-12,13,116.4
2025-01-13,13,103.1
2025-01-14,13,78.3
2025-01-15,13,89.1
2025-01-16,13,65.6
2025-01-17,13,96.6
2025-01-18,13,95.9
2025-01-19,13,87.2
2025-01-20,13,99.6
2025-01-21,13,103.7
2025-01-22,13,56.7
2025-01-23,13,76.2
2025-01-24,13,103.1
2025-01-25,13,96.2
2025-01-26,13,61.1
2025-01-27,13,83.1
2025-01-28,13,62.0
2025-01-29,13,72.7
2025-01-30,13,84.6
2025-01-31,13,104.9
2025-02-01,13,88.0
2025-02-02,13,100.3
2025-02-03,13,75.9
2025-02-04,13,72.0
2025-02-05,13,78.5
2025-02-06,13,75.4
2025-02-07,13,106.7
2025-02-08,13,105.9
2025-02-09,13,73.7
2025-02-10,13,68.5
2025-02-11,13,102.2
2025-02-12,13,71.3
2025-02-13,13,69.2
2025-02-14,13,90.2
2025-02-15,13,104.9
2025-02-16,13,79.2
2025-02-17,13,99.0
2025-02-18,13,88.5
2025-02-19,13,88.4
2025-02-20,13,115.2
2025-02-21,13,87.6
2025-02-22,13,102.0
2025-02-23,13,86.7
2025-02-24,13,83.7
2025-02-25,13,91.4
2025-02-26,13,65.7
2025-02-27,13,89.6
2025-02-28,13,120.9
2025-03-01,13,110.0
2025-03-02,13,78.6
2025-03-03,13,75.6
2025-03-04,13,101.5
2025-03-05,13,101.8
2025-03-06,13,79.5
2025-03-07,13,98.5
2025-03-08,13,104.3
2025-03-09,13,83.7
2025-03-10,13,88.4
2025-03-11,13,102.6
2025-03-12,13,118.6
2025-03-13,13,98.8
2025-03-14,13,127.8
2025-03-15,13,111.2
2025-03-16,13,74.6
2025-03-17,13,114.5
2025-03-18,13,81.3
2025-03-19,13,93.6
2025-03-20,13,81.4
2025-03-21,13,103.7
2025-03-22,13,108.1
2025-03-23,13,87.7
2025-03-24,13,90.5
2025-03-25,13,91.4
2025-03-26,13,108.6
2025-03-27,13,107.5
2025-03-28,13,110.0
2025-03-29,13,125.2
2025-03-30,13,88.9
2025-03-31,13,93.4
2025-04-01,13,99.2
2025-04-02,13,87.0
2025-04-03,13,102.2
2025-04-04,13,92.9
2025-04-05,13,114.1
2025-04-06,13,79.8
2025-04-07,13,72.5
2025-04-08,13,88.1
2025-04-09,13,87.4
2025-04-10,13,84.0
2025-04-11,13,130.8
2025-04-12,13,116.5
2025-04-13,13,115.0
2025-04-14,13,119.5
2025-04-15,13,147.3
2025-04-16,13,67.5
2025-04-17,13,103.0
2025-04-18,13,96.9
2025-04-19,13,101.0
2025-04-20,13,82.2
2025-04-21,13,98.2
2025-04-22,13,102.7
2025-04-23,13,87.8
2025-04-24,13,92.2
2025-04-25,13,72.4
2025-04-26,13,82.8
2025-04-27,13,105.6
2025-04-28,13,85.2
2025-04-29,13,107.7
2025-04-30,13,82.8
2025-05-01,13,57.1
2025-05-02,13,113.8
2025-05-03,13,113.1
2025-05-04,13,88.6
2025-05-05,13,103.1
2025-05-06,13,96.0
2025-05-07,13,86.6
2025-05-08,13,90.6
2025-05-09,13,78.3
2025-05-10,13,89.8
2025-05-11,13,64.8
2025-05-12,13,68.5
2025-05-13,13,86.0
2025-05-14,13,89.1
2025-05-15,13,107.0
2025-05-16,13,110.1
2025-05-17,13,103.0
2025-05-18,13,102.7
2025-05-19,13,106.4
2025-05-20,13,109.1
2025-05-21,13,95.5
2025-05-22,13,80.7
2025-05-23,13,101.0
2025-05-24,13,104.6
2025-05-25,13,72.0
2025-05-26,13,33.8
2025-05-27,13,89.8
2025-05-28,13,90.5
2025-05-29,13,114.6
2025-05-30,13,93.1
2025-05-31,13,91.8
2025-06-01,13,84.2
2025-06-02,13,99.6
2025-06-03,13,101.9
2025-06-04,13,91.7
2025-06-05,13,77.4
2025-06-06,13,68.6
2025-06-07,13,93.7
2025-06-08,13,90.9
2025-06-09,13,73.0
2025-06-10,13,111.2
2025-06-11,13,63.4
2025-06-12,13,94.1
2025-06-13,13,95.5
2025-06-14,13,96.0
2025-06-15,13,85.4
2025-06-16,13,81.7
2025-06-17,13,81.1
2025-06-18,13,95.3
2025-06-19,13,75.2
2025-06-20,13,59.6
2025-06-21,13,94.3
2025-06-22,13,58.8
2025-06-23,13,95.2
2025-06-24,13,76.5
2025-06-25,13,76.8
2025-06-26,13,70.0
2025-06-27,13,117.6
2025-06-28,13,59.7
2025-06-29,13,71.7
2025-06-30,13,74.3
2025-07-01,13,100.8
2025-07-02,13,86.7
2025-07-03,13,70.4
2025-07-04,13,96.6
2025-07-05,13,90.6
2025-07-06,13,73.5
2025-07-07,13,99.1
2025-07-08,13,61.2
2025-07-09,13,95.7
2025-07-10,13,60.2
2025-07-11,13,62.7
2025-07-12,13,69.7
2025-07-13,13,73.4
2025-07-14,13,74.6
2025-07-15,13,79.2
2025-07-16,13,85.1
2025-07-17,13,72.1
2025-07-18,13,77.3
2025-07-19,13,78.6
2025-07-20,13,99.3
2025-07-21,13,80.4
2025-07-22,13,71.4
2025-07-23,13,89.2
2025-07-24,13,48.8
2025-07-25,13,113.6
2025-07-26,13,85.6
2025-07-27,13,89.4
2025-07-28,13,70.4
2025-07-29,13,67.6
2025-07-30,13,65.7
2025-07-31,13,61.4
2025-08-01,13,51.1
2025-08-02,13,99.1
2025-08-03,13,56.5
2025-08-04,13,66.4
2025-08-05,13,46.9
2025-08-06,13,61.2
2025-08-07,13,89.9
2025-08-08,13,84.3
2025-08-09,13,100.0
2025-08-10,13,73.6
2025-08-11,13,87.0
2025-08-12,13,59.5
2025-08-13,13,81.7
2025-08-14,13,63.7
2025-08-15,13,80.8
2025-08-16,13,96.9
2025-08-17,13,65.8
2025-08-18,13,69.4
2025-08-19,13,71.4
2025-08-20,13,42.8
2025-08-21,13,57.7
2025-08-22,13,66.8
2025-08-23,13,66.5
2025-08-24,13,54.8
2025-08-25,13,63.3
2025-08-26,13,60.8
2025-08-27,13,82.9
2025-08-28,13,70.6
2025-08-29,13,63.6
2025-08-30,13,71.7
2025-08-31,13,59.6
2025-09-01,13,65.7
2025-09-02,13,36.2
2025-09-03,13,63.9
2025-09-04,13,48.2
2025-09-05,13,66.7
2025-09-06,13,80.8
2025-09-07,13,62.7
2025-09-08,13,73.0
2025-09-09,13,60.2
2025-09-10,13,59.6
2025-09-11,13,78.1
2025-09-12,13,87.4
2025-09-13,13,86.3
2025-09-14,13,79.9
2025-09-15,13,57.8
2025-09-16,13,62.1
2025-09-17,13,52.4
2025-09-18,13,66.7
2025-09-19,13,62.1
2025-09-20,13,46.7
2025-09-21,13,52.0
2025-09-22,13,74.9
2025-09-23,13,67.8
2025-09-24,13,61.5
2025-09-25,13,65.1
2025-09-26,13,71.4
2025-09-27,13,57.2
2025-09-28,13,47.1
2025-09-29,13,30.0
2025-09-30,13,52.5
2025-10-01,13,69.8
2025-10-02,13,57.6
2025-10-03,13,79.7
2025-10-04,13,91.8
2025-10-05,13,63.8
2025-10-06,13,54.7
2025-10-07,13,68.9
2025-10-08,13,57.9
2025-10-09,13,37.1
2025-10-10,13,71.4
2025-10-11,13,82.1
2025-10-12,13,61.6
2025-10-13,13,71.1
2025-10-14,13,55.9
2025-10-15,13,39.9
2025-10-16,13,48.9
2025-10-17,13,69.7
2025-10-18,13,79.1
2025-10-19,13,61.0
2025-10-20,13,74.0
2025-10-21,13,70.3
2025-10-22,13,73.1
2025-10-23,13,88.7
2025-10-24,13,86.9
2025-10-25,13,82.1
2025-10-26,13,72.4
2025-10-27,13,72.1
2025-10-28,13,78.9
2025-10-29,13,70.7
2025-10-30,13,78.5
2025-10-31,13,73.8
2025-11-01,13,88.3
2025-11-02,13,77.6
2025-11-03,13,83.8
2025-11-04,13,86.8
2025-11-05,13,56.3
2025-11-06,13,64.3
2025-11-07,13,107.2
2025-11-08,13,71.3
2025-11-09,13,76.2
2025-11-10,13,67.3
2025-11-11,13,67.4
2025-11-12,13,65.0
2025-11-13,13,81.7
2025-11-14,13,108.7
2025-11-15,13,62.3
2025-11-16,13,73.5
2025-11-17,13,98.0
2025-11-18,13,88.2
2025-11-19,13,69.0
2025-11-20,13,87.7
2025-11-21,13,63.0
2025-11-22,13,85.0
2025-11-23,13,73.4
2025-11-24,13,76.5
2025-11-25,13,77.0
2025-11-26,13,73.1
2025-11-27,13,65.4
2025-11-28,13,53.6
2025-11-29,13,64.4
2025-11-30,13,80.2
2025-12-01,13,82.6
2025-12-02,13,84.2
2025-12-03,13,51.0
2025-12-04,13,88.5
2025-12-05,13,75.4
2025-12-06,13,89.5
2025-12-07,13,82.1
2025-12-08,13,85.0
2025-12-09,13,89.3
2025-12-10,13,89.8
2025-12-11,13,89.0
2025-12-12,13,83.3
2025-12-13,13,79.8
2025-12-14,13,56.2
2025-12-15,13,83.9
2025-12-16,13,56.1
2025-12-17,13,81.2
2025-12-18,13,86.0
2025-12-19,13,82.0
2025-12-20,13,68.0
2025-12-21,13,68.8
2025-12-22,13,111.1
2025-12-23,13,58.4
2025-12-24,13,78.5
2025-12-25,13,67.8
2025-12-26,13,91.4
2025-12-27,13,103.4
2025-12-28,13,86.7
2025-12-29,13,81.3
2025-12-30,13,72.8
2024-01-01,14,20.1
2024-01-02,14,16.1
2024-01-03,14,20.7
2024-01-04,14,26.1
2024-01-05,14,23.2
2024-01-06,14,21.4
2024-01-07,14,15.3
2024-01-08,14,22.8
2024-01-09,14,24.8
2024-01-10,14,15.0
2024-01-11,14,24.5
2024-01-12,14,25.3
2024-01-13,14,33.5
2024-01-14,14,15.9
2024-01-15,14,16.4
2024-01-16,14,21.2
2024-01-17,14,20.9
2024-01-18,14,18.4
2024-01-19,14,21.2
2024-01-20,14,23.9
2024-01-21,14,23.2
2024-01-22,14,22.1
2024-01-23,14,17.4
2024-01-24,14,23.0
2024-01-25,14,19.2
2024-01-26,14,26.5
2024-01-27,14,22.6
2024-01-28,14,19.3
2024-01-29,14,24.6
2024-01-30,14,22.3
2024-01-31,14,27.1
2024-02-01,14,14.8
2024-02-02,14,27.0
2024-02-03,14,27.7
2024-02-04,14,25.7
2024-02-05,14,15.3
2024-02-06,14,28.0
2024-02-07,14,21.9
2024-02-08,14,21.1
2024-02-09,14,19.9
2024-02-10,14,27.9
2024-02-11,14,17.9
2024-02-12,14,23.3
2024-02-13,14,21.3
2024-02-14,14,22.2
2024-02-15,14,13.0
2024-02-16,14,23.9
2024-02-17,14,27.1
2024-02-18,14,20.2
2024-02-19,14,22.5
2024-02-20,14,24.3
2024-02-21,14,24.3
2024-02-22,14,19.5
2024-02-23,14,27.0
2024-02-24,14,25.0
2024-02-25,14,28.9
2024-02-26,14,24.8
2024-02-27,14,25.6
2024-02-28,14,16.5
2024-02-29,14,21.4
2024-03-01,14,31.6
2024-03-02,14,27.8
2024-03-03,14,24.0
2024-03-04,14,23.7
2024-03-05,14,25.7
2024-03-06,14,21.2
2024-03-07,14,24.2
2024-03-08,14,21.7
2024-03-09,14,16.0
2024-03-10,14,22.2
2024-03-11,14,17.0
2024-03-12,14,31.2
2024-03-13,14,30.1
2024-03-14,14,30.0
2024-03-15,14,25.8
2024-03-16,14,30.0
2024-03-17,14,23.9
2024-03-18,14,16.0
2024-03-19,14,19.9
2024-03-20,14,28.3
2024-03-21,14,20.1
2024-03-22,14,23.0
2024-03-23,14,20.0
2024-03-24,14,24.0
2024-03-25,14,23.9
2024-03-26,14,27.6
2024-03-27,14,23.1
2024-03-28,14,23.8
2024-03-29,14,23.0
2024-03-30,14,25.5
2024-03-31,14,23.7
2024-04-01,14,24.1
2024-04-02,14,27.1
2024-04-03,14,25.0
2024-04-04,14,22.7
2024-04-05,14,22.4
2024-04-06,14,21.1
2024-04-07,14,19.3
2024-04-08,14,24.8
2024-04-09,14,26.0
2024-04-10,14,21.0
2024-04-11,14,24.4
2024-04-12,14,30.7
2024-04-13,14,25.1
2024-04-14,14,13.9
2024-04-15,14,20.9
2024-04-16,14,26.5
2024-04-17,14,28.1
2024-04-18,14,20.7
2024-04-19,14,28.0
2024-04-20,14,29.3
2024-04-21,14,27.4
2024-04-22,14,23.5
2024-04-23,14,20.6
2024-04-24,14,15.8
2024-04-25,14,20.0
2024-04-26,14,29.4
2024-04-27,14,23.2
2024-04-28,14,25.2
2024-04-29,14,25.2
2024-04-30,14,19.0
2024-05-01,14,28.5
2024-05-02,14,26.8
2024-05-03,14,24.7
2024-05-04,14,26.0
2024-05-05,14,20.7
2024-05-06,14,27.3
2024-05-07,14,24.5
2024-05-08,14,24.7
2024-05-09,14,23.7
2024-05-10,14,23.8
2024-05-11,14,21.0
2024-05-12,14,29.5
2024-05-13,14,23.3
2024-05-14,14,23.1
2024-05-15,14,18.5
2024-05-16,14,23.6
2024-05-17,14,25.6
2024-05-18,14,31.1
2024-05-19,14,21.5
2024-05-20,14,28.4
2024-05-21,14,32.9
2024-05-22,14,26.0
2024-05-23,14,23.1
2024-05-24,14,26.4
2024-05-25,14,34.7
2024-05-26,14,25.1
2024-05-27,14,21.2
2024-05-28,14,21.7
2024-05-29,14,25.5
2024-05-30,14,17.1
2024-05-31,14,20.4
2024-06-01,14,31.7
2024-06-02,14,20.0
2024-06-03,14,32.0
2024-06-04,14,26.8
2024-06-05,14,26.3
2024-06-06,14,21.0
2024-06-07,14,19.9
2024-06-08,14,15.6
2024-06-09,14,22.3
2024-06-10,14,20.5
2024-06-11,14,27.8
2024-06-12,14,17.8
2024-06-13,14,22.1
2024-06-14,14,24.1
2024-06-15,14,22.1
2024-06-16,14,20.1
2024-06-17,14,20.7
2024-06-18,14,26.4
2024-06-19,14,27.2
2024-06-20,14,28.6
2024-06-21,14,26.3
2024-06-22,14,29.9
2024-06-23,14,25.7
2024-06-24,14,16.4
2024-06-25,14,23.4
2024-06-26,14,22.2
2024-06-27,14,17.4
2024-06-28,14,28.0
2024-06-29,14,18.7
2024-06-30,14,23.8
2024-07-01,14,23.1
2024-07-02,14,25.9
2024-07-03,14,23.9
2024-07-04,14,27.1
2024-07-05,14,17.5
2024-07-06,14,24.9
2024-07-07,14,15.6
2024-07-08,14,20.0
2024-07-09,14,26.5
2024-07-10,14,16.2
2024-07-11,14,20.7
2024-07-12,14,28.8
2024-07-13,14,19.0
2024-07-14,14,18.3
2024-07-15,14,19.5
2024-07-16,14,26.7
2024-07-17,14,20.0
2024-07-18,14,25.6
2024-07-19,14,24.4
2024-07-20,14,22.6
2024-07-21,14,18.4
2024-07-22,14,25.8
2024-07-23,14,20.4
2024-07-24,14,21.9
2024-07-25,14,23.3
2024-07-26,14,21.1
2024-07-27,14,25.6
2024-07-28,14,18.9
2024-07-29,14,17.8
2024-07-30,14,22.4
2024-07-31,14,19.9
2024-08-01,14,22.1
2024-08-02,14,19.8
2024-08-03,14,27.5
2024-08-04,14,19.5
2024-08-05,14,21.2
2024-08-06,14,22.8
2024-08-07,14,20.7
2024-08-08,14,24.4
2024-08-09,14,25.4
2024-08-10,14,15.1
2024-08-11,14,19.6
2024-08-12,14,16.3
2024-08-13,14,23.6
2024-08-14,14,18.6
2024-08-15,14,21.1
2024-08-16,14,17.8
2024-08-17,14,26.6
2024-08-18,14,12.3
2024-08-19,14,20.7
2024-08-20,14,24.2
2024-08-21,14,24.8
2024-08-22,14,17.9
2024-08-23,14,18.5
2024-08-24,14,27.3
2024-08-25,14,19.9
2024-08-26,14,23.0
2024-08-27,14,22.5
2024-08-28,14,19.5
2024-08-29,14,23.4
2024-08-30,14,21.2
2024-08-31,14,23.1
2024-09-01,14,19.2
2024-09-02,14,13.8
2024-09-03,14,18.0
2024-09-04,14,18.2
2024-09-05,14,23.5
2024-09-06,14,24.1
2024-09-07,14,19.4
2024-09-08,14,16.7
2024-09-09,14,17.0
2024-09-10,14,21.7
2024-09-11,14,12.8
2024-09-12,14,21.8
2024-09-13,14,15.7
2024-09-14,14,23.4
2024-09-15,14,19.9
2024-09-16,14,19.1
2024-09-17,14,19.3
2024-09-18,14,21.0
2024-09-19,14,17.8
2024-09-20,14,24.5
2024-09-21,14,21.8
2024-09-22,14,13.7
2024-09-23,14,14.0
2024-09-24,14,17.4
2024-09-25,14,12.1
2024-09-26,14,15.8
2024-09-27,14,23.5
2024-09-28,14,20.1
2024-09-29,14,20.5
2024-09-30,14,20.5
2024-10-01,14,23.3
2024-10-02,14,21.0
2024-10-03,14,16.7
2024-10-04,14,21.8
2024-10-05,14,29.7
2024-10-06,14,15.3
2024-10-07,14,22.7
2024-10-08,14,18.3
2024-10-09,14,21.0
2024-10-10,14,20.7
2024-10-11,14,20.7
2024-10-12,14,20.4
2024-10-13,14,23.4
2024-10-14,14,11.7
2024-10-15,14,20.4
2024-10-16,14,17.9
2024-10-17,14,16.1
2024-10-18,14,17.3
2024-10-19,14,24.0
2024-10-20,14,17.6
2024-10-21,14,16.9
2024-10-22,14,21.2
2024-10-23,14,9.3
2024-10-24,14,12.7
2024-10-25,14,17.2
2024-10-26,14,21.9
2024-10-27,14,26.2
2024-10-28,14,17.7
2024-10-29,14,18.2
2024-10-30,14,11.5
2024-10-31,14,18.5
2024-11-01,14,17.8
2024-11-02,14,16.9
2024-11-03,14,20.3
2024-11-04,14,20.5
2024-11-05,14,18.3
2024-11-06,14,22.8
2024-11-07,14,22.0
2024-11-08,14,26.1
2024-11-09,14,24.6
2024-11-10,14,19.2
2024-11-11,14,19.7
2024-11-12,14,12.2
2024-11-13,14,19.9
2024-11-14,14,24.2
2024-11-15,14,23.1
2024-11-16,14,25.6
2024-11-17,14,20.1
2024-11-18,14,18.9
2024-11-19,14,28.2
2024-11-20,14,17.4
2024-11-21,14,23.4
2024-11-22,14,27.7
2024-11-23,14,27.0
2024-11-24,14,22.5
2024-11-25,14,21.0
2024-11-26,14,29.4
2024-11-27,14,19.7
2024-11-28,14,20.1
2024-11-29,14,22.0
2024-11-30,14,21.4
2024-12-01,14,16.6
2024-12-02,14,21.5
2024-12-03,14,23.0
2024-12-04,14,24.8
2024-12-05,14,20.8
2024-12-06,14,29.7
2024-12-07,14,21.3
2024-12-08,14,23.7
2024-12-09,14,27.0
2024-12-10,14,19.3
2024-12-11,14,12.6
2024-12-12,14,31.3
2024-12-13,14,26.8
2024-12-14,14,25.1
2024-12-15,14,18.0
2024-12-16,14,20.3
2024-12-17,14,29.3
2024-12-18,14,19.9
2024-12-19,14,18.1
2024-12-20,14,19.5
2024-12-21,14,21.2
2024-12-22,14,20.8
2024-12-23,14,29.8
2024-12-24,14,21.8
2024-12-25,14,21.6
2024-12-26,14,20.5
2024-12-27,14,22.7
2024-12-28,14,28.7
2024-12-29,14,21.3
2024-12-30,14,25.3
2024-12-31,14,15.6
2025-01-01,14,20.7
2025-01-02,14,25.8
2025-01-03,14,23.1
2025-01-04,14,28.2
2025-01-05,14,23.5
2025-01-06,14,21.9
2025-01-07,14,15.8
2025-01-08,14,14.9
2025-01-09,14,18.4
2025-01-10,14,22.6
2025-01-11,14,21.0
2025-01-12,14,20.6
2025-01-13,14,27.1
2025-01-14,14,20.8
2025-01-15,14,25.2
2025-01-16,14,23.3
2025-01-17,14,31.6
2025-01-18,14,30.0
2025-01-19,14,23.1
2025-01-20,14,21.7
2025-01-21,14,21.1
2025-01-22,14,23.1
2025-01-23,14,20.8
2025-01-24,14,31.0
2025-01-25,14,31.3
2025-01-26,14,31.4
2025-01-27,14,27.4
2025-01-28,14,27.7
2025-01-29,14,18.8
2025-01-30,14,19.5
2025-01-31,14,28.1
2025-02-01,14,23.3
2025-02-02,14,24.6
2025-02-03,14,19.7
2025-02-04,14,28.2
2025-02-05,14,24.4
2025-02-06,14,25.5
2025-02-07,14,25.4
2025-02-08,14,32.7
2025-02-09,14,13.3
2025-02-10,14,27.3
2025-02-11,14,28.2
2025-02-12,14,25.6
2025-02-13,14,25.1
2025-02-14,14,26.8
2025-02-15,14,24.5
2025-02-16,14,23.8
2025-02-17,14,27.1
2025-02-18,14,28.4
2025-02-19,14,18.4
2025-02-20,14,29.0
2025-02-21,14,39.7
2025-02-22,14,23.2
2025-02-23,14,32.6
2025-02-24,14,33.2
2025-02-25,14,24.3
2025-02-26,14,18.3
2025-02-27,14,32.4
2025-02-28,14,41.4
2025-03-01,14,35.2
2025-03-02,14,31.2
2025-03-03,14,30.1
2025-03-04,14,30.0
2025-03-05,14,21.5
2025-03-06,14,29.7
2025-03-07,14,28.4
2025-03-08,14,33.8
2025-03-09,14,27.3
2025-03-10,14,16.2
2025-03-11,14,24.9
2025-03-12,14,22.5
2025-03-13,14,30.3
2025-03-14,14,24.7
2025-03-15,14,27.7
2025-03-16,14,27.8
2025-03-17,14,24.8
2025-03-18,14,26.6
2025-03-19,14,34.7
2025-03-20,14,23.3
2025-03-21,14,35.5
2025-03-22,14,40.5
2025-03-23,14,32.7
2025-03-24,14,26.8
2025-03-25,14,27.4
2025-03-26,14,32.4
2025-03-27,14,30.7
2025-03-28,14,33.3
2025-03-29,14,31.2
2025-03-30,14,27.0
2025-03-31,14,25.2
2025-04-01,14,29.5
2025-04-02,14,28.1
2025-04-03,14,26.3
2025-04-04,14,24.4
2025-04-05,14,21.3
2025-04-06,14,30.7
2025-04-07,14,28.6
2025-04-08,14,26.4
2025-04-09,14,32.5
2025-04-10,14,35.2
2025-04-11,14,31.2
2025-04-12,14,27.3
2025-04-13,14,15.0
2025-04-14,14,30.5
2025-04-15,14,28.1
2025-04-16,14,34.7
2025-04-17,14,16.2
2025-04-18,14,41.5
2025-04-19,14,25.1
2025-04-20,14,23.1
2025-04-21,14,23.8
2025-04-22,14,33.0
2025-04-23,14,31.8
2025-04-24,14,33.5
2025-04-25,14,33.7
2025-04-26,14,22.2
2025-04-27,14,16.8
2025-04-28,14,34.6
2025-04-29,14,38.2
2025-04-30,14,24.6
2025-05-01,14,25.9
2025-05-02,14,28.7
2025-05-03,14,30.3
2025-05-04,14,27.9
2025-05-05,14,29.0
2025-05-06,14,31.4
2025-05-07,14,31.0
2025-05-08,14,19.4
2025-05-09,14,32.4
2025-05-10,14,28.0
2025-05-11,14,23.7
2025-05-12,14,22.4
2025-05-13,14,32.5
2025-05-14,14,29.9
2025-05-15,14,26.7
2025-05-16,14,34.0
2025-05-17,14,26.9
2025-05-18,14,38.3
2025-05-19,14,28.3
2025-05-20,14,22.5
2025-05-21,14,32.7
2025-05-22,14,33.6
2025-05-23,14,29.4
2025-05-24,14,32.2
2025-05-25,14,34.6
2025-05-26,14,26.5
2025-05-27,14,26.8
2025-05-28,14,30.0
2025-05-29,14,27.3
2025-05-30,14,24.3
2025-05-31,14,24.1
2025-06-01,14,28.8
2025-06-02,14,26.2
2025-06-03,14,28.9
2025-06-04,14,14.9
2025-06-05,14,21.7
2025-06-06,14,24.2
2025-06-07,14,25.4
2025-06-08,14,25.5
2025-06-09,14,22.9
2025-06-10,14,23.6
2025-06-11,14,26.1
2025-06-12,14,22.0
2025-06-13,14,36.8
2025-06-14,14,22.0
2025-06-15,14,18.9
2025-06-16,14,22.9
2025-06-17,14,24.5
2025-06-18,14,20.1
2025-06-19,14,24.8
2025-06-20,14,25.8
2025-06-21,14,34.6
2025-06-22,14,22.7
2025-06-23,14,25.9
2025-06-24,14,20.6
2025-06-25,14,26.5
2025-06-26,14,23.6
2025-06-27,14,42.1
2025-06-28,14,34.4
2025-06-29,14,19.9
2025-06-30,14,17.7
2025-07-01,14,24.5
2025-07-02,14,28.5
2025-07-03,14,21.9
2025-07-04,14,29.1
2025-07-05,14,18.6
2025-07-06,14,25.9
2025-07-07,14,26.8
2025-07-08,14,24.9
2025-07-09,14,24.8
2025-07-10,14,35.0
2025-07-11,14,33.1
2025-07-12,14,25.0
2025-07-13,14,27.0
2025-07-14,14,21.7
2025-07-15,14,28.3
2025-07-16,14,28.1
2025-07-17,14,20.8
2025-07-18,14,18.0
2025-07-19,14,31.2
2025-07-20,14,24.2
2025-07-21,14,18.5
2025-07-22,14,29.3
2025-07-23,14,30.8
2025-07-24,14,22.9
2025-07-25,14,24.4
2025-07-26,14,22.8
2025-07-27,14,30.6
2025-07-28,14,19.8
2025-07-29,14,22.8
2025-07-30,14,25.8
2025-07-31,14,28.8
2025-08-01,14,29.9
2025-08-02,14,19.1
2025-08-03,14,27.3
2025-08-04,14,17.9
2025-08-05,14,24.8
2025-08-06,14,18.6
2025-08-07,14,22.3
2025-08-08,14,20.1
2025-08-09,14,25.5
2025-08-10,14,16.4
2025-08-11,14,15.9
2025-08-12,14,20.1
2025-08-13,14,12.9
2025-08-14,14,24.5
2025-08-15,14,29.9
2025-08-16,14,23.4
2025-08-17,14,22.6
2025-08-18,14,30.3
2025-08-19,14,29.0
2025-08-20,14,22.9
2025-08-21,14,18.2
2025-08-22,14,24.5
2025-08-23,14,24.0
2025-08-24,14,20.1
2025-08-25,14,20.0
2025-08-26,14,21.0
2025-08-27,14,25.8
2025-08-28,14,19.5
2025-08-29,14,24.8
2025-08-30,14,26.7
2025-08-31,14,20.1
2025-09-01,14,23.3
2025-09-02,14,13.9
2025-09-03,14,20.2
2025-09-04,14,22.3
2025-09-05,14,26.8
2025-09-06,14,24.4
2025-09-07,14,20.0
2025-09-08,14,25.0
2025-09-09,14,18.9
2025-09-10,14,22.5
2025-09-11,14,21.4
2025-09-12,14,25.2
2025-09-13,14,21.6
2025-09-14,14,23.9
2025-09-15,14,20.3
2025-09-16,14,12.7
2025-09-17,14,19.5
2025-09-18,14,26.8
2025-09-19,14,27.1
2025-09-20,14,28.6
2025-09-21,14,22.2
2025-09-22,14,21.1
2025-09-23,14,24.9
2025-09-24,14,17.5
2025-09-25,14,18.9
2025-09-26,14,17.9
2025-09-27,14,30.3
2025-09-28,14,19.3
2025-09-29,14,18.0
2025-09-30,14,17.0
2025-10-01,14,20.6
2025-10-02,14,28.4
2025-10-03,14,18.4
2025-10-04,14,25.1
2025-10-05,14,19.5
2025-10-06,14,30.7
2025-10-07,14,23.2
2025-10-08,14,16.7
2025-10-09,14,17.8
2025-10-10,14,15.8
2025-10-11,14,27.0
2025-10-12,14,27.2
2025-10-13,14,24.3
2025-10-14,14,24.0
2025-10-15,14,22.3
2025-10-16,14,26.2
2025-10-17,14,30.9
2025-10-18,14,23.4
2025-10-19,14,18.8
2025-10-20,14,22.4
2025-10-21,14,21.2
2025-10-22,14,21.0
2025-10-23,14,21.6
2025-10-24,14,27.2
2025-10-25,14,28.8
2025-10-26,14,25.5
2025-10-27,14,19.9
2025-10-28,14,19.4
2025-10-29,14,22.8
2025-10-30,14,24.2
2025-10-31,14,23.3
2025-11-01,14,26.0
2025-11-02,14,26.8
2025-11-03,14,22.6
2025-11-04,14,20.7
2025-11-05,14,22.2
2025-11-06,14,21.0
2025-11-07,14,26.4
2025-11-08,14,20.9
2025-11-09,14,26.8
2025-11-10,14,18.3
2025-11-11,14,23.8
2025-11-12,14,18.1
2025-11-13,14,23.7
2025-11-14,14,30.7
2025-11-15,14,35.1
2025-11-16,14,16.1
2025-11-17,14,26.1
2025-11-18,14,20.4
2025-11-19,14,26.5
2025-11-20,14,26.8
2025-11-21,14,35.7
2025-11-22,14,34.6
2025-11-23,14,27.9
2025-11-24,14,24.4
2025-11-25,14,16.4
2025-11-26,14,23.5
2025-11-27,14,20.6
2025-11-28,14,20.2
2025-11-29,14,19.6
2025-11-30,14,25.3
2025-12-01,14,21.6
2025-12-02,14,24.3
2025-12-03,14,29.3
2025-12-04,14,25.3
2025-12-05,14,25.0
2025-12-06,14,21.6
2025-12-07,14,23.9
2025-12-08,14,26.5
2025-12-09,14,25.7
2025-12-10,14,23.2
2025-12-11,14,21.8
2025-12-12,14,30.7
2025-12-13,14,30.0
2025-12-14,14,20.6
2025-12-15,14,21.6
2025-12-16,14,22.1
2025-12-17,14,26.5
2025-12-18,14,32.0
2025-12-19,14,27.7
2025-12-20,14,32.0
2025-12-21,14,23.1
2025-12-22,14,29.7
2025-12-23,14,15.5
2025-12-24,14,22.5
2025-12-25,14,18.0
2025-12-26,14,27.3
2025-12-27,14,25.4
2025-12-28,14,26.7
2025-12-29,14,24.0
2025-12-30,14,23.5
2024-01-01,15,19.7
2024-01-02,15,21.2
2024-01-03,15,20.4
2024-01-04,15,21.1
2024-01-05,15,16.3
2024-01-06,15,24.4
2024-01-07,15,24.5
2024-01-08,15,17.1
2024-01-09,15,24.4
2024-01-10,15,17.2
2024-01-11,15,19.1
2024-01-12,15,27.2
2024-01-13,15,19.9
2024-01-14,15,25.9
2024-01-15,15,14.6
2024-01-16,15,23.7
2024-01-17,15,21.4
2024-01-18,15,24.4
2024-01-19,15,23.5
2024-01-20,15,26.6
2024-01-21,15,22.1
2024-01-22,15,17.2
2024-01-23,15,12.2
2024-01-24,15,24.5
2024-01-25,15,23.3
2024-01-26,15,22.8
2024-01-27,15,27.6
2024-01-28,15,19.9
2024-01-29,15,25.0
2024-01-30,15,22.2
2024-01-31,15,20.2
2024-02-01,15,25.0
2024-02-02,15,27.3
2024-02-03,15,30.7
2024-02-04,15,23.3
2024-02-05,15,23.9
2024-02-06,15,18.1
2024-02-07,15,21.2
2024-02-08,15,22.7
2024-02-09,15,33.0
2024-02-10,15,28.1
2024-02-11,15,28.1
2024-02-12,15,20.7
2024-02-13,15,23.1
2024-02-14,15,23.0
2024-02-15,15,25.6
2024-02-16,15,28.3
2024-02-17,15,28.3
2024-02-18,15,28.3
2024-02-19,15,27.9
2024-02-20,15,28.8
2024-02-21,15,23.2
2024-02-22,15,21.5
2024-02-23,15,26.8
2024-02-24,15,26.1
2024-02-25,15,27.6
2024-02-26,15,22.0
2024-02-27,15,23.9
2024-02-28,15,18.5
2024-02-29,15,23.4
2024-03-01,15,22.0
2024-03-02,15,23.1
2024-03-03,15,22.9
2024-03-04,15,35.5
2024-03-05,15,18.3
2024-03-06,15,23.9
2024-03-07,15,29.5
2024-03-08,15,33.2
2024-03-09,15,29.5
2024-03-10,15,24.0
2024-03-11,15,13.9
2024-03-12,15,26.3
2024-03-13,15,28.6
2024-03-14,15,15.4
2024-03-15,15,22.6
2024-03-16,15,27.2
2024-03-17,15,18.5
2024-03-18,15,24.3
2024-03-19,15,23.8
2024-03-20,15,24.3
2024-03-21,15,31.7
2024-03-22,15,25.5
2024-03-23,15,24.5
2024-03-24,15,19.2
2024-03-25,15,21.9
2024-03-26,15,31.9
2024-03-27,15,18.9
2024-03-28,15,19.4
2024-03-29,15,32.7
2024-03-30,15,33.1
2024-03-31,15,19.5
2024-04-01,15,28.5
2024-04-02,15,30.1
2024-04-03,15,27.7
2024-04-04,15,26.9
2024-04-05,15,26.2
2024-04-06,15,30.0
2024-04-07,15,29.4
2024-04-08,15,18.2
2024-04-09,15,27.8
2024-04-10,15,24.4
2024-04-11,15,25.2
2024-04-12,15,30.3
2024-04-13,15,36.6
2024-04-14,15,20.5
2024-04-15,15,23.2
2024-04-16,15,19.1
2024-04-17,15,26.7
2024-04-18,15,25.7
2024-04-19,15,29.0
2024-04-20,15,24.2
2024-04-21,15,25.4
2024-04-22,15,34.9
2024-04-23,15,21.6
2024-04-24,15,27.0
2024-04-25,15,26.8
2024-04-26,15,25.3
2024-04-27,15,22.9
2024-04-28,15,26.2
2024-04-29,15,23.7
2024-04-30,15,19.7
2024-05-01,15,27.6
2024-05-02,15,30.7
2024-05-03,15,30.4
2024-05-04,15,34.3
2024-05-05,15,21.5
2024-05-06,15,23.3
2024-05-07,15,25.4
2024-05-08,15,20.8
2024-05-09,15,25.3
2024-05-10,15,29.9
2024-05-11,15,20.4
2024-05-12,15,27.9
2024-05-13,15,28.0
2024-05-14,15,18.0
2024-05-15,15,21.9
2024-05-16,15,20.1
2024-05-17,15,21.3
2024-05-18,15,23.9
2024-05-19,15,30.3
2024-05-20,15,21.2
2024-05-21,15,20.9
2024-05-22,15,23.1
2024-05-23,15,18.2
2024-05-24,15,28.1
2024-05-25,15,25.6
2024-05-26,15,17.7
2024-05-27,15,27.2
2024-05-28,15,25.7
2024-05-29,15,25.3
2024-05-30,15,34.0
2024-05-31,15,34.3
2024-06-01,15,25.6
2024-06-02,15,25.9
2024-06-03,15,31.5
2024-06-04,15,21.0
2024-06-05,15,20.0
2024-06-06,15,29.6
2024-06-07,15,16.1
2024-06-08,15,22.8
2024-06-09,15,17.3
2024-06-10,15,20.6
2024-06-11,15,21.5
2024-06-12,15,22.5
2024-06-13,15,23.5
2024-06-14,15,29.7
2024-06-15,15,29.2
2024-06-16,15,13.7
2024-06-17,15,21.9
2024-06-18,15,24.5
2024-06-19,15,22.2
2024-06-20,15,22.1
2024-06-21,15,27.4
2024-06-22,15,27.4
2024-06-23,15,19.6
2024-06-24,15,25.8
2024-06-25,15,22.4
2024-06-26,15,20.7
2024-06-27,15,24.8
2024-06-28,15,31.3
2024-06-29,15,28.1
2024-06-30,15,21.5
2024-07-01,15,15.4
2024-07-02,15,14.7
2024-07-03,15,21.2
2024-07-04,15,23.9
2024-07-05,15,29.5
2024-07-06,15,30.1
2024-07-07,15,15.5
2024-07-08,15,24.2
2024-07-09,15,19.0
2024-07-10,15,22.5
2024-07-11,15,22.1
2024-07-12,15,21.6
2024-07-13,15,27.8
2024-07-14,15,23.2
2024-07-15,15,18.0
2024-07-16,15,25.3
2024-07-17,15,16.4
2024-07-18,15,19.6
2024-07-19,15,20.8
2024-07-20,15,28.7
2024-07-21,15,22.1
2024-07-22,15,10.0
2024-07-23,15,18.0
2024-07-24,15,19.8
2024-07-25,15,16.6
2024-07-26,15,23.6
2024-07-27,15,16.7
2024-07-28,15,23.4
2024-07-29,15,20.2
2024-07-30,15,17.8
2024-07-31,15,28.0
2024-08-01,15,19.1
2024-08-02,15,21.1
2024-08-03,15,15.5
2024-08-04,15,18.4
2024-08-05,15,16.5
2024-08-06,15,16.1
2024-08-07,15,16.1
2024-08-08,15,17.7
2024-08-09,15,18.4
2024-08-10,15,19.1
2024-08-11,15,17.2
2024-08-12,15,16.0
2024-08-13,15,24.5
2024-08-14,15,21.0
2024-08-15,15,17.4
2024-08-16,15,24.3
2024-08-17,15,28.2
2024-08-18,15,21.4
2024-08-19,15,18.7
2024-08-20,15,17.2
2024-08-21,15,27.7
2024-08-22,15,22.2
2024-08-23,15,20.9
2024-08-24,15,18.3
2024-08-25,15,23.6
2024-08-26,15,11.4
2024-08-27,15,18.6
2024-08-28,15,22.7
2024-08-29,15,12.5
2024-08-30,15,23.6
2024-08-31,15,24.1
2024-09-01,15,14.6
2024-09-02,15,12.1
2024-09-03,15,16.3
2024-09-04,15,18.4
2024-09-05,15,24.2
2024-09-06,15,22.4
2024-09-07,15,22.4
2024-09-08,15,11.3
2024-09-09,15,10.6
2024-09-10,15,17.0
2024-09-11,15,14.9
2024-09-12,15,14.8
2024-09-13,15,19.8
2024-09-14,15,26.5
2024-09-15,15,21.1
2024-09-16,15,9.6
2024-09-17,15,16.7
2024-09-18,15,19.1
2024-09-19,15,21.9
2024-09-20,15,14.3
2024-09-21,15,20.9
2024-09-22,15,14.3
2024-09-23,15,20.6
2024-09-24,15,17.7
2024-09-25,15,17.4
2024-09-26,15,16.4
2024-09-27,15,16.6
2024-09-28,15,19.9
2024-09-29,15,18.8
2024-09-30,15,20.2
2024-10-01,15,17.5
2024-10-02,15,14.5
2024-10-03,15,13.7
2024-10-04,15,19.7
2024-10-05,15,22.5
2024-10-06,15,18.7
2024-10-07,15,24.9
2024-10-08,15,19.5
2024-10-09,15,7.4
2024-10-10,15,15.9
2024-10-11,15,26.3
2024-10-12,15,22.7
2024-10-13,15,15.0
2024-10-14,15,18.2
2024-10-15,15,19.7
2024-10-16,15,20.0
2024-10-17,15,20.8
2024-10-18,15,19.5
2024-10-19,15,19.6
2024-10-20,15,14.7
2024-10-21,15,18.2
2024-10-22,15,20.6
2024-10-23,15,13.6
2024-10-24,15,20.1
2024-10-25,15,18.9
2024-10-26,15,21.4
2024-10-27,15,23.0
2024-10-28,15,17.0
2024-10-29,15,12.5
2024-10-30,15,15.6
2024-10-31,15,19.7
2024-11-01,15,23.2
2024-11-02,15,19.9
2024-11-03,15,18.5
2024-11-04,15,24.9
2024-11-05,15,20.1
2024-11-06,15,24.0
2024-11-07,15,22.0
2024-11-08,15,18.9
2024-11-09,15,22.2
2024-11-10,15,13.6
2024-11-11,15,22.1
2024-11-12,15,19.0
2024-11-13,15,16.1
2024-11-14,15,23.8
2024-11-15,15,24.9
2024-11-16,15,19.9
2024-11-17,15,19.9
2024-11-18,15,17.6
2024-11-19,15,22.4
2024-11-20,15,21.8
2024-11-21,15,15.9
2024-11-22,15,23.8
2024-11-23,15,27.1
2024-11-24,15,23.8
2024-11-25,15,21.4
2024-11-26,15,20.5
2024-11-27,15,28.6
2024-11-28,15,20.0
2024-11-29,15,23.1
2024-11-30,15,26.1
2024-12-01,15,23.8
2024-12-02,15,17.1
2024-12-03,15,26.4
2024-12-04,15,20.3
2024-12-05,15,22.4
2024-12-06,15,24.8
2024-12-07,15,19.3
2024-12-08,15,19.8
2024-12-09,15,22.1
2024-12-10,15,23.6
2024-12-11,15,25.7
2024-12-12,15,21.1
2024-12-13,15,34.6
2024-12-14,15,20.1
2024-12-15,15,17.3
2024-12-16,15,10.0
2024-12-17,15,22.7
2024-12-18,15,14.5
2024-12-19,15,19.3
2024-12-20,15,30.2
2024-12-21,15,31.2
2024-12-22,15,20.6
2024-12-23,15,28.8
2024-12-24,15,23.0
2024-12-25,15,19.5
2024-12-26,15,28.0
2024-12-27,15,28.6
2024-12-28,15,27.8
2024-12-29,15,23.2
2024-12-30,15,19.3
2024-12-31,15,28.8
2025-01-01,15,26.5
2025-01-02,15,20.9
2025-01-03,15,22.5
2025-01-04,15,31.7
2025-01-05,15,19.5
2025-01-06,15,35.0
2025-01-07,15,28.2
2025-01-08,15,18.4
2025-01-09,15,20.5
2025-01-10,15,36.1
2025-01-11,15,27.6
2025-01-12,15,27.4
2025-01-13,15,28.0
2025-01-14,15,26.2
2025-01-15,15,19.6
2025-01-16,15,20.7
2025-01-17,15,26.2
2025-01-18,15,30.0
2025-01-19,15,22.1
2025-01-20,15,15.9
2025-01-21,15,21.5
2025-01-22,15,29.2
2025-01-23,15,23.9
2025-01-24,15,23.5
2025-01-25,15,25.9
2025-01-26,15,25.2
2025-01-27,15,25.7
2025-01-28,15,23.7
2025-01-29,15,25.1
2025-01-30,15,23.7
2025-01-31,15,41.6
2025-02-01,15,28.8
2025-02-02,15,34.4
2025-02-03,15,24.3
2025-02-04,15,26.8
2025-02-05,15,24.6
2025-02-06,15,13.4
2025-02-07,15,32.4
2025-02-08,15,35.7
2025-02-09,15,32.5
2025-02-10,15,24.2
2025-02-11,15,33.6
2025-02-12,15,22.2
2025-02-13,15,28.9
2025-02-14,15,30.5
2025-02-15,15,26.4
2025-02-16,15,21.1
2025-02-17,15,24.1
2025-02-18,15,17.4
2025-02-19,15,25.6
2025-02-20,15,27.9
2025-02-21,15,38.3
2025-02-22,15,25.8
2025-02-23,15,25.0
2025-02-24,15,26.1
2025-02-25,15,23.7
2025-02-26,15,33.6
2025-02-27,15,31.2
2025-02-28,15,25.5
2025-03-01,15,39.5
2025-03-02,15,29.9
2025-03-03,15,27.2
2025-03-04,15,30.4
2025-03-05,15,31.3
2025-03-06,15,22.5
2025-03-07,15,29.6
2025-03-08,15,23.8
2025-03-09,15,24.9
2025-03-10,15,33.8
2025-03-11,15,26.6
2025-03-12,15,11.2
2025-03-13,15,29.6
2025-03-14,15,22.2
2025-03-15,15,44.2
2025-03-16,15,30.0
2025-03-17,15,25.5
2025-03-18,15,25.4
2025-03-19,15,36.9
2025-03-20,15,35.0
2025-03-21,15,42.6
2025-03-22,15,33.6
2025-03-23,15,16.8
2025-03-24,15,29.1
2025-03-25,15,30.6
2025-03-26,15,25.4
2025-03-27,15,32.4
2025-03-28,15,32.5
2025-03-29,15,38.7
2025-03-30,15,31.1
2025-03-31,15,32.0
2025-04-01,15,32.2
2025-04-02,15,30.6
2025-04-03,15,22.3
2025-04-04,15,35.8
2025-04-05,15,34.4
2025-04-06,15,26.3
2025-04-07,15,23.3
2025-04-08,15,27.4
2025-04-09,15,28.8
2025-04-10,15,30.6
2025-04-11,15,31.7
2025-04-12,15,23.0
2025-04-13,15,26.0
2025-04-14,15,23.8
2025-04-15,15,23.8
2025-04-16,15,29.5
2025-04-17,15,22.8
2025-04-18,15,32.6
2025-04-19,15,30.3
2025-04-20,15,26.9
2025-04-21,15,29.8
2025-04-22,15,20.4
2025-04-23,15,20.5
2025-04-24,15,28.3
2025-04-25,15,28.2
2025-04-26,15,28.1
2025-04-27,15,25.4
2025-04-28,15,22.1
2025-04-29,15,31.8
2025-04-30,15,38.5
2025-05-01,15,33.3
2025-05-02,15,25.8
2025-05-03,15,28.5
2025-05-04,15,27.3
2025-05-05,15,25.1
2025-05-06,15,23.0
2025-05-07,15,29.1
2025-05-08,15,28.1
2025-05-09,15,30.9
2025-05-10,15,25.2
2025-05-11,15,26.5
2025-05-12,15,25.1
2025-05-13,15,22.7
2025-05-14,15,20.2
2025-05-15,15,30.5
2025-05-16,15,31.7
2025-05-17,15,45.7
2025-05-18,15,28.7
2025-05-19,15,18.4
2025-05-20,15,27.1
2025-05-21,15,26.6
2025-05-22,15,31.8
2025-05-23,15,27.5
2025-05-24,15,37.6
2025-05-25,15,34.6
2025-05-26,15,29.5
2025-05-27,15,37.2
2025-05-28,15,22.2
2025-05-29,15,26.7
2025-05-30,15,29.8
2025-05-31,15,22.9
2025-06-01,15,21.6
2025-06-02,15,30.0
2025-06-03,15,22.7
2025-06-04,15,27.1
2025-06-05,15,25.4
2025-06-06,15,38.2
2025-06-07,15,27.8
2025-06-08,15,19.0
2025-06-09,15,27.7
2025-06-10,15,29.5
2025-06-11,15,27.4
2025-06-12,15,35.6
2025-06-13,15,23.4
2025-06-14,15,32.7
2025-06-15,15,18.1
2025-06-16,15,28.9
2025-06-17,15,25.1
2025-06-18,15,28.1
2025-06-19,15,18.0
2025-06-20,15,26.5
2025-06-21,15,28.3
2025-06-22,15,24.8
2025-06-23,15,28.6
2025-06-24,15,28.4
2025-06-25,15,25.5
2025-06-26,15,20.7
2025-06-27,15,30.1
2025-06-28,15,28.8
2025-06-29,15,32.5
2025-06-30,15,20.1
2025-07-01,15,26.7
2025-07-02,15,17.8
2025-07-03,15,24.8
2025-07-04,15,28.3
2025-07-05,15,19.7
2025-07-06,15,30.1
2025-07-07,15,19.4
2025-07-08,15,18.4
2025-07-09,15,17.7
2025-07-10,15,13.9
2025-07-11,15,23.6
2025-07-12,15,23.3
2025-07-13,15,24.9
2025-07-14,15,30.9
2025-07-15,15,22.4
2025-07-16,15,18.0
2025-07-17,15,23.8
2025-07-18,15,21.4
2025-07-19,15,32.6
2025-07-20,15,23.9
2025-07-21,15,22.3
2025-07-22,15,21.6
2025-07-23,15,20.3
2025-07-24,15,23.6
2025-07-25,15,30.4
2025-07-26,15,30.6
2025-07-27,15,25.4
2025-07-28,15,19.1
2025-07-29,15,20.4
2025-07-30,15,23.2
2025-07-31,15,29.1
2025-08-01,15,28.7
2025-08-02,15,26.7
2025-08-03,15,26.7
2025-08-04,15,26.0
2025-08-05,15,20.3
2025-08-06,15,21.9
2025-08-07,15,25.9
2025-08-08,15,26.8
2025-08-09,15,27.3
2025-08-10,15,28.7
2025-08-11,15,23.4
2025-08-12,15,29.2
2025-08-13,15,18.3
2025-08-14,15,20.6
2025-08-15,15,27.1
2025-08-16,15,25.1
2025-08-17,15,20.8
2025-08-18,15,14.9
2025-08-19,15,16.9
2025-08-20,15,19.2
2025-08-21,15,20.3
2025-08-22,15,28.3
2025-08-23,15,21.5
2025-08-24,15,27.8
2025-08-25,15,29.4
2025-08-26,15,22.5
2025-08-27,15,20.9
2025-08-28,15,26.6
2025-08-29,15,26.1
2025-08-30,15,27.5
2025-08-31,15,17.1
2025-09-01,15,19.4
2025-09-02,15,20.6
2025-09-03,15,17.4
2025-09-04,15,19.6
2025-09-05,15,28.2
2025-09-06,15,19.1
2025-09-07,15,26.7
2025-09-08,15,21.7
2025-09-09,15,16.5
2025-09-10,15,23.5
2025-09-11,15,18.3
2025-09-12,15,24.8
2025-09-13,15,21.1
2025-09-14,15,22.7
2025-09-15,15,22.7
2025-09-16,15,22.8
2025-09-17,15,14.1
2025-09-18,15,21.7
2025-09-19,15,25.2
2025-09-20,15,23.1
2025-09-21,15,17.4
2025-09-22,15,18.8
2025-09-23,15,23.8
2025-09-24,15,24.8
2025-09-25,15,21.7
2025-09-26,15,25.6
2025-09-27,15,20.3
2025-09-28,15,17.1
2025-09-29,15,20.2
2025-09-30,15,24.5
2025-10-01,15,28.6
2025-10-02,15,18.0
2025-10-03,15,24.4
2025-10-04,15,23.6
2025-10-05,15,23.1
2025-10-06,15,20.2
2025-10-07,15,20.9
2025-10-08,15,27.3
2025-10-09,15,23.3
2025-10-10,15,19.9
2025-10-11,15,23.2
2025-10-12,15,23.2
2025-10-13,15,21.6
2025-10-14,15,18.7
2025-10-15,15,12.6
2025-10-16,15,17.2
2025-10-17,15,22.4
2025-10-18,15,22.6
2025-10-19,15,13.7
2025-10-20,15,25.2
2025-10-21,15,21.1
2025-10-22,15,16.9
2025-10-23,15,21.0
2025-10-24,15,23.5
2025-10-25,15,23.2
2025-10-26,15,18.7
2025-10-27,15,18.8
2025-10-28,15,20.4
2025-10-29,15,24.9
2025-10-30,15,18.6
2025-10-31,15,22.1
2025-11-01,15,23.9
2025-11-02,15,20.9
2025-11-03,15,22.1
2025-11-04,15,24.3
2025-11-05,15,21.6
2025-11-06,15,24.1
2025-11-07,15,20.7
2025-11-08,15,20.4
2025-11-09,15,21.8
2025-11-10,15,27.7
2025-11-11,15,22.8
2025-11-12,15,23.4
2025-11-13,15,16.3
2025-11-14,15,24.2
2025-11-15,15,24.4
2025-11-16,15,19.3
2025-11-17,15,20.1
2025-11-18,15,12.0
2025-11-19,15,23.9
2025-11-20,15,24.8
2025-11-21,15,24.8
2025-11-22,15,20.9
2025-11-23,15,15.4
2025-11-24,15,21.5
2025-11-25,15,23.0
2025-11-26,15,20.8
2025-11-27,15,19.8
2025-11-28,15,28.3
2025-11-29,15,24.4
2025-11-30,15,19.2
2025-12-01,15,23.8
2025-12-02,15,23.5
2025-12-03,15,22.2
2025-12-04,15,24.3
2025-12-05,15,24.5
2025-12-06,15,19.0
2025-12-07,15,23.1
2025-12-08,15,29.8
2025-12-09,15,16.1
2025-12-10,15,20.6
2025-12-11,15,29.3
2025-12-12,15,27.6
2025-12-13,15,24.6
2025-12-14,15,24.4
2025-12-15,15,22.1
2025-12-16,15,24.6
2025-12-17,15,26.1
2025-12-18,15,30.7
2025-12-19,15,34.1
2025-12-20,15,22.9
2025-12-21,15,28.5
2025-12-22,15,20.7
2025-12-23,15,26.2
2025-12-24,15,20.9
2025-12-25,15,29.0
2025-12-26,15,33.3
2025-12-27,15,31.2
2025-12-28,15,20.8
2025-12-29,15,29.6
2025-12-30,15,26.8
2024-01-01,16,88.3
2024-01-02,16,101.7
2024-01-03,16,62.7
2024-01-04,16,82.9
2024-01-05,16,84.0
2024-01-06,16,80.5
2024-01-07,16,80.8
2024-01-08,16,71.4
2024-01-09,16,95.9
2024-01-10,16,98.9
2024-01-11,16,106.7
2024-01-12,16,102.1
2024-01-13,16,73.5
2024-01-14,16,88.6
2024-01-15,16,66.4
2024-01-16,16,61.0
2024-01-17,16,77.7
2024-01-18,16,84.9
2024-01-19,16,116.4
2024-01-20,16,120.8
2024-01-21,16,108.7
2024-01-22,16,95.5
2024-01-23,16,98.3
2024-01-24,16,79.2
2024-01-25,16,69.9
2024-01-26,16,82.5
2024-01-27,16,101.4
2024-01-28,16,81.3
2024-01-29,16,80.7
2024-01-30,16,106.0
2024-01-31,16,97.7
2024-02-01,16,78.3
2024-02-02,16,76.1
2024-02-03,16,111.9
2024-02-04,16,93.1
2024-02-05,16,86.0
2024-02-06,16,95.2
2024-02-07,16,80.9
2024-02-08,16,89.4
2024-02-09,16,105.5
2024-02-10,16,75.4
2024-02-11,16,96.9
2024-02-12,16,113.0
2024-02-13,16,98.2
2024-02-14,16,64.7
2024-02-15,16,110.2
2024-02-16,16,128.1
2024-02-17,16,89.7
2024-02-18,16,125.4
2024-02-19,16,104.5
2024-02-20,16,100.9
2024-02-21,16,91.4
2024-02-22,16,124.6
2024-02-23,16,107.5
2024-02-24,16,168.8
2024-02-25,16,78.3
2024-02-26,16,81.0
2024-02-27,16,98.9
2024-02-28,16,47.0
2024-02-29,16,103.9
2024-03-01,16,107.8
2024-03-02,16,117.7
2024-03-03,16,80.1
2024-03-04,16,89.8
2024-03-05,16,99.2
2024-03-06,16,97.4
2024-03-07,16,68.1
2024-03-08,16,102.7
2024-03-09,16,84.0
2024-03-10,16,104.1
2024-03-11,16,114.0
2024-03-12,16,85.6
2024-03-13,16,89.6
2024-03-14,16,118.6
2024-03-15,16,118.1
2024-03-16,16,121.3
2024-03-17,16,95.3
2024-03-18,16,84.6
2024-03-19,16,76.4
2024-03-20,16,74.4
2024-03-21,16,103.1
2024-03-22,16,135.6
2024-03-23,16,101.9
2024-03-24,16,73.6
2024-03-25,16,88.0
2024-03-26,16,76.6
2024-03-27,16,93.1
2024-03-28,16,103.8
2024-03-29,16,109.5
2024-03-30,16,95.8
2024-03-31,16,114.7
2024-04-01,16,99.1
2024-04-02,16,79.7
2024-04-03,16,128.6
2024-04-04,16,107.2
2024-04-05,16,101.4
2024-04-06,16,87.1
2024-04-07,16,92.0
2024-04-08,16,86.1
2024-04-09,16,119.7
2024-04-10,16,124.6
2024-04-11,16,117.5
2024-04-12,16,100.1
2024-04-13,16,154.0
2024-04-14,16,70.6
2024-04-15,16,84.7
2024-04-16,16,76.5
2024-04-17,16,129.4
2024-04-18,16,124.8
2024-04-19,16,140.2
2024-04-20,16,124.1
2024-04-21,16,101.5
2024-04-22,16,110.8
2024-04-23,16,66.0
2024-04-24,16,92.1
2024-04-25,16,85.0
2024-04-26,16,131.8
2024-04-27,16,110.5
2024-04-28,16,80.6
2024-04-29,16,98.9
2024-04-30,16,106.7
2024-05-01,16,83.4
2024-05-02,16,115.8
2024-05-03,16,77.4
2024-05-04,16,123.3
2024-05-05,16,76.7
2024-05-06,16,102.7
2024-05-07,16,80.2
2024-05-08,16,63.1
2024-05-09,16,88.4
2024-05-10,16,106.0
2024-05-11,16,105.1
2024-05-12,16,98.4
2024-05-13,16,96.5
2024-05-14,16,114.2
2024-05-15,16,103.7
2024-05-16,16,98.3
2024-05-17,16,126.4
2024-05-18,16,128.8
2024-05-19,16,122.1
2024-05-20,16,121.3
2024-05-21,16,115.8
2024-05-22,16,101.7
2024-05-23,16,107.5
2024-05-24,16,109.5
2024-05-25,16,66.1
2024-05-26,16,98.6
2024-05-27,16,101.3
2024-05-28,16,61.3
2024-05-29,16,126.6
2024-05-30,16,79.0
2024-05-31,16,102.1
2024-06-01,16,63.5
2024-06-02,16,116.6
2024-06-03,16,101.1
2024-06-04,16,109.6
2024-06-05,16,82.1
2024-06-06,16,88.7
2024-06-07,16,132.9
2024-06-08,16,95.9
2024-06-09,16,73.6
2024-06-10,16,71.4
2024-06-11,16,107.0
2024-06-12,16,83.2
2024-06-13,16,92.8
2024-06-14,16,116.4
2024-06-15,16,88.4
2024-06-16,16,91.4
2024-06-17,16,113.7
2024-06-18,16,96.4
2024-06-19,16,106.0
2024-06-20,16,86.6
2024-06-21,16,83.2
2024-06-22,16,79.0
2024-06-23,16,81.5
2024-06-24,16,85.4
2024-06-25,16,63.0
2024-06-26,16,86.1
2024-06-27,16,91.4
2024-06-28,16,88.0
2024-06-29,16,121.3
2024-06-30,16,111.1
2024-07-01,16,70.1
2024-07-02,16,55.3
2024-07-03,16,109.8
2024-07-04,16,80.4
2024-07-05,16,50.5
2024-07-06,16,116.6
2024-07-07,16,83.9
2024-07-08,16,103.5
2024-07-09,16,74.1
2024-07-10,16,65.6
2024-07-11,16,100.1
2024-07-12,16,82.5
2024-07-13,16,107.2
2024-07-14,16,81.0
2024-07-15,16,92.7
2024-07-16,16,79.1
2024-07-17,16,66.9
2024-07-18,16,89.7
2024-07-19,16,110.5
2024-07-20,16,85.8
2024-07-21,16,77.4
2024-07-22,16,92.8
2024-07-23,16,87.2
2024-07-24,16,75.9
2024-07-25,16,91.4
2024-07-26,16,89.6
2024-07-27,16,90.1
2024-07-28,16,77.8
2024-07-29,16,76.6
2024-07-30,16,85.6
2024-07-31,16,57.2
2024-08-01,16,83.1
2024-08-02,16,65.2
2024-08-03,16,111.2
2024-08-04,16,93.4
2024-08-05,16,66.3
2024-08-06,16,97.1
2024-08-07,16,90.6
2024-08-08,16,77.5
2024-08-09,16,89.1
2024-08-10,16,84.7
2024-08-11,16,75.8
2024-08-12,16,61.4
2024-08-13,16,71.8
2024-08-14,16,67.3
2024-08-15,16,89.3
2024-08-16,16,72.0
2024-08-17,16,93.2
2024-08-18,16,79.3
2024-08-19,16,66.7
2024-08-20,16,59.5
2024-08-21,16,83.4
2024-08-22,16,62.2
2024-08-23,16,94.5
2024-08-24,16,78.8
2024-08-25,16,89.9
2024-08-26,16,64.4
2024-08-27,16,63.5
2024-08-28,16,83.1
2024-08-29,16,56.5
2024-08-30,16,66.9
2024-08-31,16,81.2
2024-09-01,16,68.5
2024-09-02,16,47.7
2024-09-03,16,73.3
2024-09-04,16,85.3
2024-09-05,16,71.1
2024-09-06,16,100.5
2024-09-07,16,80.4
2024-09-08,16,72.4
2024-09-09,16,81.2
2024-09-10,16,74.3
2024-09-11,16,89.7
2024-09-12,16,78.8
2024-09-13,16,98.8
2024-09-14,16,62.8
2024-09-15,16,78.2
2024-09-16,16,77.2
2024-09-17,16,64.9
2024-09-18,16,84.7
2024-09-19,16,83.5
2024-09-20,16,91.5
2024-09-21,16,84.7
2024-09-22,16,81.8
2024-09-23,16,68.7
2024-09-24,16,95.1
2024-09-25,16,62.3
2024-09-26,16,55.0
2024-09-27,16,76.4
2024-09-28,16,100.3
2024-09-29,16,70.5
2024-09-30,16,77.7
2024-10-01,16,68.6
2024-10-02,16,89.9
2024-10-03,16,75.3
2024-10-04,16,115.0
2024-10-05,16,76.2
2024-10-06,16,43.6
2024-10-07,16,78.6
2024-10-08,16,79.4
2024-10-09,16,76.8
2024-10-10,16,59.5
2024-10-11,16,87.1
2024-10-12,16,88.1
2024-10-13,16,72.4
2024-10-14,16,74.6
2024-10-15,16,52.6
2024-10-16,16,83.5
2024-10-17,16,60.5
2024-10-18,16,71.3
2024-10-19,16,109.3
2024-10-20,16,56.2
2024-10-21,16,79.7
2024-10-22,16,77.6
2024-10-23,16,62.9
2024-10-24,16,73.0
2024-10-25,16,94.7
2024-10-26,16,96.2
2024-10-27,16,62.3
2024-10-28,16,75.7
2024-10-29,16,104.7
2024-10-30,16,85.9
2024-10-31,16,86.1
2024-11-01,16,61.9
2024-11-02,16,98.9
2024-11-03,16,85.6
2024-11-04,16,83.3
2024-11-05,16,89.7
2024-11-06,16,84.9
2024-11-07,16,60.0
2024-11-08,16,93.5
2024-11-09,16,109.5
2024-11-10,16,64.5
2024-11-11,16,83.4
2024-11-12,16,77.7
2024-11-13,16,76.4
2024-11-14,16,51.3
2024-11-15,16,104.7
2024-11-16,16,86.1
2024-11-17,16,58.7
2024-11-18,16,62.5
2024-11-19,16,79.9
2024-11-20,16,93.2
2024-11-21,16,89.3
2024-11-22,16,121.6
2024-11-23,16,109.2
2024-11-24,16,68.4
2024-11-25,16,81.3
2024-11-26,16,83.5
2024-11-27,16,122.8
2024-11-28,16,94.0
2024-11-29,16,90.5
2024-11-30,16,81.2
2024-12-01,16,61.4
2024-12-02,16,80.2
2024-12-03,16,92.0
2024-12-04,16,72.3
2024-12-05,16,72.1
2024-12-06,16,84.5
2024-12-07,16,116.7
2024-12-08,16,67.1
2024-12-09,16,84.9
2024-12-10,16,66.8
2024-12-11,16,90.7
2024-12-12,16,106.9
2024-12-13,16,77.4
2024-12-14,16,90.0
2024-12-15,16,82.7
2024-12-16,16,103.7
2024-12-17,16,83.0
2024-12-18,16,104.9
2024-12-19,16,105.2
2024-12-20,16,118.8
2024-12-21,16,83.0
2024-12-22,16,83.9
2024-12-23,16,86.7
2024-12-24,16,93.9
2024-12-25,16,104.3
2024-12-26,16,71.5
2024-12-27,16,156.5
2024-12-28,16,95.7
2024-12-29,16,86.7
2024-12-30,16,78.8
2024-12-31,16,109.5
2025-01-01,16,101.7
2025-01-02,16,82.8
2025-01-03,16,116.9
2025-01-04,16,84.5
2025-01-05,16,107.9
2025-01-06,16,96.5
2025-01-07,16,94.1
2025-01-08,16,90.1
2025-01-09,16,90.3
2025-01-10,16,105.9
2025-01-11,16,97.7
2025-01-12,16,114.9
2025-01-13,16,77.1
2025-01-14,16,75.6
2025-01-15,16,106.3
2025-01-16,16,87.9
2025-01-17,16,114.7
2025-01-18,16,95.5
2025-01-19,16,107.0
2025-01-20,16,82.5
2025-01-21,16,95.9
2025-01-22,16,89.8
2025-01-23,16,84.0
2025-01-24,16,101.1
2025-01-25,16,122.8
2025-01-26,16,72.6
2025-01-27,16,123.0
2025-01-28,16,100.1
2025-01-29,16,83.4
2025-01-30,16,77.3
2025-01-31,16,141.2
2025-02-01,16,114.4
2025-02-02,16,104.3
2025-02-03,16,100.2
2025-02-04,16,114.5
2025-02-05,16,80.2
2025-02-06,16,115.4
2025-02-07,16,159.6
2025-02-08,16,113.1
2025-02-09,16,90.4
2025-02-10,16,86.8
2025-02-11,16,78.4
2025-02-12,16,106.2
2025-02-13,16,94.3
2025-02-14,16,126.2
2025-02-15,16,145.8
2025-02-16,16,72.0
2025-02-17,16,89.3
2025-02-18,16,110.1
2025-02-19,16,98.7
2025-02-20,16,65.4
2025-02-21,16,127.9
2025-02-22,16,121.2
2025-02-23,16,136.2
2025-02-24,16,130.9
2025-02-25,16,72.0
2025-02-26,16,96.7
2025-02-27,16,97.3
2025-02-28,16,149.9
2025-03-01,16,139.3
2025-03-02,16,119.4
2025-03-03,16,125.9
2025-03-04,16,107.1
2025-03-05,16,97.8
2025-03-06,16,100.2
2025-03-07,16,101.9
2025-03-08,16,129.1
2025-03-09,16,85.2
2025-03-10,16,119.2
2025-03-11,16,128.5
2025-03-12,16,146.1
2025-03-13,16,127.9
2025-03-14,16,74.6
2025-03-15,16,119.8
2025-03-16,16,126.8
2025-03-17,16,91.6
2025-03-18,16,143.1
2025-03-19,16,110.2
2025-03-20,16,98.6
2025-03-21,16,110.1
2025-03-22,16,140.0
2025-03-23,16,86.8
2025-03-24,16,131.1
2025-03-25,16,104.8
2025-03-26,16,106.1
2025-03-27,16,124.7
2025-03-28,16,125.9
2025-03-29,16,132.8
2025-03-30,16,102.1
2025-03-31,16,104.0
2025-04-01,16,92.3
2025-04-02,16,102.8
2025-04-03,16,88.4
2025-04-04,16,121.6
2025-04-05,16,115.6
2025-04-06,16,107.2
2025-04-07,16,108.0
2025-04-08,16,117.8
2025-04-09,16,114.1
2025-04-10,16,87.4
2025-04-11,16,101.6
2025-04-12,16,164.6
2025-04-13,16,122.3
2025-04-14,16,114.1
2025-04-15,16,117.0
2025-04-16,16,93.3
2025-04-17,16,100.0
2025-04-18,16,88.6
2025-04-19,16,88.5
2025-04-20,16,133.5
2025-04-21,16,104.6
2025-04-22,16,112.6
2025-04-23,16,100.0
2025-04-24,16,72.9
2025-04-25,16,145.3
2025-04-26,16,184.0
2025-04-27,16,134.0
2025-04-28,16,127.6
2025-04-29,16,121.1
2025-04-30,16,125.4
2025-05-01,16,119.9
2025-05-02,16,168.7
2025-05-03,16,123.9
2025-05-04,16,107.4
2025-05-05,16,113.3
2025-05-06,16,121.5
2025-05-07,16,86.6
2025-05-08,16,114.2
2025-05-09,16,125.4
2025-05-10,16,115.6
2025-05-11,16,102.8
2025-05-12,16,95.9
2025-05-13,16,115.7
2025-05-14,16,123.6
2025-05-15,16,65.1
2025-05-16,16,118.4
2025-05-17,16,112.9
2025-05-18,16,154.1
2025-05-19,16,120.8
2025-05-20,16,128.0
2025-05-21,16,101.9
2025-05-22,16,135.1
2025-05-23,16,125.3
2025-05-24,16,147.8
2025-05-25,16,120.6
2025-05-26,16,133.5
2025-05-27,16,106.7
2025-05-28,16,105.5
2025-05-29,16,118.4
2025-05-30,16,119.8
2025-05-31,16,112.4
2025-06-01,16,105.1
2025-06-02,16,106.6
2025-06-03,16,78.2
2025-06-04,16,73.6
2025-06-05,16,63.8
2025-06-06,16,98.6
2025-06-07,16,131.1
2025-06-08,16,108.7
2025-06-09,16,99.7
2025-06-10,16,119.4
2025-06-11,16,96.1
2025-06-12,16,112.0
2025-06-13,16,106.1
2025-06-14,16,116.6
2025-06-15,16,88.9
2025-06-16,16,110.7
2025-06-17,16,93.2
2025-06-18,16,121.2
2025-06-19,16,90.3
2025-06-20,16,65.1
2025-06-21,16,143.6
2025-06-22,16,109.5
2025-06-23,16,89.3
2025-06-24,16,112.1
2025-06-25,16,114.9
2025-06-26,16,92.2
2025-06-27,16,118.4
2025-06-28,16,139.9
2025-06-29,16,112.9
2025-06-30,16,118.8
2025-07-01,16,86.8
2025-07-02,16,64.0
2025-07-03,16,87.5
2025-07-04,16,140.0
2025-07-05,16,126.6
2025-07-06,16,88.4
2025-07-07,16,91.5
2025-07-08,16,96.6
2025-07-09,16,104.7
2025-07-10,16,82.1
2025-07-11,16,110.3
2025-07-12,16,113.6
2025-07-13,16,68.8
2025-07-14,16,68.8
2025-07-15,16,71.4
2025-07-16,16,109.7
2025-07-17,16,52.6
2025-07-18,16,81.4
2025-07-19,16,136.5
2025-07-20,16,100.3
2025-07-21,16,73.3
2025-07-22,16,68.6
2025-07-23,16,80.4
2025-07-24,16,83.6
2025-07-25,16,111.7
2025-07-26,16,93.8
2025-07-27,16,72.1
2025-07-28,16,85.1
2025-07-29,16,97.6
2025-07-30,16,91.2
2025-07-31,16,96.9
2025-08-01,16,109.4
2025-08-02,16,106.1
2025-08-03,16,53.2
2025-08-04,16,126.5
2025-08-05,16,88.9
2025-08-06,16,99.0
2025-08-07,16,87.8
2025-08-08,16,98.1
2025-08-09,16,82.2
2025-08-10,16,109.4
2025-08-11,16,71.2
2025-08-12,16,76.7
2025-08-13,16,84.8
2025-08-14,16,83.0
2025-08-15,16,127.2
2025-08-16,16,118.1
2025-08-17,16,60.3
2025-08-18,16,67.6
2025-08-19,16,84.4
2025-08-20,16,83.7
2025-08-21,16,89.0
2025-08-22,16,109.8
2025-08-23,16,87.1
2025-08-24,16,69.2
2025-08-25,16,97.2
2025-08-26,16,54.7
2025-08-27,16,76.7
2025-08-28,16,84.7
2025-08-29,16,105.1
2025-08-30,16,91.4
2025-08-31,16,56.8
2025-09-01,16,56.9
2025-09-02,16,83.7
2025-09-03,16,92.2
2025-09-04,16,73.5
2025-09-05,16,69.3
2025-09-06,16,88.5
2025-09-07,16,86.4
2025-09-08,16,96.3
2025-09-09,16,94.1
2025-09-10,16,114.5
2025-09-11,16,87.7
2025-09-12,16,94.7
2025-09-13,16,106.7
2025-09-14,16,80.5
2025-09-15,16,50.1
2025-09-16,16,86.1
2025-09-17,16,78.4
2025-09-18,16,88.8
2025-09-19,16,110.0
2025-09-20,16,69.2
2025-09-21,16,45.1
2025-09-22,16,83.9
2025-09-23,16,64.1
2025-09-24,16,69.6
2025-09-25,16,95.4
2025-09-26,16,63.8
2025-09-27,16,80.7
2025-09-28,16,82.6
2025-09-29,16,106.4
2025-09-30,16,87.9
2025-10-01,16,67.7
2025-10-02,16,66.8
2025-10-03,16,79.9
2025-10-04,16,65.5
2025-10-05,16,85.3
2025-10-06,16,78.1
2025-10-07,16,92.3
2025-10-08,16,75.7
2025-10-09,16,81.1
2025-10-10,16,52.6
2025-10-11,16,82.7
2025-10-12,16,46.3
2025-10-13,16,46.3
2025-10-14,16,129.2
2025-10-15,16,87.4
2025-10-16,16,70.6
2025-10-17,16,121.1
2025-10-18,16,102.4
2025-10-19,16,75.9
2025-10-20,16,87.5
2025-10-21,16,91.1
2025-10-22,16,67.6
2025-10-23,16,114.8
2025-10-24,16,96.1
2025-10-25,16,106.5
2025-10-26,16,69.0
2025-10-27,16,81.5
2025-10-28,16,91.1
2025-10-29,16,116.5
2025-10-30,16,70.7
2025-10-31,16,104.8
2025-11-01,16,129.7
2025-11-02,16,101.2
2025-11-03,16,87.4
2025-11-04,16,75.5
2025-11-05,16,90.8
2025-11-06,16,92.4
2025-11-07,16,126.2
2025-11-08,16,77.8
2025-11-09,16,82.0
2025-11-10,16,89.9
2025-11-11,16,98.7
2025-11-12,16,127.4
2025-11-13,16,89.2
2025-11-14,16,109.1
2025-11-15,16,84.7
2025-11-16,16,66.0
2025-11-17,16,70.9
2025-11-18,16,109.7
2025-11-19,16,66.2
2025-11-20,16,113.3
2025-11-21,16,119.3
2025-11-22,16,103.6
2025-11-23,16,117.9
2025-11-24,16,96.5
2025-11-25,16,98.2
2025-11-26,16,109.6
2025-11-27,16,93.8
2025-11-28,16,114.6
2025-11-29,16,104.1
2025-11-30,16,93.8
2025-12-01,16,72.4
2025-12-02,16,105.1
2025-12-03,16,71.4
2025-12-04,16,78.9
2025-12-05,16,146.4
2025-12-06,16,78.8
2025-12-07,16,118.1
2025-12-08,16,73.2
2025-12-09,16,111.0
2025-12-10,16,96.6
2025-12-11,16,115.3
2025-12-12,16,78.7
2025-12-13,16,79.1
2025-12-14,16,107.1
2025-12-15,16,72.0
2025-12-16,16,95.6
2025-12-17,16,101.6
2025-12-18,16,104.6
2025-12-19,16,108.8
2025-12-20,16,130.9
2025-12-21,16,86.8
2025-12-22,16,84.2
2025-12-23,16,104.3
2025-12-24,16,82.6
2025-12-25,16,138.1
2025-12-26,16,87.6
2025-12-27,16,113.7
2025-12-28,16,144.8
2025-12-29,16,84.5
2025-12-30,16,103.9
2024-01-01,17,47.1
2024-01-02,17,38.2
2024-01-03,17,47.3
2024-01-04,17,36.4
2024-01-05,17,49.8
2024-01-06,17,61.8
2024-01-07,17,57.5
2024-01-08,17,40.7
2024-01-09,17,54.8
2024-01-10,17,53.5
2024-01-11,17,52.3
2024-01-12,17,66.0
2024-01-13,17,44.9
2024-01-14,17,45.7
2024-01-15,17,47.3
2024-01-16,17,32.7
2024-01-17,17,44.8
2024-01-18,17,26.8
2024-01-19,17,42.0
2024-01-20,17,59.5
2024-01-21,17,64.6
2024-01-22,17,44.6
2024-01-23,17,48.0
2024-01-24,17,40.2
2024-01-25,17,48.4
2024-01-26,17,63.7
2024-01-27,17,63.6
2024-01-28,17,57.0
2024-01-29,17,29.0
2024-01-30,17,54.8
2024-01-31,17,46.0
2024-02-01,17,55.2
2024-02-02,17,47.4
2024-02-03,17,64.3
2024-02-04,17,54.2
2024-02-05,17,48.5
2024-02-06,17,64.9
2024-02-07,17,52.3
2024-02-08,17,53.2
2024-02-09,17,51.2
2024-02-10,17,59.1
2024-02-11,17,45.4
2024-02-12,17,68.0
2024-02-13,17,48.4
2024-02-14,17,40.0
2024-02-15,17,40.8
2024-02-16,17,69.1
2024-02-17,17,78.4
2024-02-18,17,60.8
2024-02-19,17,68.6
2024-02-20,17,54.1
2024-02-21,17,47.6
2024-02-22,17,61.3
2024-02-23,17,60.8
2024-02-24,17,53.9
2024-02-25,17,57.2
2024-02-26,17,49.0
2024-02-27,17,37.7
2024-02-28,17,52.9
2024-02-29,17,45.0
2024-03-01,17,71.0
2024-03-02,17,48.3
2024-03-03,17,52.3
2024-03-04,17,66.1
2024-03-05,17,41.7
2024-03-06,17,50.7
2024-03-07,17,56.5
2024-03-08,17,95.0
2024-03-09,17,71.3
2024-03-10,17,62.3
2024-03-11,17,64.6
2024-03-12,17,55.4
2024-03-13,17,39.6
2024-03-14,17,34.7
2024-03-15,17,58.9
2024-03-16,17,68.8
2024-03-17,17,61.5
2024-03-18,17,51.4
2024-03-19,17,59.0
2024-03-20,17,56.8
2024-03-21,17,58.2
2024-03-22,17,53.8
2024-03-23,17,58.2
2024-03-24,17,69.1
2024-03-25,17,50.5
2024-03-26,17,53.2
2024-03-27,17,39.2
2024-03-28,17,57.8
2024-03-29,17,70.4
2024-03-30,17,46.8
2024-03-31,17,44.9
2024-04-01,17,44.1
2024-04-02,17,57.4
2024-04-03,17,68.0
2024-04-04,17,43.0
2024-04-05,17,86.7
2024-04-06,17,72.4
2024-04-07,17,56.5
2024-04-08,17,68.6
2024-04-09,17,39.3
2024-04-10,17,46.9
2024-04-11,17,46.4
2024-04-12,17,48.9
2024-04-13,17,58.7
2024-04-14,17,41.3
2024-04-15,17,59.6
2024-04-16,17,71.5
2024-04-17,17,44.6
2024-04-18,17,83.7
2024-04-19,17,51.5
2024-04-20,17,60.9
2024-04-21,17,45.5
2024-04-22,17,60.4
2024-04-23,17,58.2
2024-04-24,17,73.8
2024-04-25,17,59.2
2024-04-26,17,78.1
2024-04-27,17,54.2
2024-04-28,17,66.8
2024-04-29,17,70.0
2024-04-30,17,69.3
2024-05-01,17,42.0
2024-05-02,17,48.3
2024-05-03,17,50.5
2024-05-04,17,48.6
2024-05-05,17,63.7
2024-05-06,17,48.1
2024-05-07,17,51.7
2024-05-08,17,52.4
2024-05-09,17,40.0
2024-05-10,17,58.4
2024-05-11,17,60.9
2024-05-12,17,59.7
2024-05-13,17,56.7
2024-05-14,17,53.6
2024-05-15,17,37.6
2024-05-16,17,60.1
2024-05-17,17,68.9
2024-05-18,17,66.0
2024-05-19,17,55.6
2024-05-20,17,54.3
2024-05-21,17,66.4
2024-05-22,17,56.4
2024-05-23,17,51.0
2024-05-24,17,53.7
2024-05-25,17,53.1
2024-05-26,17,61.6
2024-05-27,17,64.8
2024-05-28,17,47.5
2024-05-29,17,58.6
2024-05-30,17,61.6
2024-05-31,17,62.6
2024-06-01,17,60.4
2024-06-02,17,54.5
2024-06-03,17,60.1
2024-06-04,17,56.3
2024-06-05,17,53.0
2024-06-06,17,66.6
2024-06-07,17,77.0
2024-06-08,17,71.6
2024-06-09,17,34.4
2024-06-10,17,48.0
2024-06-11,17,76.8
2024-06-12,17,50.3
2024-06-13,17,42.2
2024-06-14,17,49.7
2024-06-15,17,50.6
2024-06-16,17,50.6
2024-06-17,17,52.0
2024-06-18,17,33.6
2024-06-19,17,44.6
2024-06-20,17,31.6
2024-06-21,17,58.5
2024-06-22,17,57.0
2024-06-23,17,59.1
2024-06-24,17,49.5
2024-06-25,17,56.1
2024-06-26,17,42.1
2024-06-27,17,36.0
2024-06-28,17,66.2
2024-06-29,17,43.5
2024-06-30,17,37.0
2024-07-01,17,44.9
2024-07-02,17,62.5
2024-07-03,17,49.2
2024-07-04,17,53.2
2024-07-05,17,69.2
2024-07-06,17,48.9
2024-07-07,17,30.6
2024-07-08,17,47.8
2024-07-09,17,63.9
2024-07-10,17,45.8
2024-07-11,17,31.2
2024-07-12,17,70.8
2024-07-13,17,63.8
2024-07-14,17,47.4
2024-07-15,17,48.2
2024-07-16,17,56.4
2024-07-17,17,41.0
2024-07-18,17,42.7
2024-07-19,17,80.4
2024-07-20,17,55.1
2024-07-21,17,38.2
2024-07-22,17,53.2
2024-07-23,17,37.8
2024-07-24,17,29.8
2024-07-25,17,40.6
2024-07-26,17,67.2
2024-07-27,17,48.4
2024-07-28,17,43.7
2024-07-29,17,39.6
2024-07-30,17,40.7
2024-07-31,17,46.8
2024-08-01,17,50.2
2024-08-02,17,57.8
2024-08-03,17,58.6
2024-08-04,17,42.0
2024-08-05,17,44.3
2024-08-06,17,55.1
2024-08-07,17,46.9
2024-08-08,17,40.7
2024-08-09,17,64.8
2024-08-10,17,51.2
2024-08-11,17,46.7
2024-08-12,17,38.2
2024-08-13,17,50.0
2024-08-14,17,40.6
2024-08-15,17,39.4
2024-08-16,17,64.5
2024-08-17,17,51.6
2024-08-18,17,56.4
2024-08-19,17,42.1
2024-08-20,17,38.2
2024-08-21,17,41.2
2024-08-22,17,48.2
2024-08-23,17,37.9
2024-08-24,17,56.6
2024-08-25,17,38.9
2024-08-26,17,47.0
2024-08-27,17,41.4
2024-08-28,17,33.9
2024-08-29,17,47.7
2024-08-30,17,37.1
2024-08-31,17,38.6
2024-09-01,17,42.1
2024-09-02,17,34.9
2024-09-03,17,39.4
2024-09-04,17,35.0
2024-09-05,17,45.6
2024-09-06,17,52.5
2024-09-07,17,56.0
2024-09-08,17,36.4
2024-09-09,17,48.6
2024-09-10,17,31.2
2024-09-11,17,44.0
2024-09-12,17,39.3
2024-09-13,17,41.7
2024-09-14,17,40.6
2024-09-15,17,43.9
2024-09-16,17,41.3
2024-09-17,17,37.4
2024-09-18,17,32.9
2024-09-19,17,40.8
2024-09-20,17,48.8
2024-09-21,17,50.5
2024-09-22,17,45.7
2024-09-23,17,39.3
2024-09-24,17,31.3
2024-09-25,17,42.9
2024-09-26,17,37.3
2024-09-27,17,46.8
2024-09-28,17,55.9
2024-09-29,17,45.1
2024-09-30,17,35.5
2024-10-01,17,35.9
2024-10-02,17,40.7
2024-10-03,17,52.5
2024-10-04,17,50.7
2024-10-05,17,36.0
2024-10-06,17,48.6
2024-10-07,17,26.2
2024-10-08,17,34.4
2024-10-09,17,55.1
2024-10-10,17,50.8
2024-10-11,17,44.1
2024-10-12,17,41.4
2024-10-13,17,44.4
2024-10-14,17,46.3
2024-10-15,17,46.2
2024-10-16,17,40.0
2024-10-17,17,40.1
2024-10-18,17,48.6
2024-10-19,17,49.4
2024-10-20,17,35.9
2024-10-21,17,36.6
2024-10-22,17,32.9
2024-10-23,17,36.9
2024-10-24,17,35.0
2024-10-25,17,35.2
2024-10-26,17,33.5
2024-10-27,17,52.1
2024-10-28,17,32.8
2024-10-29,17,50.6
2024-10-30,17,39.7
2024-10-31,17,37.8
2024-11-01,17,59.2
2024-11-02,17,42.6
2024-11-03,17,31.4
2024-11-04,17,52.0
2024-11-05,17,42.0
2024-11-06,17,48.1
2024-11-07,17,44.4
2024-11-08,17,72.2
2024-11-09,17,45.9
2024-11-10,17,43.9
2024-11-11,17,45.2
2024-11-12,17,42.2
2024-11-13,17,49.6
2024-11-14,17,60.8
2024-11-15,17,50.3
2024-11-16,17,66.5
2024-11-17,17,46.0
2024-11-18,17,44.3
2024-11-19,17,68.8
2024-11-20,17,42.3
2024-11-21,17,30.0
2024-11-22,17,48.4
2024-11-23,17,69.6
2024-11-24,17,39.4
2024-11-25,17,36.0
2024-11-26,17,56.2
2024-11-27,17,51.9
2024-11-28,17,49.8
2024-11-29,17,30.9
2024-11-30,17,56.4
2024-12-01,17,39.3
2024-12-02,17,51.0
2024-12-03,17,43.0
2024-12-04,17,55.1
2024-12-05,17,33.2
2024-12-06,17,25.6
2024-12-07,17,57.0
2024-12-08,17,44.3
2024-12-09,17,49.7
2024-12-10,17,54.2
2024-12-11,17,40.5
2024-12-12,17,48.6
2024-12-13,17,58.5
2024-12-14,17,45.8
2024-12-15,17,56.4
2024-12-16,17,42.6
2024-12-17,17,45.9
2024-12-18,17,44.3
2024-12-19,17,51.8
2024-12-20,17,55.5
2024-12-21,17,47.6
2024-12-22,17,46.0
2024-12-23,17,59.5
2024-12-24,17,59.6
2024-12-25,17,46.4
2024-12-26,17,75.9
2024-12-27,17,60.3
2024-12-28,17,57.1
2024-12-29,17,34.1
2024-12-30,17,45.7
2024-12-31,17,53.6
2025-01-01,17,48.6
2025-01-02,17,47.8
2025-01-03,17,62.2
2025-01-04,17,87.1
2025-01-05,17,66.6
2025-01-06,17,63.9
2025-01-07,17,60.4
2025-01-08,17,60.1
2025-01-09,17,42.0
2025-01-10,17,78.4
2025-01-11,17,44.0
2025-01-12,17,44.8
2025-01-13,17,61.2
2025-01-14,17,41.4
2025-01-15,17,41.9
2025-01-16,17,52.2
2025-01-17,17,66.2
2025-01-18,17,77.1
2025-01-19,17,60.7
2025-01-20,17,65.0
2025-01-21,17,74.8
2025-01-22,17,28.7
2025-01-23,17,58.8
2025-01-24,17,74.1
2025-01-25,17,65.8
2025-01-26,17,50.9
2025-01-27,17,47.7
2025-01-28,17,45.0
2025-01-29,17,36.9
2025-01-30,17,63.4
2025-01-31,17,65.7
2025-02-01,17,56.1
2025-02-02,17,64.0
2025-02-03,17,56.8
2025-02-04,17,58.1
2025-02-05,17,75.3
2025-02-06,17,36.2
2025-02-07,17,63.2
2025-02-08,17,62.7
2025-02-09,17,46.6
2025-02-10,17,61.7
2025-02-11,17,56.7
2025-02-12,17,62.0
2025-02-13,17,58.5
2025-02-14,17,73.6
2025-02-15,17,79.9
2025-02-16,17,45.6
2025-02-17,17,68.2
2025-02-18,17,74.5
2025-02-19,17,53.6
2025-02-20,17,56.3
2025-02-21,17,76.3
2025-02-22,17,82.4
2025-02-23,17,72.5
2025-02-24,17,60.0
2025-02-25,17,62.6
2025-02-26,17,56.6
2025-02-27,17,50.9
2025-02-28,17,66.8
2025-03-01,17,52.4
2025-03-02,17,74.9
2025-03-03,17,73.5
2025-03-04,17,65.2
2025-03-05,17,66.8
2025-03-06,17,49.7
2025-03-07,17,63.8
2025-03-08,17,82.8
2025-03-09,17,76.4
2025-03-10,17,85.4
2025-03-11,17,57.7
2025-03-12,17,51.2
2025-03-13,17,50.5
2025-03-14,17,73.7
2025-03-15,17,68.3
2025-03-16,17,49.8
2025-03-17,17,52.1
2025-03-18,17,59.4
2025-03-19,17,56.0
2025-03-20,17,60.1
2025-03-21,17,88.0
2025-03-22,17,83.3
2025-03-23,17,55.8
2025-03-24,17,85.6
2025-03-25,17,67.3
2025-03-26,17,83.3
2025-03-27,17,65.1
2025-03-28,17,60.1
2025-03-29,17,70.1
2025-03-30,17,63.5
2025-03-31,17,63.6
2025-04-01,17,64.6
2025-04-02,17,48.1
2025-04-03,17,74.4
2025-04-04,17,88.8
2025-04-05,17,59.8
2025-04-06,17,57.4
2025-04-07,17,52.6
2025-04-08,17,50.5
2025-04-09,17,47.2
2025-04-10,17,78.4
2025-04-11,17,91.6
2025-04-12,17,72.2
2025-04-13,17,52.4
2025-04-14,17,58.0
2025-04-15,17,67.2
2025-04-16,17,64.3
2025-04-17,17,46.4
2025-04-18,17,71.3
2025-04-19,17,62.2
2025-04-20,17,40.5
2025-04-21,17,46.6
2025-04-22,17,56.3
2025-04-23,17,62.7
2025-04-24,17,80.5
2025-04-25,17,56.3
2025-04-26,17,104.6
2025-04-27,17,77.0
2025-04-28,17,78.1
2025-04-29,17,68.9
2025-04-30,17,67.9
2025-05-01,17,95.0
2025-05-02,17,92.8
2025-05-03,17,87.0
2025-05-04,17,55.2
2025-05-05,17,65.5
2025-05-06,17,51.4
2025-05-07,17,65.4
2025-05-08,17,50.6
2025-05-09,17,69.0
2025-05-10,17,59.8
2025-05-11,17,56.7
2025-05-12,17,78.0
2025-05-13,17,64.4
2025-05-14,17,44.5
2025-05-15,17,64.2
2025-05-16,17,103.0
2025-05-17,17,74.6
2025-05-18,17,37.1
2025-05-19,17,51.0
2025-05-20,17,77.3
2025-05-21,17,58.2
2025-05-22,17,67.2
2025-05-23,17,77.5
2025-05-24,17,71.5
2025-05-25,17,55.0
2025-05-26,17,42.8
2025-05-27,17,54.5
2025-05-28,17,71.5
2025-05-29,17,74.7
2025-05-30,17,94.2
2025-05-31,17,81.3
2025-06-01,17,64.3
2025-06-02,17,70.9
2025-06-03,17,72.2
2025-06-04,17,73.8
2025-06-05,17,43.6
2025-06-06,17,79.6
2025-06-07,17,81.7
2025-06-08,17,44.2
2025-06-09,17,55.5
2025-06-10,17,48.0
2025-06-11,17,58.4
2025-06-12,17,49.3
2025-06-13,17,78.9
2025-06-14,17,54.2
2025-06-15,17,61.7
2025-06-16,17,50.7
2025-06-17,17,75.7
2025-06-18,17,33.3
2025-06-19,17,73.1
2025-06-20,17,74.1
2025-06-21,17,88.6
2025-06-22,17,40.0
2025-06-23,17,52.1
2025-06-24,17,59.1
2025-06-25,17,50.9
2025-06-26,17,49.5
2025-06-27,17,60.1
2025-06-28,17,62.4
2025-06-29,17,79.2
2025-06-30,17,60.0
2025-07-01,17,62.2
2025-07-02,17,64.6
2025-07-03,17,63.4
2025-07-04,17,46.1
2025-07-05,17,64.6
2025-07-06,17,58.5
2025-07-07,17,60.2
2025-07-08,17,53.6
2025-07-09,17,57.0
2025-07-10,17,56.6
2025-07-11,17,40.4
2025-07-12,17,59.9
2025-07-13,17,65.0
2025-07-14,17,70.5
2025-07-15,17,48.1
2025-07-16,17,52.0
2025-07-17,17,62.4
2025-07-18,17,73.6
2025-07-19,17,63.5
2025-07-20,17,59.8
2025-07-21,17,60.6
2025-07-22,17,43.1
2025-07-23,17,45.6
2025-07-24,17,36.6
2025-07-25,17,57.5
2025-07-26,17,64.2
2025-07-27,17,36.7
2025-07-28,17,53.1
2025-07-29,17,58.9
2025-07-30,17,42.5
2025-07-31,17,54.4
2025-08-01,17,66.2
2025-08-02,17,64.5
2025-08-03,17,54.2
2025-08-04,17,62.1
2025-08-05,17,37.6
2025-08-06,17,54.1
2025-08-07,17,60.6
2025-08-08,17,67.4
2025-08-09,17,60.0
2025-08-10,17,52.6
2025-08-11,17,45.4
2025-08-12,17,53.2
2025-08-13,17,54.6
2025-08-14,17,40.8
2025-08-15,17,53.6
2025-08-16,17,52.4
2025-08-17,17,51.2
2025-08-18,17,39.9
2025-08-19,17,52.9
2025-08-20,17,45.9
2025-08-21,17,38.2
2025-08-22,17,66.4
2025-08-23,17,63.7
2025-08-24,17,57.3
2025-08-25,17,52.4
2025-08-26,17,37.5
2025-08-27,17,39.9
2025-08-28,17,56.3
2025-08-29,17,67.9
2025-08-30,17,53.9
2025-08-31,17,65.7
2025-09-01,17,55.7
2025-09-02,17,43.4
2025-09-03,17,27.6
2025-09-04,17,48.2
2025-09-05,17,66.6
2025-09-06,17,52.0
2025-09-07,17,53.0
2025-09-08,17,52.8
2025-09-09,17,46.1
2025-09-10,17,46.8
2025-09-11,17,49.3
2025-09-12,17,63.1
2025-09-13,17,69.0
2025-09-14,17,45.7
2025-09-15,17,49.4
2025-09-16,17,44.5
2025-09-17,17,52.4
2025-09-18,17,55.0
2025-09-19,17,64.9
2025-09-20,17,62.0
2025-09-21,17,54.0
2025-09-22,17,56.4
2025-09-23,17,61.3
2025-09-24,17,48.8
2025-09-25,17,35.9
2025-09-26,17,44.0
2025-09-27,17,47.0
2025-09-28,17,41.6
2025-09-29,17,56.2
2025-09-30,17,48.2
2025-10-01,17,56.7
2025-10-02,17,43.1
2025-10-03,17,75.0
2025-10-04,17,73.0
2025-10-05,17,25.7
2025-10-06,17,43.3
2025-10-07,17,37.6
2025-10-08,17,64.4
2025-10-09,17,49.3
2025-10-10,17,61.4
2025-10-11,17,54.6
2025-10-12,17,44.0
2025-10-13,17,57.0
2025-10-14,17,44.7
2025-10-15,17,47.6
2025-10-16,17,46.8
2025-10-17,17,62.2
2025-10-18,17,67.1
2025-10-19,17,38.8
2025-10-20,17,47.8
2025-10-21,17,41.7
2025-10-22,17,32.1
2025-10-23,17,31.1
2025-10-24,17,74.2
2025-10-25,17,48.1
2025-10-26,17,49.1
2025-10-27,17,51.4
2025-10-28,17,56.7
2025-10-29,17,53.3
2025-10-30,17,53.6
2025-10-31,17,55.7
2025-11-01,17,50.3
2025-11-02,17,55.7
2025-11-03,17,38.9
2025-11-04,17,42.8
2025-11-05,17,44.9
2025-11-06,17,51.7
2025-11-07,17,73.2
2025-11-08,17,43.3
2025-11-09,17,56.0
2025-11-10,17,26.2
2025-11-11,17,56.7
2025-11-12,17,45.8
2025-11-13,17,49.9
2025-11-14,17,58.7
2025-11-15,17,60.5
2025-11-16,17,52.5
2025-11-17,17,52.1
2025-11-18,17,64.1
2025-11-19,17,58.4
2025-11-20,17,54.1
2025-11-21,17,61.1
2025-11-22,17,61.7
2025-11-23,17,61.7
2025-11-24,17,61.7
2025-11-25,17,51.4
2025-11-26,17,46.2
2025-11-27,17,39.4
2025-11-28,17,70.5
2025-11-29,17,54.4
2025-11-30,17,39.7
2025-12-01,17,60.8
2025-12-02,17,57.7
2025-12-03,17,41.3
2025-12-04,17,54.9
2025-12-05,17,68.3
2025-12-06,17,66.1
2025-12-07,17,47.4
2025-12-08,17,37.0
2025-12-09,17,62.2
2025-12-10,17,41.9
2025-12-11,17,60.0
2025-12-12,17,78.9
2025-12-13,17,51.7
2025-12-14,17,62.5
2025-12-15,17,58.2
2025-12-16,17,57.1
2025-12-17,17,43.0
2025-12-18,17,73.3
2025-12-19,17,66.3
2025-12-20,17,49.1
2025-12-21,17,60.7
2025-12-22,17,63.0
2025-12-23,17,44.3
2025-12-24,17,44.3
2025-12-25,17,57.5
2025-12-26,17,80.8
2025-12-27,17,68.1
2025-12-28,17,47.1
2025-12-29,17,56.5
2025-12-30,17,60.1
2024-01-01,18,80.6
2024-01-02,18,53.2
2024-01-03,18,51.1
2024-01-04,18,57.1
2024-01-05,18,80.8
2024-01-06,18,55.8
2024-01-07,18,41.2
2024-01-08,18,50.4
2024-01-09,18,70.0
2024-01-10,18,53.1
2024-01-11,18,62.1
2024-01-12,18,63.5
2024-01-13,18,68.7
2024-01-14,18,60.3
2024-01-15,18,64.4
2024-01-16,18,43.4
2024-01-17,18,45.7
2024-01-18,18,71.6
2024-01-19,18,64.8
2024-01-20,18,74.8
2024-01-21,18,59.0
2024-01-22,18,64.0
2024-01-23,18,46.7
2024-01-24,18,37.8
2024-01-25,18,40.3
2024-01-26,18,76.9
2024-01-27,18,74.9
2024-01-28,18,52.1
2024-01-29,18,54.3
2024-01-30,18,56.7
2024-01-31,18,56.4
2024-02-01,18,64.7
2024-02-02,18,82.4
2024-02-03,18,71.9
2024-02-04,18,61.7
2024-02-05,18,40.6
2024-02-06,18,66.3
2024-02-07,18,54.2
2024-02-08,18,55.8
2024-02-09,18,80.4
2024-02-10,18,78.1
2024-02-11,18,62.4
2024-02-12,18,41.0
2024-02-13,18,48.4
2024-02-14,18,47.0
2024-02-15,18,72.7
2024-02-16,18,69.2
2024-02-17,18,41.8
2024-02-18,18,62.0
2024-02-19,18,70.9
2024-02-20,18,71.8
2024-02-21,18,42.0
2024-02-22,18,75.3
2024-02-23,18,70.6
2024-02-24,18,86.6
2024-02-25,18,80.3
2024-02-26,18,83.9
2024-02-27,18,69.2
2024-02-28,18,50.1
2024-02-29,18,39.2
2024-03-01,18,80.9
2024-03-02,18,95.1
2024-03-03,18,77.1
2024-03-04,18,64.7
2024-03-05,18,63.3
2024-03-06,18,71.1
2024-03-07,18,69.8
2024-03-08,18,66.1
2024-03-09,18,55.0
2024-03-10,18,72.1
2024-03-11,18,55.8
2024-03-12,18,59.2
2024-03-13,18,55.1
2024-03-14,18,81.2
2024-03-15,18,48.0
2024-03-16,18,73.8
2024-03-17,18,75.1
2024-03-18,18,59.8
2024-03-19,18,62.3
2024-03-20,18,49.4
2024-03-21,18,69.2
2024-03-22,18,75.5
2024-03-23,18,62.1
2024-03-24,18,49.6
2024-03-25,18,63.4
2024-03-26,18,60.3
2024-03-27,18,59.2
2024-03-28,18,60.4
2024-03-29,18,103.8
2024-03-30,18,76.1
2024-03-31,18,76.8
2024-04-01,18,75.4
2024-04-02,18,70.4
2024-04-03,18,61.9
2024-04-04,18,64.9
2024-04-05,18,67.1
2024-04-06,18,62.9
2024-04-07,18,85.8
2024-04-08,18,75.0
2024-04-09,18,69.3
2024-04-10,18,49.6
2024-04-11,18,61.3
2024-04-12,18,75.2
2024-04-13,18,91.6
2024-04-14,18,63.5
2024-04-15,18,61.5
2024-04-16,18,73.8
2024-04-17,18,46.3
2024-04-18,18,65.7
2024-04-19,18,49.4
2024-04-20,18,78.4
2024-04-21,18,66.0
2024-04-22,18,54.0
2024-04-23,18,66.6
2024-04-24,18,96.2
2024-04-25,18,57.3
2024-04-26,18,73.5
2024-04-27,18,62.3
2024-04-28,18,84.4
2024-04-29,18,56.4
2024-04-30,18,68.4
2024-05-01,18,61.6
2024-05-02,18,72.2
2024-05-03,18,71.1
2024-05-04,18,55.1
2024-05-05,18,70.0
2024-05-06,18,67.6
2024-05-07,18,57.4
2024-05-08,18,61.1
2024-05-09,18,77.4
2024-05-10,18,60.8
2024-05-11,18,50.7
2024-05-12,18,58.2
2024-05-13,18,59.4
2024-05-14,18,65.6
2024-05-15,18,79.3
2024-05-16,18,71.2
2024-05-17,18,76.0
2024-05-18,18,60.8
2024-05-19,18,76.5
2024-05-20,18,64.9
2024-05-21,18,56.6
2024-05-22,18,52.7
2024-05-23,18,59.2
2024-05-24,18,57.2
2024-05-25,18,79.1
2024-05-26,18,51.4
2024-05-27,18,64.4
2024-05-28,18,48.7
2024-05-29,18,82.5
2024-05-30,18,52.7
2024-05-31,18,49.6
2024-06-01,18,49.3
2024-06-02,18,51.3
2024-06-03,18,64.2
2024-06-04,18,66.0
2024-06-05,18,51.3
2024-06-06,18,31.1
2024-06-07,18,55.6
2024-06-08,18,28.4
2024-06-09,18,57.9
2024-06-10,18,46.0
2024-06-11,18,58.4
2024-06-12,18,71.7
2024-06-13,18,58.2
2024-06-14,18,70.5
2024-06-15,18,59.1
2024-06-16,18,67.5
2024-06-17,18,60.2
2024-06-18,18,34.6
2024-06-19,18,59.6
2024-06-20,18,41.4
2024-06-21,18,66.9
2024-06-22,18,51.8
2024-06-23,18,58.9
2024-06-24,18,51.3
2024-06-25,18,39.7
2024-06-26,18,37.0
2024-06-27,18,44.9
2024-06-28,18,55.5
2024-06-29,18,66.4
2024-06-30,18,47.7
2024-07-01,18,59.6
2024-07-02,18,64.5
2024-07-03,18,61.0
2024-07-04,18,48.8
2024-07-05,18,51.0
2024-07-06,18,71.7
2024-07-07,18,41.5
2024-07-08,18,49.9
2024-07-09,18,59.9
2024-07-10,18,53.5
2024-07-11,18,45.8
2024-07-12,18,52.7
2024-07-13,18,62.1
2024-07-14,18,49.1
2024-07-15,18,50.6
2024-07-16,18,52.4
2024-07-17,18,55.4
2024-07-18,18,42.0
2024-07-19,18,58.5
2024-07-20,18,69.0
2024-07-21,18,41.2
2024-07-22,18,28.9
2024-07-23,18,53.4
2024-07-24,18,48.2
2024-07-25,18,42.3
2024-07-26,18,48.0
2024-07-27,18,65.6
2024-07-28,18,48.0
2024-07-29,18,46.2
2024-07-30,18,49.5
2024-07-31,18,64.1
2024-08-01,18,48.2
2024-08-02,18,71.5
2024-08-03,18,80.4
2024-08-04,18,58.2
2024-08-05,18,62.3
2024-08-06,18,63.1
2024-08-07,18,51.1
2024-08-08,18,59.0
2024-08-09,18,37.6
2024-08-10,18,54.9
2024-08-11,18,43.0
2024-08-12,18,53.7
2024-08-13,18,36.6
2024-08-14,18,35.7
2024-08-15,18,55.2
2024-08-16,18,51.5
2024-08-17,18,48.7
2024-08-18,18,59.1
2024-08-19,18,47.5
2024-08-20,18,45.4
2024-08-21,18,46.6
2024-08-22,18,45.0
2024-08-23,18,45.0
2024-08-24,18,52.5
2024-08-25,18,21.8
2024-08-26,18,51.6
2024-08-27,18,33.7
2024-08-28,18,42.6
2024-08-29,18,56.8
2024-08-30,18,78.1
2024-08-31,18,40.6
2024-09-01,18,50.5
2024-09-02,18,52.5
2024-09-03,18,51.0
2024-09-04,18,42.2
2024-09-05,18,47.5
2024-09-06,18,39.5
2024-09-07,18,39.2
2024-09-08,18,48.4
2024-09-09,18,48.4
2024-09-10,18,43.3
2024-09-11,18,37.5
2024-09-12,18,59.3
2024-09-13,18,46.5
2024-09-14,18,31.6
2024-09-15,18,41.1
2024-09-16,18,33.0
2024-09-17,18,57.0
2024-09-18,18,53.1
2024-09-19,18,49.0
2024-09-20,18,50.1
2024-09-21,18,66.4
2024-09-22,18,47.1
2024-09-23,18,56.8
2024-09-24,18,36.3
2024-09-25,18,46.3
2024-09-26,18,45.7
2024-09-27,18,61.7
2024-09-28,18,63.1
2024-09-29,18,40.5
2024-09-30,18,50.5
2024-10-01,18,37.4
2024-10-02,18,38.7
2024-10-03,18,50.1
2024-10-04,18,43.9
2024-10-05,18,58.4
2024-10-06,18,33.8
2024-10-07,18,38.0
2024-10-08,18,46.6
2024-10-09,18,34.7
2024-10-10,18,41.3
2024-10-11,18,59.3
2024-10-12,18,57.7
2024-10-13,18,48.8
2024-10-14,18,42.8
2024-10-15,18,56.2
2024-10-16,18,31.0
2024-10-17,18,57.4
2024-10-18,18,43.4
2024-10-19,18,56.6
2024-10-20,18,61.0
2024-10-21,18,51.7
2024-10-22,18,50.9
2024-10-23,18,43.5
2024-10-24,18,56.7
2024-10-25,18,62.4
2024-10-26,18,40.6
2024-10-27,18,49.5
2024-10-28,18,54.9
2024-10-29,18,36.4
2024-10-30,18,59.6
2024-10-31,18,50.8
2024-11-01,18,61.3
2024-11-02,18,81.2
2024-11-03,18,49.4
2024-11-04,18,48.3
2024-11-05,18,57.6
2024-11-06,18,43.2
2024-11-07,18,55.8
2024-11-08,18,40.6
2024-11-09,18,76.8
2024-11-10,18,61.4
2024-11-11,18,58.0
2024-11-12,18,47.4
2024-11-13,18,52.3
2024-11-14,18,43.9
2024-11-15,18,41.9
2024-11-16,18,59.2
2024-11-17,18,49.5
2024-11-18,18,57.9
2024-11-19,18,51.4
2024-11-20,18,59.1
2024-11-21,18,55.3
2024-11-22,18,49.5
2024-11-23,18,72.0
2024-11-24,18,53.7
2024-11-25,18,67.2
2024-11-26,18,64.1
2024-11-27,18,58.2
2024-11-28,18,49.7
2024-11-29,18,73.5
2024-11-30,18,64.0
2024-12-01,18,46.3
2024-12-02,18,52.5
2024-12-03,18,61.5
2024-12-04,18,49.1
2024-12-05,18,57.6
2024-12-06,18,75.4
2024-12-07,18,65.2
2024-12-08,18,62.6
2024-12-09,18,60.1
2024-12-10,18,58.0
2024-12-11,18,52.9
2024-12-12,18,57.9
2024-12-13,18,55.0
2024-12-14,18,55.9
2024-12-15,18,48.2
2024-12-16,18,68.7
2024-12-17,18,73.9
2024-12-18,18,52.3
2024-12-19,18,62.4
2024-12-20,18,77.1
2024-12-21,18,70.2
2024-12-22,18,70.3
2024-12-23,18,52.5
2024-12-24,18,68.6
2024-12-25,18,43.3
2024-12-26,18,53.8
2024-12-27,18,68.4
2024-12-28,18,58.8
2024-12-29,18,67.9
2024-12-30,18,52.0
2024-12-31,18,64.5
2025-01-01,18,71.6
2025-01-02,18,63.1
2025-01-03,18,51.9
2025-01-04,18,75.1
2025-01-05,18,65.9
2025-01-06,18,48.7
2025-01-07,18,63.5
2025-01-08,18,57.8
2025-01-09,18,47.6
2025-01-10,18,57.5
2025-01-11,18,72.0
2025-01-12,18,60.5
2025-01-13,18,84.0
2025-01-14,18,63.6
2025-01-15,18,62.9
2025-01-16,18,62.7
2025-01-17,18,94.6
2025-01-18,18,86.8
2025-01-19,18,46.1
2025-01-20,18,59.3
2025-01-21,18,90.5
2025-01-22,18,70.4
2025-01-23,18,67.2
2025-01-24,18,74.2
2025-01-25,18,88.0
2025-01-26,18,77.7
2025-01-27,18,43.5
2025-01-28,18,72.6
2025-01-29,18,66.3
2025-01-30,18,57.9
2025-01-31,18,85.5
2025-02-01,18,68.1
2025-02-02,18,65.4
2025-02-03,18,81.6
2025-02-04,18,48.4
2025-02-05,18,74.4
2025-02-06,18,82.0
2025-02-07,18,78.0
2025-02-08,18,53.6
2025-02-09,18,57.9
2025-02-10,18,60.8
2025-02-11,18,55.4
2025-02-12,18,50.0
2025-02-13,18,62.9
2025-02-14,18,73.9
2025-02-15,18,75.0
2025-02-16,18,74.3
2025-02-17,18,49.2
2025-02-18,18,88.4
2025-02-19,18,66.3
2025-02-20,18,49.2
2025-02-21,18,66.1
2025-02-22,18,93.4
2025-02-23,18,78.3
2025-02-24,18,70.6
2025-02-25,18,69.7
2025-02-26,18,69.5
2025-02-27,18,65.4
2025-02-28,18,123.7
2025-03-01,18,52.9
2025-03-02,18,73.3
2025-03-03,18,76.8
2025-03-04,18,60.2
2025-03-05,18,77.2
2025-03-06,18,75.5
2025-03-07,18,94.3
2025-03-08,18,87.2
2025-03-09,18,88.5
2025-03-10,18,83.6
2025-03-11,18,74.2
2025-03-12,18,75.5
2025-03-13,18,72.1
2025-03-14,18,79.0
2025-03-15,18,91.7
2025-03-16,18,77.7
2025-03-17,18,51.4
2025-03-18,18,93.2
2025-03-19,18,75.4
2025-03-20,18,74.9
2025-03-21,18,84.5
2025-03-22,18,94.3
2025-03-23,18,97.5
2025-03-24,18,61.4
2025-03-25,18,68.0
2025-03-26,18,72.7
2025-03-27,18,82.9
2025-03-28,18,89.6
2025-03-29,18,67.7
2025-03-30,18,69.0
2025-03-31,18,66.6
2025-04-01,18,90.4
2025-04-02,18,76.9
2025-04-03,18,96.0
2025-04-04,18,66.1
2025-04-05,18,78.1
2025-04-06,18,76.1
2025-04-07,18,69.7
2025-04-08,18,66.7
2025-04-09,18,78.6
2025-04-10,18,74.4
2025-04-11,18,82.7
2025-04-12,18,91.0
2025-04-13,18,58.9
2025-04-14,18,98.5
2025-04-15,18,70.3
2025-04-16,18,71.4
2025-04-17,18,90.1
2025-04-18,18,86.6
2025-04-19,18,65.8
2025-04-20,18,81.6
2025-04-21,18,68.1
2025-04-22,18,44.8
2025-04-23,18,103.6
2025-04-24,18,79.5
2025-04-25,18,78.1
2025-04-26,18,146.3
2025-04-27,18,55.9
2025-04-28,18,97.5
2025-04-29,18,50.8
2025-04-30,18,74.2
2025-05-01,18,72.9
2025-05-02,18,86.7
2025-05-03,18,81.1
2025-05-04,18,81.0
2025-05-05,18,60.6
2025-05-06,18,67.5
2025-05-07,18,71.6
2025-05-08,18,60.2
2025-05-09,18,86.5
2025-05-10,18,118.8
2025-05-11,18,89.8
2025-05-12,18,66.4
2025-05-13,18,77.6
2025-05-14,18,71.3
2025-05-15,18,74.4
2025-05-16,18,87.6
2025-05-17,18,64.5
2025-05-18,18,88.2
2025-05-19,18,76.2
2025-05-20,18,57.3
2025-05-21,18,71.9
2025-05-22,18,68.5
2025-05-23,18,69.5
2025-05-24,18,82.8
2025-05-25,18,65.2
2025-05-26,18,71.5
2025-05-27,18,67.0
2025-05-28,18,68.3
2025-05-29,18,72.3
2025-05-30,18,79.1
2025-05-31,18,105.7
2025-06-01,18,56.4
2025-06-02,18,83.0
2025-06-03,18,64.8
2025-06-04,18,77.0
2025-06-05,18,60.1
2025-06-06,18,96.5
2025-06-07,18,53.9
2025-06-08,18,52.9
2025-06-09,18,67.4
2025-06-10,18,69.1
2025-06-11,18,59.8
2025-06-12,18,70.7
2025-06-13,18,61.8
2025-06-14,18,78.2
2025-06-15,18,63.1
2025-06-16,18,67.5
2025-06-17,18,55.1
2025-06-18,18,76.4
2025-06-19,18,63.6
2025-06-20,18,71.5
2025-06-21,18,65.2
2025-06-22,18,63.2
2025-06-23,18,68.8
2025-06-24,18,49.9
2025-06-25,18,52.3
2025-06-26,18,57.1
2025-06-27,18,82.8
2025-06-28,18,47.7
2025-06-29,18,58.5
2025-06-30,18,57.6
2025-07-01,18,44.6
2025-07-02,18,80.3
2025-07-03,18,40.5
2025-07-04,18,62.4
2025-07-05,18,63.0
2025-07-06,18,56.0
2025-07-07,18,59.3
2025-07-08,18,67.4
2025-07-09,18,69.5
2025-07-10,18,62.2
2025-07-11,18,62.2
2025-07-12,18,57.7
2025-07-13,18,52.5
2025-07-14,18,41.9
2025-07-15,18,50.2
2025-07-16,18,43.4
2025-07-17,18,56.7
2025-07-18,18,72.1
2025-07-19,18,85.2
2025-07-20,18,64.0
2025-07-21,18,51.1
2025-07-22,18,49.4
2025-07-23,18,36.0
2025-07-24,18,53.4
2025-07-25,18,47.3
2025-07-26,18,68.3
2025-07-27,18,52.8
2025-07-28,18,56.4
2025-07-29,18,57.2
2025-07-30,18,64.8
2025-07-31,18,44.7
2025-08-01,18,69.7
2025-08-02,18,89.9
2025-08-03,18,57.4
2025-08-04,18,58.6
2025-08-05,18,33.9
2025-08-06,18,59.7
2025-08-07,18,59.0
2025-08-08,18,74.9
2025-08-09,18,64.9
2025-08-10,18,59.1
2025-08-11,18,64.0
2025-08-12,18,58.7
2025-08-13,18,65.8
2025-08-14,18,72.2
2025-08-15,18,67.8
2025-08-16,18,69.1
2025-08-17,18,36.7
2025-08-18,18,53.5
2025-08-19,18,61.1
2025-08-20,18,47.8
2025-08-21,18,52.2
2025-08-22,18,57.6
2025-08-23,18,55.7
2025-08-24,18,27.2
2025-08-25,18,55.5
2025-08-26,18,52.5
2025-08-27,18,56.7
2025-08-28,18,58.1
2025-08-29,18,48.6
2025-08-30,18,67.8
2025-08-31,18,62.9
2025-09-01,18,48.6
2025-09-02,18,47.6
2025-09-03,18,41.5
2025-09-04,18,53.1
2025-09-05,18,38.9
2025-09-06,18,62.5
2025-09-07,18,51.9
2025-09-08,18,48.1
2025-09-09,18,62.3
2025-09-10,18,51.7
2025-09-11,18,48.0
2025-09-12,18,61.1
2025-09-13,18,60.0
2025-09-14,18,42.4
2025-09-15,18,51.8
2025-09-16,18,37.1
2025-09-17,18,52.2
2025-09-18,18,50.9
2025-09-19,18,60.2
2025-09-20,18,49.3
2025-09-21,18,45.0
2025-09-22,18,55.9
2025-09-23,18,56.2
2025-09-24,18,45.7
2025-09-25,18,67.4
2025-09-26,18,22.9
2025-09-27,18,52.4
2025-09-28,18,44.3
2025-09-29,18,37.5
2025-09-30,18,77.9
2025-10-01,18,65.4
2025-10-02,18,47.9
2025-10-03,18,67.4
2025-10-04,18,73.7
2025-10-05,18,46.8
2025-10-06,18,46.3
2025-10-07,18,57.3
2025-10-08,18,56.3
2025-10-09,18,59.1
2025-10-10,18,50.5
2025-10-11,18,42.5
2025-10-12,18,60.5
2025-10-13,18,44.6
2025-10-14,18,35.5
2025-10-15,18,50.1
2025-10-16,18,43.7
2025-10-17,18,56.0
2025-10-18,18,73.7
2025-10-19,18,50.8
2025-10-20,18,48.3
2025-10-21,18,52.0
2025-10-22,18,52.7
2025-10-23,18,60.2
2025-10-24,18,43.2
2025-10-25,18,40.3
2025-10-26,18,56.3
2025-10-27,18,55.5
2025-10-28,18,56.0
2025-10-29,18,58.0
2025-10-30,18,55.3
2025-10-31,18,46.2
2025-11-01,18,59.0
2025-11-02,18,47.8
2025-11-03,18,37.2
2025-11-04,18,55.5
2025-11-05,18,51.4
2025-11-06,18,44.4
2025-11-07,18,71.9
2025-11-08,18,65.8
2025-11-09,18,52.7
2025-11-10,18,50.1
2025-11-11,18,42.6
2025-11-12,18,52.3
2025-11-13,18,68.9
2025-11-14,18,44.1
2025-11-15,18,76.2
2025-11-16,18,47.4
2025-11-17,18,56.6
2025-11-18,18,48.0
2025-11-19,18,64.0
2025-11-20,18,53.0
2025-11-21,18,77.8
2025-11-22,18,68.4
2025-11-23,18,73.3
2025-11-24,18,51.0
2025-11-25,18,66.0
2025-11-26,18,76.7
2025-11-27,18,58.6
2025-11-28,18,83.8
2025-11-29,18,69.9
2025-11-30,18,66.5
2025-12-01,18,72.4
2025-12-02,18,57.5
2025-12-03,18,46.1
2025-12-04,18,71.3
2025-12-05,18,91.3
2025-12-06,18,48.9
2025-12-07,18,78.9
2025-12-08,18,49.1
2025-12-09,18,70.4
2025-12-10,18,72.9
2025-12-11,18,67.2
2025-12-12,18,75.6
2025-12-13,18,43.2
2025-12-14,18,42.9
2025-12-15,18,71.5
2025-12-16,18,60.3
2025-12-17,18,53.7
2025-12-18,18,61.6
2025-12-19,18,87.5
2025-12-20,18,79.2
2025-12-21,18,44.8
2025-12-22,18,70.4
2025-12-23,18,76.7
2025-12-24,18,50.5
2025-12-25,18,90.5
2025-12-26,18,90.9
2025-12-27,18,84.6
2025-12-28,18,57.3
2025-12-29,18,49.0
2025-12-30,18,62.0
2024-01-01,19,77.7
2024-01-02,19,82.8
2024-01-03,19,94.8
2024-01-04,19,63.3
2024-01-05,19,90.5
2024-01-06,19,82.1
2024-01-07,19,100.0
2024-01-08,19,84.9
2024-01-09,19,82.0
2024-01-10,19,86.4
2024-01-11,19,104.5
2024-01-12,19,105.3
2024-01-13,19,101.3
2024-01-14,19,83.0
2024-01-15,19,116.9
2024-01-16,19,78.5
2024-01-17,19,100.5
2024-01-18,19,108.7
2024-01-19,19,81.6
2024-01-20,19,92.3
2024-01-21,19,69.5
2024-01-22,19,90.6
2024-01-23,19,84.8
2024-01-24,19,83.9
2024-01-25,19,92.5
2024-01-26,19,122.0
2024-01-27,19,114.7
2024-01-28,19,104.0
2024-01-29,19,99.3
2024-01-30,19,100.5
2024-01-31,19,94.4
2024-02-01,19,100.2
2024-02-02,19,111.5
2024-02-03,19,91.2
2024-02-04,19,78.7
2024-02-05,19,97.2
2024-02-06,19,115.5
2024-02-07,19,65.3
2024-02-08,19,100.9
2024-02-09,19,106.2
2024-02-10,19,90.8
2024-02-11,19,102.0
2024-02-12,19,77.3
2024-02-13,19,132.8
2024-02-14,19,111.5
2024-02-15,19,115.3
2024-02-16,19,119.8
2024-02-17,19,141.1
2024-02-18,19,92.2
2024-02-19,19,99.3
2024-02-20,19,124.7
2024-02-21,19,72.9
2024-02-22,19,82.1
2024-02-23,19,133.9
2024-02-24,19,98.9
2024-02-25,19,70.3
2024-02-26,19,109.6
2024-02-27,19,66.8
2024-02-28,19,107.2
2024-02-29,19,98.3
2024-03-01,19,106.4
2024-03-02,19,78.0
2024-03-03,19,76.4
2024-03-04,19,118.9
2024-03-05,19,91.4
2024-03-06,19,99.3
2024-03-07,19,125.1
2024-03-08,19,99.7
2024-03-09,19,119.3
2024-03-10,19,83.8
2024-03-11,19,82.6
2024-03-12,19,93.8
2024-03-13,19,89.2
2024-03-14,19,88.8
2024-03-15,19,164.7
2024-03-16,19,140.6
2024-03-17,19,104.1
2024-03-18,19,97.3
2024-03-19,19,101.1
2024-03-20,19,115.8
2024-03-21,19,88.1
2024-03-22,19,111.7
2024-03-23,19,127.6
2024-03-24,19,93.6
2024-03-25,19,101.4
2024-03-26,19,92.9
2024-03-27,19,84.5
2024-03-28,19,92.5
2024-03-29,19,100.9
2024-03-30,19,123.0
2024-03-31,19,82.1
2024-04-01,19,104.6
2024-04-02,19,126.3
2024-04-03,19,100.4
2024-04-04,19,96.5
2024-04-05,19,126.5
2024-04-06,19,139.4
2024-04-07,19,96.6
2024-04-08,19,86.1
2024-04-09,19,110.5
2024-04-10,19,139.6
2024-04-11,19,100.7
2024-04-12,19,103.5
2024-04-13,19,160.2
2024-04-14,19,115.7
2024-04-15,19,103.0
2024-04-16,19,111.7
2024-04-17,19,122.4
2024-04-18,19,134.3
2024-04-19,19,76.3
2024-04-20,19,105.8
2024-04-21,19,94.2
2024-04-22,19,74.9
2024-04-23,19,95.0
2024-04-24,19,83.1
2024-04-25,19,123.2
2024-04-26,19,90.1
2024-04-27,19,96.2
2024-04-28,19,77.6
2024-04-29,19,104.8
2024-04-30,19,81.1
2024-05-01,19,75.6
2024-05-02,19,115.6
2024-05-03,19,123.2
2024-05-04,19,141.8
2024-05-05,19,103.9
2024-05-06,19,59.6
2024-05-07,19,106.3
2024-05-08,19,98.0
2024-05-09,19,98.5
2024-05-10,19,138.7
2024-05-11,19,118.2
2024-05-12,19,82.8
2024-05-13,19,110.8
2024-05-14,19,73.6
2024-05-15,19,101.3
2024-05-16,19,73.6
2024-05-17,19,95.0
2024-05-18,19,101.9
2024-05-19,19,123.4
2024-05-20,19,110.9
2024-05-21,19,110.8
2024-05-22,19,125.3
2024-05-23,19,74.5
2024-05-24,19,90.0
2024-05-25,19,84.5
2024-05-26,19,79.0
2024-05-27,19,90.9
2024-05-28,19,88.2
2024-05-29,19,107.2
2024-05-30,19,97.4
2024-05-31,19,93.4
2024-06-01,19,134.3
2024-06-02,19,91.5
2024-06-03,19,107.7
2024-06-04,19,83.3
2024-06-05,19,117.9
2024-06-06,19,118.9
2024-06-07,19,89.2
2024-06-08,19,71.8
2024-06-09,19,100.1
2024-06-10,19,78.4
2024-06-11,19,105.5
2024-06-12,19,60.3
2024-06-13,19,86.0
2024-06-14,19,130.8
2024-06-15,19,89.1
2024-06-16,19,94.9
2024-06-17,19,66.8
2024-06-18,19,88.9
2024-06-19,19,76.9
2024-06-20,19,87.6
2024-06-21,19,84.4
2024-06-22,19,90.2
2024-06-23,19,81.3
2024-06-24,19,106.5
2024-06-25,19,72.5
2024-06-26,19,86.5
2024-06-27,19,97.1
2024-06-28,19,127.8
2024-06-29,19,93.6
2024-06-30,19,101.6
2024-07-01,19,76.2
2024-07-02,19,89.2
2024-07-03,19,80.1
2024-07-04,19,106.7
2024-07-05,19,80.7
2024-07-06,19,97.6
2024-07-07,19,81.6
2024-07-08,19,90.8
2024-07-09,19,78.2
2024-07-10,19,88.5
2024-07-11,19,55.4
2024-07-12,19,73.2
2024-07-13,19,71.9
2024-07-14,19,86.4
2024-07-15,19,103.0
2024-07-16,19,90.2
2024-07-17,19,71.7
2024-07-18,19,84.0
2024-07-19,19,41.9
2024-07-20,19,99.3
2024-07-21,19,64.0
2024-07-22,19,93.4
2024-07-23,19,71.2
2024-07-24,19,69.4
2024-07-25,19,86.4
2024-07-26,19,86.0
2024-07-27,19,84.4
2024-07-28,19,80.5
2024-07-29,19,70.5
2024-07-30,19,78.5
2024-07-31,19,90.7
2024-08-01,19,76.0
2024-08-02,19,92.7
2024-08-03,19,59.9
2024-08-04,19,64.2
2024-08-05,19,74.1
2024-08-06,19,85.0
2024-08-07,19,88.9
2024-08-08,19,75.2
2024-08-09,19,79.8
2024-08-10,19,100.0
2024-08-11,19,54.1
2024-08-12,19,78.7
2024-08-13,19,85.4
2024-08-14,19,92.1
2024-08-15,19,79.8
2024-08-16,19,74.9
2024-08-17,19,85.8
2024-08-18,19,76.6
2024-08-19,19,95.8
2024-08-20,19,82.4
2024-08-21,19,88.9
2024-08-22,19,62.6
2024-08-23,19,78.5
2024-08-24,19,91.7
2024-08-25,19,68.7
2024-08-26,19,59.1
2024-08-27,19,85.2
2024-08-28,19,63.5
2024-08-29,19,97.7
2024-08-30,19,83.8
2024-08-31,19,85.4
2024-09-01,19,83.8
2024-09-02,19,61.9
2024-09-03,19,92.7
2024-09-04,19,66.3
2024-09-05,19,65.4
2024-09-06,19,57.7
2024-09-07,19,102.7
2024-09-08,19,58.2
2024-09-09,19,75.9
2024-09-10,19,69.8
2024-09-11,19,72.9
2024-09-12,19,79.9
2024-09-13,19,74.5
2024-09-14,19,84.8
2024-09-15,19,75.3
2024-09-16,19,79.0
2024-09-17,19,70.7
2024-09-18,19,55.8
2024-09-19,19,92.4
2024-09-20,19,110.6
2024-09-21,19,88.9
2024-09-22,19,69.3
2024-09-23,19,55.1
2024-09-24,19,77.6
2024-09-25,19,70.2
2024-09-26,19,89.7
2024-09-27,19,82.1
2024-09-28,19,70.7
2024-09-29,19,64.9
2024-09-30,19,76.7
2024-10-01,19,80.6
2024-10-02,19,64.3
2024-10-03,19,73.8
2024-10-04,19,79.7
2024-10-05,19,97.6
2024-10-06,19,85.2
2024-10-07,19,71.1
2024-10-08,19,92.6
2024-10-09,19,73.1
2024-10-10,19,77.3
2024-10-11,19,104.6
2024-10-12,19,99.8
2024-10-13,19,48.8
2024-10-14,19,81.5
2024-10-15,19,83.6
2024-10-16,19,76.3
2024-10-17,19,83.9
2024-10-18,19,63.3
2024-10-19,19,93.8
2024-10-20,19,75.5
2024-10-21,19,84.9
2024-10-22,19,57.3
2024-10-23,19,57.6
2024-10-24,19,72.9
2024-10-25,19,79.7
2024-10-26,19,101.9
2024-10-27,19,74.4
2024-10-28,19,103.5
2024-10-29,19,90.1
2024-10-30,19,56.5
2024-10-31,19,88.5
2024-11-01,19,87.5
2024-11-02,19,98.3
2024-11-03,19,80.1
2024-11-04,19,86.2
2024-11-05,19,105.2
2024-11-06,19,94.6
2024-11-07,19,87.3
2024-11-08,19,107.6
2024-11-09,19,119.8
2024-11-10,19,79.2
2024-11-11,19,72.0
2024-11-12,19,81.1
2024-11-13,19,84.1
2024-11-14,19,68.5
2024-11-15,19,109.0
2024-11-16,19,67.6
2024-11-17,19,63.0
2024-11-18,19,76.2
2024-11-19,19,100.5
2024-11-20,19,103.2
2024-11-21,19,39.3
2024-11-22,19,107.2
2024-11-23,19,102.4
2024-11-24,19,85.8
2024-11-25,19,79.9
2024-11-26,19,94.0
2024-11-27,19,89.5
2024-11-28,19,72.5
2024-11-29,19,131.0
2024-11-30,19,85.1
2024-12-01,19,91.0
2024-12-02,19,92.7
2024-12-03,19,71.1
2024-12-04,19,86.3
2024-12-05,19,97.0
2024-12-06,19,92.5
2024-12-07,19,67.4
2024-12-08,19,109.7
2024-12-09,19,86.2
2024-12-10,19,104.5
2024-12-11,19,92.9
2024-12-12,19,42.6
2024-12-13,19,71.4
2024-12-14,19,103.9
2024-12-15,19,103.3
2024-12-16,19,56.0
2024-12-17,19,81.5
2024-12-18,19,85.8
2024-12-19,19,117.3
2024-12-20,19,126.7
2024-12-21,19,99.7
2024-12-22,19,119.2
2024-12-23,19,74.1
2024-12-24,19,92.0
2024-12-25,19,88.8
2024-12-26,19,70.8
2024-12-27,19,101.8
2024-12-28,19,108.6
2024-12-29,19,86.4
2024-12-30,19,107.5
2024-12-31,19,80.7
2025-01-01,19,84.0
2025-01-02,19,108.1
2025-01-03,19,118.5
2025-01-04,19,93.2
2025-01-05,19,96.3
2025-01-06,19,86.1
2025-01-07,19,93.7
2025-01-08,19,106.2
2025-01-09,19,116.7
2025-01-10,19,97.8
2025-01-11,19,94.2
2025-01-12,19,120.8
2025-01-13,19,123.0
2025-01-14,19,76.9
2025-01-15,19,116.3
2025-01-16,19,99.8
2025-01-17,19,151.7
2025-01-18,19,131.7
2025-01-19,19,109.6
2025-01-20,19,68.8
2025-01-21,19,118.1
2025-01-22,19,107.5
2025-01-23,19,92.8
2025-01-24,19,98.2
2025-01-25,19,107.8
2025-01-26,19,131.1
2025-01-27,19,108.6
2025-01-28,19,112.0
2025-01-29,19,132.1
2025-01-30,19,102.9
2025-01-31,19,142.4
2025-02-01,19,137.7
2025-02-02,19,126.0
2025-02-03,19,122.7
2025-02-04,19,107.6
2025-02-05,19,95.8
2025-02-06,19,102.7
2025-02-07,19,133.4
2025-02-08,19,99.7
2025-02-09,19,121.3
2025-02-10,19,138.1
2025-02-11,19,117.2
2025-02-12,19,83.9
2025-02-13,19,111.3
2025-02-14,19,148.5
2025-02-15,19,127.9
2025-02-16,19,110.5
2025-02-17,19,140.6
2025-02-18,19,75.9
2025-02-19,19,96.3
2025-02-20,19,157.8
2025-02-21,19,151.6
2025-02-22,19,162.1
2025-02-23,19,108.8
2025-02-24,19,135.6
2025-02-25,19,121.0
2025-02-26,19,102.9
2025-02-27,19,150.6
2025-02-28,19,120.8
2025-03-01,19,133.3
2025-03-02,19,175.8
2025-03-03,19,139.7
2025-03-04,19,133.6
2025-03-05,19,80.5
2025-03-06,19,79.1
2025-03-07,19,157.9
2025-03-08,19,147.7
2025-03-09,19,137.3
2025-03-10,19,123.8
2025-03-11,19,111.1
2025-03-12,19,156.3
2025-03-13,19,141.8
2025-03-14,19,114.9
2025-03-15,19,102.8
2025-03-16,19,154.9
2025-03-17,19,121.5
2025-03-18,19,114.3
2025-03-19,19,119.8
2025-03-20,19,126.7
2025-03-21,19,133.0
2025-03-22,19,176.5
2025-03-23,19,131.3
2025-03-24,19,80.7
2025-03-25,19,149.5
2025-03-26,19,102.4
2025-03-27,19,120.6
2025-03-28,19,142.5
2025-03-29,19,101.5
2025-03-30,19,140.1
2025-03-31,19,156.7
2025-04-01,19,89.9
2025-04-02,19,74.7
2025-04-03,19,150.1
2025-04-04,19,103.2
2025-04-05,19,121.3
2025-04-06,19,93.0
2025-04-07,19,125.9
2025-04-08,19,114.5
2025-04-09,19,105.4
2025-04-10,19,97.2
2025-04-11,19,86.8
2025-04-12,19,147.3
2025-04-13,19,112.8
2025-04-14,19,130.8
2025-04-15,19,92.4
2025-04-16,19,81.0
2025-04-17,19,108.7
2025-04-18,19,128.6
2025-04-19,19,88.0
2025-04-20,19,111.3
2025-04-21,19,69.4
2025-04-22,19,165.5
2025-04-23,19,92.2
2025-04-24,19,149.2
2025-04-25,19,145.5
2025-04-26,19,144.4
2025-04-27,19,143.1
2025-04-28,19,120.1
2025-04-29,19,65.9
2025-04-30,19,87.2
2025-05-01,19,88.9
2025-05-02,19,98.8
2025-05-03,19,84.4
2025-05-04,19,118.3
2025-05-05,19,107.7
2025-05-06,19,115.2
2025-05-07,19,150.7
2025-05-08,19,104.4
2025-05-09,19,88.1
2025-05-10,19,93.3
2025-05-11,19,103.9
2025-05-12,19,95.0
2025-05-13,19,76.9
2025-05-14,19,111.9
2025-05-15,19,85.0
2025-05-16,19,170.3
2025-05-17,19,143.0
2025-05-18,19,109.8
2025-05-19,19,121.1
2025-05-20,19,130.5
2025-05-21,19,125.3
2025-05-22,19,93.9
2025-05-23,19,115.2
2025-05-24,19,106.5
2025-05-25,19,95.0
2025-05-26,19,88.5
2025-05-27,19,102.6
2025-05-28,19,123.5
2025-05-29,19,119.8
2025-05-30,19,139.1
2025-05-31,19,107.3
2025-06-01,19,114.9
2025-06-02,19,106.4
2025-06-03,19,91.4
2025-06-04,19,90.6
2025-06-05,19,76.1
2025-06-06,19,116.3
2025-06-07,19,106.7
2025-06-08,19,112.2
2025-06-09,19,95.8
2025-06-10,19,155.1
2025-06-11,19,105.3
2025-06-12,19,110.6
2025-06-13,19,139.5
2025-06-14,19,132.7
2025-06-15,19,109.9
2025-06-16,19,74.6
2025-06-17,19,101.6
2025-06-18,19,108.1
2025-06-19,19,112.6
2025-06-20,19,69.4
2025-06-21,19,123.9
2025-06-22,19,85.8
2025-06-23,19,112.2
2025-06-24,19,103.8
2025-06-25,19,96.9
2025-06-26,19,82.0
2025-06-27,19,144.9
2025-06-28,19,115.7
2025-06-29,19,123.3
2025-06-30,19,113.8
2025-07-01,19,46.9
2025-07-02,19,82.7
2025-07-03,19,91.3
2025-07-04,19,84.9
2025-07-05,19,124.2
2025-07-06,19,91.9
2025-07-07,19,113.4
2025-07-08,19,101.0
2025-07-09,19,109.2
2025-07-10,19,75.2
2025-07-11,19,144.9
2025-07-12,19,103.4
2025-07-13,19,78.8
2025-07-14,19,74.0
2025-07-15,19,94.6
2025-07-16,19,104.5
2025-07-17,19,52.6
2025-07-18,19,91.7
2025-07-19,19,115.2
2025-07-20,19,63.8
2025-07-21,19,88.7
2025-07-22,19,77.5
2025-07-23,19,112.2
2025-07-24,19,73.4
2025-07-25,19,98.6
2025-07-26,19,125.2
2025-07-27,19,83.1
2025-07-28,19,69.5
2025-07-29,19,88.5
2025-07-30,19,98.5
2025-07-31,19,59.4
2025-08-01,19,87.5
2025-08-02,19,58.3
2025-08-03,19,83.4
2025-08-04,19,123.7
2025-08-05,19,90.4
2025-08-06,19,59.8
2025-08-07,19,118.4
2025-08-08,19,115.3
2025-08-09,19,111.2
2025-08-10,19,113.2
2025-08-11,19,101.2
2025-08-12,19,80.7
2025-08-13,19,81.3
2025-08-14,19,64.7
2025-08-15,19,114.1
2025-08-16,19,96.3
2025-08-17,19,64.9
2025-08-18,19,76.3
2025-08-19,19,68.6
2025-08-20,19,84.0
2025-08-21,19,79.2
2025-08-22,19,99.2
2025-08-23,19,96.3
2025-08-24,19,103.4
2025-08-25,19,80.1
2025-08-26,19,93.7
2025-08-27,19,57.9
2025-08-28,19,77.8
2025-08-29,19,111.9
2025-08-30,19,99.9
2025-08-31,19,98.4
2025-09-01,19,108.2
2025-09-02,19,57.8
2025-09-03,19,55.6
2025-09-04,19,77.9
2025-09-05,19,89.2
2025-09-06,19,67.2
2025-09-07,19,47.4
2025-09-08,19,72.7
2025-09-09,19,69.6
2025-09-10,19,75.4
2025-09-11,19,100.6
2025-09-12,19,107.0
2025-09-13,19,108.9
2025-09-14,19,50.4
2025-09-15,19,71.2
2025-09-16,19,76.7
2025-09-17,19,102.3
2025-09-18,19,54.6
2025-09-19,19,97.5
2025-09-20,19,104.2
2025-09-21,19,86.1
2025-09-22,19,92.8
2025-09-23,19,96.1
2025-09-24,19,81.8
2025-09-25,19,102.5
2025-09-26,19,93.7
2025-09-27,19,77.5
2025-09-28,19,57.3
2025-09-29,19,45.9
2025-09-30,19,59.5
2025-10-01,19,92.7
2025-10-02,19,76.6
2025-10-03,19,94.9
2025-10-04,19,84.8
2025-10-05,19,85.4
2025-10-06,19,93.8
2025-10-07,19,73.5
2025-10-08,19,59.3
2025-10-09,19,63.5
2025-10-10,19,93.5
2025-10-11,19,96.3
2025-10-12,19,84.8
2025-10-13,19,87.5
2025-10-14,19,84.3
2025-10-15,19,112.4
2025-10-16,19,44.6
2025-10-17,19,84.9
2025-10-18,19,59.7
2025-10-19,19,76.8
2025-10-20,19,76.5
2025-10-21,19,66.8
2025-10-22,19,82.2
2025-10-23,19,93.9
2025-10-24,19,78.4
2025-10-25,19,119.4
2025-10-26,19,71.3
2025-10-27,19,69.7
2025-10-28,19,77.1
2025-10-29,19,103.7
2025-10-30,19,93.1
2025-10-31,19,73.2
2025-11-01,19,115.9
2025-11-02,19,102.5
2025-11-03,19,100.7
2025-11-04,19,82.8
2025-11-05,19,99.0
2025-11-06,19,93.5
2025-11-07,19,102.5
2025-11-08,19,91.9
2025-11-09,19,64.9
2025-11-10,19,90.7
2025-11-11,19,97.2
2025-11-12,19,96.2
2025-11-13,19,120.3
2025-11-14,19,90.3
2025-11-15,19,140.4
2025-11-16,19,105.0
2025-11-17,19,71.6
2025-11-18,19,98.2
2025-11-19,19,88.5
2025-11-20,19,77.8
2025-11-21,19,91.1
2025-11-22,19,112.6
2025-11-23,19,87.2
2025-11-24,19,119.9
2025-11-25,19,97.6
2025-11-26,19,92.0
2025-11-27,19,97.8
2025-11-28,19,103.5
2025-11-29,19,128.2
2025-11-30,19,76.9
2025-12-01,19,115.0
2025-12-02,19,92.4
2025-12-03,19,70.0
2025-12-04,19,113.7
2025-12-05,19,102.2
2025-12-06,19,112.8
2025-12-07,19,81.4
2025-12-08,19,94.6
2025-12-09,19,100.7
2025-12-10,19,100.6
2025-12-11,19,115.0
2025-12-12,19,142.8
2025-12-13,19,84.3
2025-12-14,19,60.6
2025-12-15,19,90.5
2025-12-16,19,92.0
2025-12-17,19,92.3
2025-12-18,19,98.4
2025-12-19,19,162.8
2025-12-20,19,114.9
2025-12-21,19,84.6
2025-12-22,19,100.9
2025-12-23,19,83.1
2025-12-24,19,122.7
2025-12-25,19,104.8
2025-12-26,19,171.5
2025-12-27,19,124.6
2025-12-28,19,102.6
2025-12-29,19,78.8
2025-12-30,19,83.9
2024-01-01,20,50.9
2024-01-02,20,48.5
2024-01-03,20,74.8
2024-01-04,20,40.3
2024-01-05,20,73.2
2024-01-06,20,65.2
2024-01-07,20,61.7
2024-01-08,20,70.6
2024-01-09,20,48.3
2024-01-10,20,54.8
2024-01-11,20,70.6
2024-01-12,20,68.5
2024-01-13,20,53.5
2024-01-14,20,50.8
2024-01-15,20,81.7
2024-01-16,20,67.7
2024-01-17,20,66.5
2024-01-18,20,68.6
2024-01-19,20,75.9
2024-01-20,20,71.6
2024-01-21,20,47.1
2024-01-22,20,77.4
2024-01-23,20,51.1
2024-01-24,20,60.8
2024-01-25,20,43.5
2024-01-26,20,83.5
2024-01-27,20,73.9
2024-01-28,20,55.5
2024-01-29,20,48.3
2024-01-30,20,69.9
2024-01-31,20,46.0
2024-02-01,20,81.8
2024-02-02,20,51.3
2024-02-03,20,66.0
2024-02-04,20,70.9
2024-02-05,20,69.5
2024-02-06,20,81.4
2024-02-07,20,62.7
2024-02-08,20,75.2
2024-02-09,20,82.3
2024-02-10,20,76.4
2024-02-11,20,69.5
2024-02-12,20,50.2
2024-02-13,20,68.9
2024-02-14,20,69.4
2024-02-15,20,67.8
2024-02-16,20,65.1
2024-02-17,20,67.4
2024-02-18,20,65.2
2024-02-19,20,59.1
2024-02-20,20,86.4
2024-02-21,20,72.9
2024-02-22,20,45.1
2024-02-23,20,97.9
2024-02-24,20,98.7
2024-02-25,20,54.4
2024-02-26,20,92.9
2024-02-27,20,58.9
2024-02-28,20,70.2
2024-02-29,20,79.2
2024-03-01,20,87.4
2024-03-02,20,100.8
2024-03-03,20,69.5
2024-03-04,20,73.6
2024-03-05,20,51.5
2024-03-06,20,64.2
2024-03-07,20,47.9
2024-03-08,20,62.8
2024-03-09,20,74.3
2024-03-10,20,65.5
2024-03-11,20,54.1
2024-03-12,20,58.3
2024-03-13,20,82.0
2024-03-14,20,77.7
2024-03-15,20,100.2
2024-03-16,20,59.4
2024-03-17,20,60.4
2024-03-18,20,63.9
2024-03-19,20,78.9
2024-03-20,20,46.2
2024-03-21,20,74.0
2024-03-22,20,104.4
2024-03-23,20,64.8
2024-03-24,20,70.1
2024-03-25,20,88.6
2024-03-26,20,74.9
2024-03-27,20,82.0
2024-03-28,20,50.5
2024-03-29,20,64.2
2024-03-30,20,70.7
2024-03-31,20,74.5
2024-04-01,20,58.6
2024-04-02,20,72.4
2024-04-03,20,69.4
2024-04-04,20,49.5
2024-04-05,20,76.7
2024-04-06,20,74.2
2024-04-07,20,85.7
2024-04-08,20,60.7
2024-04-09,20,69.0
2024-04-10,20,77.1
2024-04-11,20,67.0
2024-04-12,20,75.4
2024-04-13,20,77.8
2024-04-14,20,83.4
2024-04-15,20,74.2
2024-04-16,20,56.4
2024-04-17,20,83.3
2024-04-18,20,77.0
2024-04-19,20,92.8
2024-04-20,20,65.1
2024-04-21,20,81.6
2024-04-22,20,64.8
2024-04-23,20,55.3
2024-04-24,20,60.9
2024-04-25,20,61.9
2024-04-26,20,88.6
2024-04-27,20,97.8
2024-04-28,20,79.8
2024-04-29,20,73.8
2024-04-30,20,53.7
2024-05-01,20,71.1
2024-05-02,20,54.9
2024-05-03,20,111.5
2024-05-04,20,83.2
2024-05-05,20,82.4
2024-05-06,20,60.0
2024-05-07,20,55.8
2024-05-08,20,88.6
2024-05-09,20,67.4
2024-05-10,20,103.7
2024-05-11,20,93.9
2024-05-12,20,64.1
2024-05-13,20,88.0
2024-05-14,20,63.1
2024-05-15,20,54.2
2024-05-16,20,70.6
2024-05-17,20,60.5
2024-05-18,20,100.0
2024-05-19,20,78.6
2024-05-20,20,47.2
2024-05-21,20,59.1
2024-05-22,20,71.0
2024-05-23,20,76.3
2024-05-24,20,69.7
2024-05-25,20,69.1
2024-05-26,20,69.8
2024-05-27,20,69.2
2024-05-28,20,46.3
2024-05-29,20,69.5
2024-05-30,20,92.9
2024-05-31,20,68.3
2024-06-01,20,57.6
2024-06-02,20,60.0
2024-06-03,20,45.9
2024-06-04,20,56.6
2024-06-05,20,82.5
2024-06-06,20,52.2
2024-06-07,20,50.6
2024-06-08,20,71.6
2024-06-09,20,51.5
2024-06-10,20,69.4
2024-06-11,20,87.5
2024-06-12,20,58.5
2024-06-13,20,66.5
2024-06-14,20,78.8
2024-06-15,20,77.6
2024-06-16,20,45.5
2024-06-17,20,60.9
2024-06-18,20,67.0
2024-06-19,20,91.7
2024-06-20,20,50.5
2024-06-21,20,90.3
2024-06-22,20,74.4
2024-06-23,20,41.0
2024-06-24,20,59.5
2024-06-25,20,40.2
2024-06-26,20,65.0
2024-06-27,20,63.4
2024-06-28,20,80.4
2024-06-29,20,82.1
2024-06-30,20,84.6
2024-07-01,20,64.4
2024-07-02,20,81.7
2024-07-03,20,59.2
2024-07-04,20,47.4
2024-07-05,20,91.7
2024-07-06,20,63.2
2024-07-07,20,77.1
2024-07-08,20,71.9
2024-07-09,20,66.8
2024-07-10,20,70.2
2024-07-11,20,80.4
2024-07-12,20,76.3
2024-07-13,20,89.6
2024-07-14,20,40.2
2024-07-15,20,56.5
2024-07-16,20,80.7
2024-07-17,20,70.8
2024-07-18,20,68.4
2024-07-19,20,75.1
2024-07-20,20,87.7
2024-07-21,20,69.7
2024-07-22,20,71.9
2024-07-23,20,65.8
2024-07-24,20,80.7
2024-07-25,20,62.6
2024-07-26,20,66.1
2024-07-27,20,85.8
2024-07-28,20,51.9
2024-07-29,20,58.6
2024-07-30,20,66.6
2024-07-31,20,57.3
2024-08-01,20,49.4
2024-08-02,20,57.6
2024-08-03,20,75.7
2024-08-04,20,62.8
2024-08-05,20,53.4
2024-08-06,20,69.2
2024-08-07,20,69.2
2024-08-08,20,53.1
2024-08-09,20,78.5
2024-08-10,20,78.1
2024-08-11,20,56.9
2024-08-12,20,47.1
2024-08-13,20,59.7
2024-08-14,20,70.7
2024-08-15,20,61.2
2024-08-16,20,90.4
2024-08-17,20,69.5
2024-08-18,20,44.0
2024-08-19,20,50.8
2024-08-20,20,72.0
2024-08-21,20,66.3
2024-08-22,20,57.9
2024-08-23,20,73.4
2024-08-24,20,64.1
2024-08-25,20,76.5
2024-08-26,20,52.2
2024-08-27,20,38.2
2024-08-28,20,57.2
2024-08-29,20,56.7
2024-08-30,20,52.6
2024-08-31,20,97.9
2024-09-01,20,64.1
2024-09-02,20,55.5
2024-09-03,20,41.2
2024-09-04,20,70.2
2024-09-05,20,51.3
2024-09-06,20,60.5
2024-09-07,20,56.6
2024-09-08,20,57.2
2024-09-09,20,67.7
2024-09-10,20,54.2
2024-09-11,20,83.4
2024-09-12,20,72.6
2024-09-13,20,84.3
2024-09-14,20,79.1
2024-09-15,20,63.2
2024-09-16,20,61.8
2024-09-17,20,60.7
2024-09-18,20,66.4
2024-09-19,20,73.1
2024-09-20,20,97.1
2024-09-21,20,40.2
2024-09-22,20,67.8
2024-09-23,20,63.5
2024-09-24,20,50.0
2024-09-25,20,55.3
2024-09-26,20,58.3
2024-09-27,20,69.1
2024-09-28,20,56.9
2024-09-29,20,48.2
2024-09-30,20,67.2
2024-10-01,20,61.0
2024-10-02,20,69.6
2024-10-03,20,75.9
2024-10-04,20,73.7
2024-10-05,20,75.2
2024-10-06,20,63.3
2024-10-07,20,54.1
2024-10-08,20,52.5
2024-10-09,20,73.2
2024-10-10,20,62.5
2024-10-11,20,75.7
2024-10-12,20,82.2
2024-10-13,20,57.0
2024-10-14,20,36.2
2024-10-15,20,67.5
2024-10-16,20,58.5
2024-10-17,20,56.6
2024-10-18,20,72.6
2024-10-19,20,77.8
2024-10-20,20,69.3
2024-10-21,20,82.1
2024-10-22,20,34.7
2024-10-23,20,75.1
2024-10-24,20,95.4
2024-10-25,20,85.4
2024-10-26,20,60.8
2024-10-27,20,55.0
2024-10-28,20,48.9
2024-10-29,20,51.3
2024-10-30,20,87.4
2024-10-31,20,56.9
2024-11-01,20,60.5
2024-11-02,20,67.6
2024-11-03,20,65.0
2024-11-04,20,58.4
2024-11-05,20,71.8
2024-11-06,20,62.2
2024-11-07,20,72.2
2024-11-08,20,75.1
2024-11-09,20,68.9
2024-11-10,20,53.1
2024-11-11,20,77.6
2024-11-12,20,69.8
2024-11-13,20,72.4
2024-11-14,20,49.6
2024-11-15,20,50.5
2024-11-16,20,94.3
2024-11-17,20,52.9
2024-11-18,20,61.0
2024-11-19,20,63.8
2024-11-20,20,58.4
2024-11-21,20,100.9
2024-11-22,20,68.8
2024-11-23,20,60.2
2024-11-24,20,66.3
2024-11-25,20,64.0
2024-11-26,20,67.0
2024-11-27,20,70.8
2024-11-28,20,47.5
2024-11-29,20,78.2
2024-11-30,20,97.2
2024-12-01,20,90.6
2024-12-02,20,54.0
2024-12-03,20,60.7
2024-12-04,20,57.6
2024-12-05,20,70.3
2024-12-06,20,112.5
2024-12-07,20,51.6
2024-12-08,20,68.9
2024-12-09,20,85.4
2024-12-10,20,64.8
2024-12-11,20,70.3
2024-12-12,20,75.2
2024-12-13,20,49.5
2024-12-14,20,84.5
2024-12-15,20,56.7
2024-12-16,20,58.4
2024-12-17,20,51.1
2024-12-18,20,70.7
2024-12-19,20,85.8
2024-12-20,20,80.9
2024-12-21,20,87.8
2024-12-22,20,73.4
2024-12-23,20,55.3
2024-12-24,20,50.8
2024-12-25,20,76.8
2024-12-26,20,52.6
2024-12-27,20,80.9
2024-12-28,20,60.2
2024-12-29,20,65.2
2024-12-30,20,60.8
2024-12-31,20,72.3
2025-01-01,20,55.1
2025-01-02,20,77.3
2025-01-03,20,74.1
2025-01-04,20,88.7
2025-01-05,20,75.1
2025-01-06,20,82.8
2025-01-07,20,86.5
2025-01-08,20,42.5
2025-01-09,20,77.1
2025-01-10,20,67.0
2025-01-11,20,96.9
2025-01-12,20,58.6
2025-01-13,20,67.5
2025-01-14,20,85.8
2025-01-15,20,81.8
2025-01-16,20,84.5
2025-01-17,20,54.5
2025-01-18,20,94.5
2025-01-19,20,68.2
2025-01-20,20,80.6
2025-01-21,20,61.1
2025-01-22,20,77.0
2025-01-23,20,79.7
2025-01-24,20,85.3
2025-01-25,20,80.4
2025-01-26,20,74.4
2025-01-27,20,85.8
2025-01-28,20,51.5
2025-01-29,20,78.7
2025-01-30,20,62.9
2025-01-31,20,85.6
2025-02-01,20,89.9
2025-02-02,20,45.2
2025-02-03,20,74.3
2025-02-04,20,83.6
2025-02-05,20,88.3
2025-02-06,20,51.6
2025-02-07,20,89.4
2025-02-08,20,99.7
2025-02-09,20,86.4
2025-02-10,20,64.1
2025-02-11,20,78.6
2025-02-12,20,89.9
2025-02-13,20,78.6
2025-02-14,20,81.6
2025-02-15,20,111.9
2025-02-16,20,82.2
2025-02-17,20,72.0
2025-02-18,20,77.7
2025-02-19,20,72.4
2025-02-20,20,83.6
2025-02-21,20,67.8
2025-02-22,20,58.7
2025-02-23,20,66.4
2025-02-24,20,62.5
2025-02-25,20,65.1
2025-02-26,20,72.6
2025-02-27,20,81.6
2025-02-28,20,89.7
2025-03-01,20,99.0
2025-03-02,20,85.0
2025-03-03,20,66.0
2025-03-04,20,73.9
2025-03-05,20,66.3
2025-03-06,20,67.3
2025-03-07,20,92.7
2025-03-08,20,66.9
2025-03-09,20,117.0
2025-03-10,20,100.2
2025-03-11,20,71.0
2025-03-12,20,66.9
2025-03-13,20,89.6
2025-03-14,20,73.1
2025-03-15,20,82.6
2025-03-16,20,60.9
2025-03-17,20,96.3
2025-03-18,20,85.8
2025-03-19,20,60.5
2025-03-20,20,78.1
2025-03-21,20,98.2
2025-03-22,20,87.1
2025-03-23,20,75.9
2025-03-24,20,91.7
2025-03-25,20,81.8
2025-03-26,20,79.8
2025-03-27,20,97.2
2025-03-28,20,69.9
2025-03-29,20,67.7
2025-03-30,20,111.0
2025-03-31,20,62.5
2025-04-01,20,63.1
2025-04-02,20,102.0
2025-04-03,20,73.5
2025-04-04,20,95.1
2025-04-05,20,86.6
2025-04-06,20,79.6
2025-04-07,20,80.5
2025-04-08,20,80.9
2025-04-09,20,65.0
2025-04-10,20,95.0
2025-04-11,20,65.6
2025-04-12,20,95.1
2025-04-13,20,73.2
2025-04-14,20,115.6
2025-04-15,20,88.9
2025-04-16,20,83.0
2025-04-17,20,89.8
2025-04-18,20,99.5
2025-04-19,20,86.4
2025-04-20,20,96.7
2025-04-21,20,67.9
2025-04-22,20,50.4
2025-04-23,20,92.2
2025-04-24,20,88.9
2025-04-25,20,94.7
2025-04-26,20,68.2
2025-04-27,20,67.1
2025-04-28,20,86.2
2025-04-29,20,90.5
2025-04-30,20,72.6
2025-05-01,20,88.0
2025-05-02,20,101.4
2025-05-03,20,102.8
2025-05-04,20,74.6
2025-05-05,20,93.4
2025-05-06,20,86.4
2025-05-07,20,71.1
2025-05-08,20,86.9
2025-05-09,20,111.4
2025-05-10,20,80.2
2025-05-11,20,84.5
2025-05-12,20,100.3
2025-05-13,20,82.0
2025-05-14,20,101.6
2025-05-15,20,78.3
2025-05-16,20,116.1
2025-05-17,20,99.2
2025-05-18,20,76.6
2025-05-19,20,85.6
2025-05-20,20,65.9
2025-05-21,20,78.0
2025-05-22,20,65.7
2025-05-23,20,123.8
2025-05-24,20,71.4
2025-05-25,20,89.8
2025-05-26,20,83.1
2025-05-27,20,63.0
2025-05-28,20,86.0
2025-05-29,20,69.9
2025-05-30,20,72.6
2025-05-31,20,73.6
2025-06-01,20,62.2
2025-06-02,20,87.8
2025-06-03,20,63.4
2025-06-04,20,102.7
2025-06-05,20,99.4
2025-06-06,20,76.8
2025-06-07,20,65.6
2025-06-08,20,75.3
2025-06-09,20,53.8
2025-06-10,20,107.2
2025-06-11,20,64.3
2025-06-12,20,96.9
2025-06-13,20,66.9
2025-06-14,20,94.5
2025-06-15,20,76.7
2025-06-16,20,55.4
2025-06-17,20,79.7
2025-06-18,20,105.8
2025-06-19,20,74.3
2025-06-20,20,74.7
2025-06-21,20,66.4
2025-06-22,20,72.9
2025-06-23,20,88.6
2025-06-24,20,70.3
2025-06-25,20,65.7
2025-06-26,20,112.8
2025-06-27,20,94.3
2025-06-28,20,109.2
2025-06-29,20,45.1
2025-06-30,20,83.9
2025-07-01,20,62.7
2025-07-02,20,80.8
2025-07-03,20,74.2
2025-07-04,20,84.5
2025-07-05,20,74.0
2025-07-06,20,84.0
2025-07-07,20,94.9
2025-07-08,20,70.2
2025-07-09,20,70.0
2025-07-10,20,95.2
2025-07-11,20,94.4
2025-07-12,20,112.6
2025-07-13,20,73.3
2025-07-14,20,54.8
2025-07-15,20,86.6
2025-07-16,20,76.4
2025-07-17,20,70.2
2025-07-18,20,72.2
2025-07-19,20,46.3
2025-07-20,20,87.3
2025-07-21,20,101.0
2025-07-22,20,75.7
2025-07-23,20,82.0
2025-07-24,20,71.3
2025-07-25,20,86.5
2025-07-26,20,88.7
2025-07-27,20,80.1
2025-07-28,20,79.3
2025-07-29,20,74.7
2025-07-30,20,33.1
2025-07-31,20,62.4
2025-08-01,20,70.0
2025-08-02,20,100.8
2025-08-03,20,77.7
2025-08-04,20,83.4
2025-08-05,20,88.3
2025-08-06,20,64.3
2025-08-07,20,59.1
2025-08-08,20,92.9
2025-08-09,20,75.2
2025-08-10,20,66.4
2025-08-11,20,65.7
2025-08-12,20,75.4
2025-08-13,20,62.1
2025-08-14,20,62.6
2025-08-15,20,79.7
2025-08-16,20,83.0
2025-08-17,20,46.0
2025-08-18,20,89.4
2025-08-19,20,48.9
2025-08-20,20,84.5
2025-08-21,20,85.0
2025-08-22,20,74.1
2025-08-23,20,85.3
2025-08-24,20,91.2
2025-08-25,20,70.9
2025-08-26,20,70.9
2025-08-27,20,60.4
2025-08-28,20,60.7
2025-08-29,20,100.4
2025-08-30,20,69.2
2025-08-31,20,73.2
2025-09-01,20,57.3
2025-09-02,20,58.2
2025-09-03,20,66.2
2025-09-04,20,60.6
2025-09-05,20,79.2
2025-09-06,20,74.7
2025-09-07,20,49.7
2025-09-08,20,59.9
2025-09-09,20,54.0
2025-09-10,20,91.9
2025-09-11,20,72.5
2025-09-12,20,53.3
2025-09-13,20,72.6
2025-09-14,20,58.4
2025-09-15,20,75.4
2025-09-16,20,70.5
2025-09-17,20,44.8
2025-09-18,20,50.6
2025-09-19,20,77.0
2025-09-20,20,52.2
2025-09-21,20,49.5
2025-09-22,20,50.8
2025-09-23,20,73.3
2025-09-24,20,64.1
2025-09-25,20,72.2
2025-09-26,20,69.1
2025-09-27,20,75.3
2025-09-28,20,95.0
2025-09-29,20,75.4
2025-09-30,20,82.6
2025-10-01,20,56.0
2025-10-02,20,64.9
2025-10-03,20,65.4
2025-10-04,20,70.3
2025-10-05,20,57.7
2025-10-06,20,84.0
2025-10-07,20,75.9
2025-10-08,20,76.8
2025-10-09,20,78.4
2025-10-10,20,90.2
2025-10-11,20,51.4
2025-10-12,20,71.6
2025-10-13,20,58.1
2025-10-14,20,74.6
2025-10-15,20,80.3
2025-10-16,20,80.7
2025-10-17,20,101.7
2025-10-18,20,68.2
2025-10-19,20,82.8
2025-10-20,20,40.3
2025-10-21,20,47.4
2025-10-22,20,68.9
2025-10-23,20,72.9
2025-10-24,20,63.7
2025-10-25,20,77.8
2025-10-26,20,92.0
2025-10-27,20,73.9
2025-10-28,20,57.6
2025-10-29,20,66.0
2025-10-30,20,76.2
2025-10-31,20,60.1
2025-11-01,20,89.4
2025-11-02,20,47.9
2025-11-03,20,54.3
2025-11-04,20,74.9
2025-11-05,20,83.9
2025-11-06,20,74.1
2025-11-07,20,92.7
2025-11-08,20,94.1
2025-11-09,20,68.0
2025-11-10,20,63.9
2025-11-11,20,96.0
2025-11-12,20,58.1
2025-11-13,20,71.9
2025-11-14,20,74.1
2025-11-15,20,77.4
2025-11-16,20,74.8
2025-11-17,20,71.5
2025-11-18,20,74.2
2025-11-19,20,80.2
2025-11-20,20,48.6
2025-11-21,20,76.8
2025-11-22,20,118.2
2025-11-23,20,74.5
2025-11-24,20,50.3
2025-11-25,20,84.2
2025-11-26,20,85.2
2025-11-27,20,70.4
2025-11-28,20,72.0
2025-11-29,20,92.6
2025-11-30,20,83.3
2025-12-01,20,81.4
2025-12-02,20,69.3
2025-12-03,20,48.0
2025-12-04,20,61.3
2025-12-05,20,92.0
2025-12-06,20,74.8
2025-12-07,20,82.4
2025-12-08,20,75.6
2025-12-09,20,73.6
2025-12-10,20,53.7
2025-12-11,20,89.3
2025-12-12,20,67.2
2025-12-13,20,65.1
2025-12-14,20,95.0
2025-12-15,20,65.4
2025-12-16,20,96.1
2025-12-17,20,83.4
2025-12-18,20,76.0
2025-12-19,20,80.2
2025-12-20,20,78.6
2025-12-21,20,77.5
2025-12-22,20,76.3
2025-12-23,20,72.1
2025-12-24,20,75.6
2025-12-25,20,96.8
2025-12-26,20,94.2
2025-12-27,20,79.1
2025-12-28,20,80.8
2025-12-29,20,100.8
2025-12-30,20,89.5
2024-01-01,21,47.8
2024-01-02,21,84.4
2024-01-03,21,90.6
2024-01-04,21,73.5
2024-01-05,21,70.1
2024-01-06,21,95.0
2024-01-07,21,90.8
2024-01-08,21,68.9
2024-01-09,21,76.5
2024-01-10,21,47.1
2024-01-11,21,57.6
2024-01-12,21,71.3
2024-01-13,21,95.3
2024-01-14,21,92.9
2024-01-15,21,75.5
2024-01-16,21,66.7
2024-01-17,21,93.5
2024-01-18,21,66.9
2024-01-19,21,83.4
2024-01-20,21,72.6
2024-01-21,21,57.0
2024-01-22,21,104.0
2024-01-23,21,60.3
2024-01-24,21,86.3
2024-01-25,21,72.1
2024-01-26,21,65.0
2024-01-27,21,92.8
2024-01-28,21,81.9
2024-01-29,21,62.8
2024-01-30,21,77.4
2024-01-31,21,78.7
2024-02-01,21,72.5
2024-02-02,21,82.1
2024-02-03,21,124.2
2024-02-04,21,85.2
2024-02-05,21,89.3
2024-02-06,21,82.1
2024-02-07,21,74.3
2024-02-08,21,82.7
2024-02-09,21,87.7
2024-02-10,21,75.8
2024-02-11,21,60.5
2024-02-12,21,102.9
2024-02-13,21,72.1
2024-02-14,21,105.2
2024-02-15,21,81.8
2024-02-16,21,92.3
2024-02-17,21,107.8
2024-02-18,21,69.3
2024-02-19,21,79.1
2024-02-20,21,84.6
2024-02-21,21,88.8
2024-02-22,21,99.2
2024-02-23,21,117.0
2024-02-24,21,96.7
2024-02-25,21,54.6
2024-02-26,21,96.0
2024-02-27,21,85.2
2024-02-28,21,83.7
2024-02-29,21,93.2
2024-03-01,21,105.9
2024-03-02,21,97.9
2024-03-03,21,85.7
2024-03-04,21,74.9
2024-03-05,21,71.7
2024-03-06,21,69.5
2024-03-07,21,94.1
2024-03-08,21,89.4
2024-03-09,21,85.9
2024-03-10,21,68.1
2024-03-11,21,110.8
2024-03-12,21,72.4
2024-03-13,21,81.1
2024-03-14,21,64.8
2024-03-15,21,95.9
2024-03-16,21,97.6
2024-03-17,21,70.1
2024-03-18,21,82.3
2024-03-19,21,115.9
2024-03-20,21,58.0
2024-03-21,21,97.4
2024-03-22,21,62.0
2024-03-23,21,115.9
2024-03-24,21,103.5
2024-03-25,21,71.8
2024-03-26,21,76.8
2024-03-27,21,68.0
2024-03-28,21,90.2
2024-03-29,21,75.3
2024-03-30,21,105.0
2024-03-31,21,101.6
2024-04-01,21,78.4
2024-04-02,21,59.6
2024-04-03,21,50.0
2024-04-04,21,80.2
2024-04-05,21,90.0
2024-04-06,21,87.7
2024-04-07,21,83.9
2024-04-08,21,94.3
2024-04-09,21,67.3
2024-04-10,21,79.9
2024-04-11,21,71.0
2024-04-12,21,91.7
2024-04-13,21,55.7
2024-04-14,21,53.6
2024-04-15,21,78.2
2024-04-16,21,74.2
2024-04-17,21,64.3
2024-04-18,21,80.1
2024-04-19,21,108.3
2024-04-20,21,76.7
2024-04-21,21,87.7
2024-04-22,21,83.3
2024-04-23,21,95.2
2024-04-24,21,104.7
2024-04-25,21,56.4
2024-04-26,21,69.0
2024-04-27,21,90.0
2024-04-28,21,63.5
2024-04-29,21,77.1
2024-04-30,21,91.5
2024-05-01,21,72.8
2024-05-02,21,59.9
2024-05-03,21,77.0
2024-05-04,21,114.7
2024-05-05,21,118.3
2024-05-06,21,74.4
2024-05-07,21,88.8
2024-05-08,21,50.5
2024-05-09,21,84.7
2024-05-10,21,90.3
2024-05-11,21,112.6
2024-05-12,21,74.5
2024-05-13,21,61.9
2024-05-14,21,71.5
2024-05-15,21,99.3
2024-05-16,21,61.6
2024-05-17,21,110.5
2024-05-18,21,52.6
2024-05-19,21,85.2
2024-05-20,21,81.0
2024-05-21,21,53.0
2024-05-22,21,58.4
2024-05-23,21,100.4
2024-05-24,21,94.6
2024-05-25,21,83.4
2024-05-26,21,93.7
2024-05-27,21,74.1
2024-05-28,21,76.3
2024-05-29,21,80.8
2024-05-30,21,86.3
2024-05-31,21,78.7
2024-06-01,21,81.1
2024-06-02,21,69.9
2024-06-03,21,67.0
2024-06-04,21,64.0
2024-06-05,21,78.9
2024-06-06,21,97.6
2024-06-07,21,75.4
2024-06-08,21,65.5
2024-06-09,21,96.6
2024-06-10,21,91.6
2024-06-11,21,95.5
2024-06-12,21,95.8
2024-06-13,21,110.9
2024-06-14,21,76.5
2024-06-15,21,91.6
2024-06-16,21,71.4
2024-06-17,21,74.4
2024-06-18,21,70.3
2024-06-19,21,63.7
2024-06-20,21,75.2
2024-06-21,21,63.1
2024-06-22,21,96.0
2024-06-23,21,78.8
2024-06-24,21,87.1
2024-06-25,21,81.6
2024-06-26,21,67.6
2024-06-27,21,77.1
2024-06-28,21,71.6
2024-06-29,21,85.8
2024-06-30,21,59.5
2024-07-01,21,53.3
2024-07-02,21,70.0
2024-07-03,21,61.4
2024-07-04,21,60.2
2024-07-05,21,99.7
2024-07-06,21,108.7
2024-07-07,21,76.4
2024-07-08,21,52.9
2024-07-09,21,53.8
2024-07-10,21,82.8
2024-07-11,21,90.1
2024-07-12,21,70.1
2024-07-13,21,98.2
2024-07-14,21,83.2
2024-07-15,21,70.6
2024-07-16,21,56.3
2024-07-17,21,61.1
2024-07-18,21,72.2
2024-07-19,21,94.4
2024-07-20,21,90.3
2024-07-21,21,67.8
2024-07-22,21,76.2
2024-07-23,21,76.6
2024-07-24,21,70.4
2024-07-25,21,56.8
2024-07-26,21,75.4
2024-07-27,21,88.5
2024-07-28,21,57.5
2024-07-29,21,79.8
2024-07-30,21,73.8
2024-07-31,21,56.7
2024-08-01,21,71.3
2024-08-02,21,40.9
2024-08-03,21,92.4
2024-08-04,21,89.7
2024-08-05,21,67.7
2024-08-06,21,60.0
2024-08-07,21,65.1
2024-08-08,21,76.4
2024-08-09,21,73.0
2024-08-10,21,67.6
2024-08-11,21,60.5
2024-08-12,21,45.8
2024-08-13,21,59.0
2024-08-14,21,56.2
2024-08-15,21,78.3
2024-08-16,21,74.9
2024-08-17,21,68.1
2024-08-18,21,70.2
2024-08-19,21,72.9
2024-08-20,21,77.7
2024-08-21,21,65.1
2024-08-22,21,78.2
2024-08-23,21,61.5
2024-08-24,21,58.5
2024-08-25,21,45.1
2024-08-26,21,65.7
2024-08-27,21,64.8
2024-08-28,21,68.4
2024-08-29,21,66.5
2024-08-30,21,71.6
2024-08-31,21,72.4
2024-09-01,21,49.2
2024-09-02,21,43.4
2024-09-03,21,79.2
2024-09-04,21,73.5
2024-09-05,21,67.6
2024-09-06,21,81.0
2024-09-07,21,63.4
2024-09-08,21,80.1
2024-09-09,21,68.2
2024-09-10,21,67.0
2024-09-11,21,83.7
2024-09-12,21,79.6
2024-09-13,21,61.4
2024-09-14,21,69.6
2024-09-15,21,82.4
2024-09-16,21,68.5
2024-09-17,21,60.3
2024-09-18,21,47.0
2024-09-19,21,70.6
2024-09-20,21,72.4
2024-09-21,21,66.0
2024-09-22,21,54.7
2024-09-23,21,67.3
2024-09-24,21,73.9
2024-09-25,21,56.1
2024-09-26,21,92.5
2024-09-27,21,67.6
2024-09-28,21,73.4
2024-09-29,21,61.4
2024-09-30,21,44.5
2024-10-01,21,63.0
2024-10-02,21,68.7
2024-10-03,21,72.2
2024-10-04,21,65.6
2024-10-05,21,85.0
2024-10-06,21,61.1
2024-10-07,21,52.1
2024-10-08,21,89.1
2024-10-09,21,56.3
2024-10-10,21,66.5
2024-10-11,21,67.7
2024-10-12,21,86.1
2024-10-13,21,76.4
2024-10-14,21,56.3
2024-10-15,21,60.6
2024-10-16,21,59.9
2024-10-17,21,72.3
2024-10-18,21,79.0
2024-10-19,21,91.3
2024-10-20,21,83.2
2024-10-21,21,60.6
2024-10-22,21,70.5
2024-10-23,21,79.4
2024-10-24,21,69.9
2024-10-25,21,66.5
2024-10-26,21,89.6
2024-10-27,21,80.9
2024-10-28,21,80.0
2024-10-29,21,70.3
2024-10-30,21,63.0
2024-10-31,21,55.2
2024-11-01,21,53.8
2024-11-02,21,88.3
2024-11-03,21,68.6
2024-11-04,21,58.8
2024-11-05,21,80.7
2024-11-06,21,52.5
2024-11-07,21,95.5
2024-11-08,21,88.1
2024-11-09,21,50.0
2024-11-10,21,53.8
2024-11-11,21,54.8
2024-11-12,21,54.3
2024-11-13,21,65.0
2024-11-14,21,59.9
2024-11-15,21,95.5
2024-11-16,21,80.2
2024-11-17,21,76.7
2024-11-18,21,54.4
2024-11-19,21,64.8
2024-11-20,21,87.6
2024-11-21,21,62.9
2024-11-22,21,97.2
2024-11-23,21,77.3
2024-11-24,21,78.1
2024-11-25,21,67.1
2024-11-26,21,70.1
2024-11-27,21,72.1
2024-11-28,21,53.9
2024-11-29,21,76.9
2024-11-30,21,95.2
2024-12-01,21,105.4
2024-12-02,21,66.6
2024-12-03,21,81.6
2024-12-04,21,89.4
2024-12-05,21,75.0
2024-12-06,21,82.0
2024-12-07,21,70.7
2024-12-08,21,75.6
2024-12-09,21,65.1
2024-12-10,21,79.7
2024-12-11,21,82.6
2024-12-12,21,86.0
2024-12-13,21,101.4
2024-12-14,21,90.1
2024-12-15,21,84.2
2024-12-16,21,55.7
2024-12-17,21,89.9
2024-12-18,21,56.4
2024-12-19,21,74.8
2024-12-20,21,87.6
2024-12-21,21,90.6
2024-12-22,21,95.0
2024-12-23,21,102.5
2024-12-24,21,87.6
2024-12-25,21,80.1
2024-12-26,21,75.0
2024-12-27,21,98.7
2024-12-28,21,105.5
2024-12-29,21,58.0
2024-12-30,21,60.2
2024-12-31,21,77.9
2025-01-01,21,97.1
2025-01-02,21,89.6
2025-01-03,21,103.5
2025-01-04,21,89.2
2025-01-05,21,76.2
2025-01-06,21,83.5
2025-01-07,21,94.2
2025-01-08,21,87.4
2025-01-09,21,105.5
2025-01-10,21,101.2
2025-01-11,21,102.0
2025-01-12,21,81.5
2025-01-13,21,100.4
2025-01-14,21,102.1
2025-01-15,21,90.1
2025-01-16,21,86.2
2025-01-17,21,51.0
2025-01-18,21,91.6
2025-01-19,21,83.4
2025-01-20,21,72.0
2025-01-21,21,79.5
2025-01-22,21,101.2
2025-01-23,21,99.6
2025-01-24,21,107.5
2025-01-25,21,85.5
2025-01-26,21,81.0
2025-01-27,21,87.8
2025-01-28,21,84.2
2025-01-29,21,99.5
2025-01-30,21,89.1
2025-01-31,21,83.2
2025-02-01,21,91.5
2025-02-02,21,80.7
2025-02-03,21,89.2
2025-02-04,21,88.7
2025-02-05,21,84.4
2025-02-06,21,40.4
2025-02-07,21,81.2
2025-02-08,21,110.2
2025-02-09,21,110.1
2025-02-10,21,40.7
2025-02-11,21,81.3
2025-02-12,21,101.6
2025-02-13,21,97.8
2025-02-14,21,92.2
2025-02-15,21,110.8
2025-02-16,21,77.0
2025-02-17,21,87.4
2025-02-18,21,64.8
2025-02-19,21,74.3
2025-02-20,21,82.6
2025-02-21,21,115.9
2025-02-22,21,77.6
2025-02-23,21,71.7
2025-02-24,21,90.6
2025-02-25,21,100.8
2025-02-26,21,75.2
2025-02-27,21,95.2
2025-02-28,21,123.3
2025-03-01,21,93.6
2025-03-02,21,94.9
2025-03-03,21,119.5
2025-03-04,21,51.1
2025-03-05,21,77.3
2025-03-06,21,67.5
2025-03-07,21,109.5
2025-03-08,21,87.6
2025-03-09,21,78.0
2025-03-10,21,96.1
2025-03-11,21,97.3
2025-03-12,21,52.6
2025-03-13,21,105.8
2025-03-14,21,132.0
2025-03-15,21,122.9
2025-03-16,21,73.8
2025-03-17,21,81.3
2025-03-18,21,78.6
2025-03-19,21,63.2
2025-03-20,21,88.0
2025-03-21,21,54.1
2025-03-22,21,128.7
2025-03-23,21,68.1
2025-03-24,21,79.7
2025-03-25,21,104.3
2025-03-26,21,111.6
2025-03-27,21,122.2
2025-03-28,21,101.2
2025-03-29,21,81.2
2025-03-30,21,111.4
2025-03-31,21,84.5
2025-04-01,21,95.1
2025-04-02,21,121.5
2025-04-03,21,101.8
2025-04-04,21,141.2
2025-04-05,21,76.4
2025-04-06,21,123.8
2025-04-07,21,110.3
2025-04-08,21,114.0
2025-04-09,21,92.1
2025-04-10,21,65.3
2025-04-11,21,118.2
2025-04-12,21,103.8
2025-04-13,21,108.6
2025-04-14,21,58.6
2025-04-15,21,120.5
2025-04-16,21,81.7
2025-04-17,21,63.7
2025-04-18,21,93.4
2025-04-19,21,90.2
2025-04-20,21,96.6
2025-04-21,21,85.3
2025-04-22,21,96.8
2025-04-23,21,101.0
2025-04-24,21,103.4
2025-04-25,21,129.4
2025-04-26,21,110.8
2025-04-27,21,125.5
2025-04-28,21,70.9
2025-04-29,21,86.5
2025-04-30,21,101.0
2025-05-01,21,110.5
2025-05-02,21,96.0
2025-05-03,21,85.9
2025-05-04,21,72.6
2025-05-05,21,81.3
2025-05-06,21,80.3
2025-05-07,21,93.0
2025-05-08,21,89.4
2025-05-09,21,149.0
2025-05-10,21,99.7
2025-05-11,21,88.9
2025-05-12,21,74.8
2025-05-13,21,72.6
2025-05-14,21,85.2
2025-05-15,21,85.2
2025-05-16,21,88.8
2025-05-17,21,77.4
2025-05-18,21,121.5
2025-05-19,21,84.1
2025-05-20,21,80.8
2025-05-21,21,81.9
2025-05-22,21,80.2
2025-05-23,21,136.0
2025-05-24,21,124.2
2025-05-25,21,77.6
2025-05-26,21,105.7
2025-05-27,21,84.5
2025-05-28,21,78.1
2025-05-29,21,88.7
2025-05-30,21,80.7
2025-05-31,21,94.8
2025-06-01,21,72.8
2025-06-02,21,105.0
2025-06-03,21,66.0
2025-06-04,21,86.6
2025-06-05,21,111.6
2025-06-06,21,114.9
2025-06-07,21,79.8
2025-06-08,21,62.2
2025-06-09,21,97.2
2025-06-10,21,86.5
2025-06-11,21,75.3
2025-06-12,21,94.6
2025-06-13,21,106.0
2025-06-14,21,106.6
2025-06-15,21,78.3
2025-06-16,21,100.5
2025-06-17,21,101.8
2025-06-18,21,96.6
2025-06-19,21,105.3
2025-06-20,21,79.5
2025-06-21,21,86.4
2025-06-22,21,89.1
2025-06-23,21,91.8
2025-06-24,21,126.5
2025-06-25,21,109.3
2025-06-26,21,69.2
2025-06-27,21,106.6
2025-06-28,21,81.4
2025-06-29,21,61.5
2025-06-30,21,86.3
2025-07-01,21,74.2
2025-07-02,21,73.2
2025-07-03,21,64.9
2025-07-04,21,101.6
2025-07-05,21,65.6
2025-07-06,21,85.0
2025-07-07,21,75.2
2025-07-08,21,102.6
2025-07-09,21,86.7
2025-07-10,21,86.5
2025-07-11,21,83.6
2025-07-12,21,109.0
2025-07-13,21,65.7
2025-07-14,21,61.2
2025-07-15,21,69.6
2025-07-16,21,72.4
2025-07-17,21,60.8
2025-07-18,21,103.5
2025-07-19,21,97.3
2025-07-20,21,91.8
2025-07-21,21,90.9
2025-07-22,21,56.3
2025-07-23,21,51.4
2025-07-24,21,71.1
2025-07-25,21,87.4
2025-07-26,21,100.6
2025-07-27,21,94.7
2025-07-28,21,77.2
2025-07-29,21,73.6
2025-07-30,21,88.1
2025-07-31,21,103.1
2025-08-01,21,66.2
2025-08-02,21,94.4
2025-08-03,21,66.7
2025-08-04,21,62.1
2025-08-05,21,58.3
2025-08-06,21,74.2
2025-08-07,21,60.2
2025-08-08,21,127.7
2025-08-09,21,96.2
2025-08-10,21,73.2
2025-08-11,21,79.1
2025-08-12,21,64.5
2025-08-13,21,60.0
2025-08-14,21,58.8
2025-08-15,21,54.6
2025-08-16,21,92.3
2025-08-17,21,85.7
2025-08-18,21,56.9
2025-08-19,21,71.3
2025-08-20,21,88.3
2025-08-21,21,73.6
2025-08-22,21,81.5
2025-08-23,21,88.7
2025-08-24,21,80.9
2025-08-25,21,65.1
2025-08-26,21,77.4
2025-08-27,21,82.0
2025-08-28,21,55.7
2025-08-29,21,103.8
2025-08-30,21,97.3
2025-08-31,21,83.6
2025-09-01,21,57.8
2025-09-02,21,73.1
2025-09-03,21,42.7
2025-09-04,21,84.4
2025-09-05,21,88.9
2025-09-06,21,91.9
2025-09-07,21,65.3
2025-09-08,21,86.6
2025-09-09,21,95.8
2025-09-10,21,77.9
2025-09-11,21,79.3
2025-09-12,21,74.4
2025-09-13,21,108.0
2025-09-14,21,74.7
2025-09-15,21,72.4
2025-09-16,21,65.4
2025-09-17,21,29.7
2025-09-18,21,72.2
2025-09-19,21,86.7
2025-09-20,21,64.7
2025-09-21,21,76.5
2025-09-22,21,76.0
2025-09-23,21,80.3
2025-09-24,21,84.6
2025-09-25,21,86.5
2025-09-26,21,89.3
2025-09-27,21,69.1
2025-09-28,21,59.6
2025-09-29,21,79.1
2025-09-30,21,48.2
2025-10-01,21,90.1
2025-10-02,21,89.4
2025-10-03,21,78.1
2025-10-04,21,78.2
2025-10-05,21,74.1
2025-10-06,21,115.2
2025-10-07,21,87.6
2025-10-08,21,82.4
2025-10-09,21,72.5
2025-10-10,21,74.9
2025-10-11,21,102.6
2025-10-12,21,78.6
2025-10-13,21,72.6
2025-10-14,21,66.4
2025-10-15,21,78.6
2025-10-16,21,93.4
2025-10-17,21,64.0
2025-10-18,21,79.3
2025-10-19,21,57.3
2025-10-20,21,82.2
2025-10-21,21,66.9
2025-10-22,21,72.6
2025-10-23,21,81.8
2025-10-24,21,76.4
2025-10-25,21,99.3
2025-10-26,21,90.0
2025-10-27,21,83.9
2025-10-28,21,68.4
2025-10-29,21,101.6
2025-10-30,21,82.8
2025-10-31,21,85.3
2025-11-01,21,91.6
2025-11-02,21,61.3
2025-11-03,21,76.6
2025-11-04,21,61.6
2025-11-05,21,99.1
2025-11-06,21,63.3
2025-11-07,21,90.9
2025-11-08,21,105.2
2025-11-09,21,69.0
2025-11-10,21,65.6
2025-11-11,21,62.0
2025-11-12,21,71.0
2025-11-13,21,73.5
2025-11-14,21,77.5
2025-11-15,21,110.7
2025-11-16,21,75.7
2025-11-17,21,66.8
2025-11-18,21,75.9
2025-11-19,21,70.0
2025-11-20,21,81.5
2025-11-21,21,77.8
2025-11-22,21,97.4
2025-11-23,21,65.3
2025-11-24,21,71.3
2025-11-25,21,70.0
2025-11-26,21,73.0
2025-11-27,21,78.5
2025-11-28,21,87.0
2025-11-29,21,101.4
2025-11-30,21,86.7
2025-12-01,21,111.7
2025-12-02,21,69.3
2025-12-03,21,85.9
2025-12-04,21,76.5
2025-12-05,21,93.2
2025-12-06,21,95.6
2025-12-07,21,80.2
2025-12-08,21,55.4
2025-12-09,21,88.6
2025-12-10,21,50.6
2025-12-11,21,63.1
2025-12-12,21,91.7
2025-12-13,21,77.8
2025-12-14,21,104.2
2025-12-15,21,88.1
2025-12-16,21,71.6
2025-12-17,21,85.9
2025-12-18,21,87.1
2025-12-19,21,97.2
2025-12-20,21,98.8
2025-12-21,21,88.6
2025-12-22,21,86.9
2025-12-23,21,86.2
2025-12-24,21,77.6
2025-12-25,21,86.7
2025-12-26,21,101.1
2025-12-27,21,96.8
2025-12-28,21,89.3
2025-12-29,21,81.5
2025-12-30,21,107.3
2024-01-01,22,59.7
2024-01-02,22,61.4
2024-01-03,22,59.5
2024-01-04,22,66.3
2024-01-05,22,85.5
2024-01-06,22,83.3
2024-01-07,22,58.3
2024-01-08,22,100.5
2024-01-09,22,75.3
2024-01-10,22,78.8
2024-01-11,22,85.1
2024-01-12,22,69.5
2024-01-13,22,94.2
2024-01-14,22,100.5
2024-01-15,22,84.0
2024-01-16,22,84.9
2024-01-17,22,98.5
2024-01-18,22,74.7
2024-01-19,22,74.0
2024-01-20,22,72.0
2024-01-21,22,94.0
2024-01-22,22,86.2
2024-01-23,22,65.9
2024-01-24,22,67.1
2024-01-25,22,81.6
2024-01-26,22,104.3
2024-01-27,22,99.0
2024-01-28,22,72.4
2024-01-29,22,83.0
2024-01-30,22,84.4
2024-01-31,22,55.6
2024-02-01,22,80.5
2024-02-02,22,114.9
2024-02-03,22,75.2
2024-02-04,22,71.8
2024-02-05,22,99.9
2024-02-06,22,87.7
2024-02-07,22,104.8
2024-02-08,22,57.9
2024-02-09,22,90.2
2024-02-10,22,88.7
2024-02-11,22,103.8
2024-02-12,22,79.2
2024-02-13,22,104.4
2024-02-14,22,87.4
2024-02-15,22,72.9
2024-02-16,22,85.1
2024-02-17,22,72.9
2024-02-18,22,62.1
2024-02-19,22,79.2
2024-02-20,22,79.5
2024-02-21,22,76.4
2024-02-22,22,69.4
2024-02-23,22,79.0
2024-02-24,22,147.8
2024-02-25,22,77.2
2024-02-26,22,85.2
2024-02-27,22,94.2
2024-02-28,22,81.0
2024-02-29,22,79.5
2024-03-01,22,100.6
2024-03-02,22,80.0
2024-03-03,22,100.8
2024-03-04,22,63.6
2024-03-05,22,86.7
2024-03-06,22,102.0
2024-03-07,22,82.2
2024-03-08,22,100.3
2024-03-09,22,77.0
2024-03-10,22,72.9
2024-03-11,22,89.1
2024-03-12,22,94.3
2024-03-13,22,85.6
2024-03-14,22,93.8
2024-03-15,22,106.4
2024-03-16,22,102.4
2024-03-17,22,99.0
2024-03-18,22,75.5
2024-03-19,22,121.6
2024-03-20,22,50.0
2024-03-21,22,100.3
2024-03-22,22,80.4
2024-03-23,22,109.5
2024-03-24,22,79.6
2024-03-25,22,63.1
2024-03-26,22,107.1
2024-03-27,22,120.3
2024-03-28,22,75.2
2024-03-29,22,95.5
2024-03-30,22,92.9
2024-03-31,22,86.1
2024-04-01,22,100.9
2024-04-02,22,78.5
2024-04-03,22,95.1
2024-04-04,22,62.7
2024-04-05,22,103.5
2024-04-06,22,98.7
2024-04-07,22,93.6
2024-04-08,22,81.4
2024-04-09,22,76.6
2024-04-10,22,93.1
2024-04-11,22,99.4
2024-04-12,22,95.1
2024-04-13,22,124.1
2024-04-14,22,104.7
2024-04-15,22,94.9
2024-04-16,22,75.2
2024-04-17,22,89.3
2024-04-18,22,90.6
2024-04-19,22,106.9
2024-04-20,22,113.3
2024-04-21,22,108.2
2024-04-22,22,108.0
2024-04-23,22,100.2
2024-04-24,22,91.5
2024-04-25,22,88.7
2024-04-26,22,82.4
2024-04-27,22,73.8
2024-04-28,22,104.6
2024-04-29,22,79.4
2024-04-30,22,65.0
2024-05-01,22,76.5
2024-05-02,22,76.0
2024-05-03,22,91.3
2024-05-04,22,92.2
2024-05-05,22,106.6
2024-05-06,22,90.6
2024-05-07,22,67.6
2024-05-08,22,75.7
2024-05-09,22,101.5
2024-05-10,22,119.2
2024-05-11,22,90.8
2024-05-12,22,84.7
2024-05-13,22,79.2
2024-05-14,22,92.2
2024-05-15,22,79.4
2024-05-16,22,78.8
2024-05-17,22,69.9
2024-05-18,22,106.4
2024-05-19,22,81.0
2024-05-20,22,96.4
2024-05-21,22,71.8
2024-05-22,22,101.7
2024-05-23,22,83.3
2024-05-24,22,107.1
2024-05-25,22,101.3
2024-05-26,22,100.0
2024-05-27,22,96.5
2024-05-28,22,99.7
2024-05-29,22,88.2
2024-05-30,22,90.3
2024-05-31,22,105.3
2024-06-01,22,107.9
2024-06-02,22,99.4
2024-06-03,22,103.6
2024-06-04,22,74.3
2024-06-05,22,60.6
2024-06-06,22,83.9
2024-06-07,22,96.7
2024-06-08,22,90.2
2024-06-09,22,68.6
2024-06-10,22,98.4
2024-06-11,22,79.9
2024-06-12,22,85.5
2024-06-13,22,73.9
2024-06-14,22,97.6
2024-06-15,22,120.9
2024-06-16,22,87.7
2024-06-17,22,92.3
2024-06-18,22,107.4
2024-06-19,22,74.8
2024-06-20,22,104.7
2024-06-21,22,79.9
2024-06-22,22,108.7
2024-06-23,22,70.4
2024-06-24,22,72.4
2024-06-25,22,95.8
2024-06-26,22,110.8
2024-06-27,22,81.7
2024-06-28,22,82.2
2024-06-29,22,65.2
2024-06-30,22,93.2
2024-07-01,22,53.9
2024-07-02,22,108.3
2024-07-03,22,89.6
2024-07-04,22,84.2
2024-07-05,22,78.8
2024-07-06,22,76.2
2024-07-07,22,64.1
2024-07-08,22,91.5
2024-07-09,22,82.6
2024-07-10,22,106.8
2024-07-11,22,47.2
2024-07-12,22,97.1
2024-07-13,22,117.5
2024-07-14,22,76.4
2024-07-15,22,69.7
2024-07-16,22,65.8
2024-07-17,22,87.7
2024-07-18,22,79.8
2024-07-19,22,73.1
2024-07-20,22,100.4
2024-07-21,22,93.6
2024-07-22,22,73.9
2024-07-23,22,79.7
2024-07-24,22,94.3
2024-07-25,22,78.1
2024-07-26,22,88.1
2024-07-27,22,93.4
2024-07-28,22,53.1
2024-07-29,22,86.6
2024-07-30,22,59.3
2024-07-31,22,65.9
2024-08-01,22,72.6
2024-08-02,22,112.0
2024-08-03,22,92.7
2024-08-04,22,74.4
2024-08-05,22,48.4
2024-08-06,22,65.0
2024-08-07,22,69.2
2024-08-08,22,85.4
2024-08-09,22,106.4
2024-08-10,22,101.9
2024-08-11,22,53.0
2024-08-12,22,79.5
2024-08-13,22,75.8
2024-08-14,22,76.2
2024-08-15,22,91.3
2024-08-16,22,100.5
2024-08-17,22,45.4
2024-08-18,22,50.3
2024-08-19,22,78.8
2024-08-20,22,63.0
2024-08-21,22,94.4
2024-08-22,22,69.8
2024-08-23,22,62.9
2024-08-24,22,98.9
2024-08-25,22,89.0
2024-08-26,22,68.4
2024-08-27,22,90.2
2024-08-28,22,105.5
2024-08-29,22,86.6
2024-08-30,22,109.2
2024-08-31,22,95.6
2024-09-01,22,88.3
2024-09-02,22,83.2
2024-09-03,22,106.2
2024-09-04,22,86.1
2024-09-05,22,88.9
2024-09-06,22,96.1
2024-09-07,22,66.1
2024-09-08,22,76.1
2024-09-09,22,79.3
2024-09-10,22,66.3
2024-09-11,22,65.2
2024-09-12,22,64.0
2024-09-13,22,88.9
2024-09-14,22,90.3
2024-09-15,22,103.1
2024-09-16,22,79.7
2024-09-17,22,66.0
2024-09-18,22,66.0
2024-09-19,22,100.5
2024-09-20,22,62.6
2024-09-21,22,70.5
2024-09-22,22,86.2
2024-09-23,22,57.0
2024-09-24,22,80.2
2024-09-25,22,70.7
2024-09-26,22,73.5
2024-09-27,22,79.4
2024-09-28,22,93.5
2024-09-29,22,74.6
2024-09-30,22,104.5
2024-10-01,22,103.0
2024-10-02,22,66.7
2024-10-03,22,51.8
2024-10-04,22,65.5
2024-10-05,22,108.4
2024-10-06,22,77.4
2024-10-07,22,79.6
2024-10-08,22,44.6
2024-10-09,22,73.5
2024-10-10,22,96.4
2024-10-11,22,71.9
2024-10-12,22,101.7
2024-10-13,22,87.0
2024-10-14,22,84.9
2024-10-15,22,68.6
2024-10-16,22,94.0
2024-10-17,22,91.1
2024-10-18,22,95.7
2024-10-19,22,87.4
2024-10-20,22,87.2
2024-10-21,22,67.6
2024-10-22,22,70.2
2024-10-23,22,66.0
2024-10-24,22,87.9
2024-10-25,22,106.8
2024-10-26,22,113.4
2024-10-27,22,83.1
2024-10-28,22,89.3
2024-10-29,22,60.6
2024-10-30,22,70.6
2024-10-31,22,92.0
2024-11-01,22,95.6
2024-11-02,22,89.3
2024-11-03,22,100.9
2024-11-04,22,64.9
2024-11-05,22,70.4
2024-11-06,22,80.0
2024-11-07,22,99.0
2024-11-08,22,99.6
2024-11-09,22,106.2
2024-11-10,22,87.6
2024-11-11,22,62.8
2024-11-12,22,78.3
2024-11-13,22,60.3
2024-11-14,22,100.1
2024-11-15,22,97.7
2024-11-16,22,74.9
2024-11-17,22,92.0
2024-11-18,22,73.9
2024-11-19,22,69.2
2024-11-20,22,56.5
2024-11-21,22,93.1
2024-11-22,22,76.2
2024-11-23,22,86.3
2024-11-24,22,67.1
2024-11-25,22,75.0
2024-11-26,22,101.1
2024-11-27,22,98.5
2024-11-28,22,100.5
2024-11-29,22,105.3
2024-11-30,22,81.5
2024-12-01,22,78.0
2024-12-02,22,90.4
2024-12-03,22,79.1
2024-12-04,22,109.2
2024-12-05,22,49.9
2024-12-06,22,101.0
2024-12-07,22,103.0
2024-12-08,22,110.3
2024-12-09,22,86.8
2024-12-10,22,95.9
2024-12-11,22,88.9
2024-12-12,22,68.3
2024-12-13,22,115.4
2024-12-14,22,85.6
2024-12-15,22,82.8
2024-12-16,22,86.8
2024-12-17,22,87.5
2024-12-18,22,86.8
2024-12-19,22,79.0
2024-12-20,22,133.8
2024-12-21,22,102.8
2024-12-22,22,93.4
2024-12-23,22,76.0
2024-12-24,22,90.8
2024-12-25,22,92.3
2024-12-26,22,100.8
2024-12-27,22,82.6
2024-12-28,22,80.0
2024-12-29,22,89.1
2024-12-30,22,74.0
2024-12-31,22,68.6
2025-01-01,22,75.7
2025-01-02,22,75.7
2025-01-03,22,119.3
2025-01-04,22,103.7
2025-01-05,22,62.4
2025-01-06,22,85.1
2025-01-07,22,100.1
2025-01-08,22,106.6
2025-01-09,22,90.5
2025-01-10,22,105.1
2025-01-11,22,101.1
2025-01-12,22,77.9
2025-01-13,22,84.9
2025-01-14,22,97.3
2025-01-15,22,92.2
2025-01-16,22,73.6
2025-01-17,22,89.5
2025-01-18,22,110.6
2025-01-19,22,100.7
2025-01-20,22,61.5
2025-01-21,22,103.7
2025-01-22,22,104.3
2025-01-23,22,72.5
2025-01-24,22,104.2
2025-01-25,22,112.9
2025-01-26,22,96.5
2025-01-27,22,61.8
2025-01-28,22,90.1
2025-01-29,22,99.1
2025-01-30,22,82.5
2025-01-31,22,75.4
2025-02-01,22,97.1
2025-02-02,22,73.2
2025-02-03,22,70.9
2025-02-04,22,69.4
2025-02-05,22,108.9
2025-02-06,22,60.6
2025-02-07,22,83.4
2025-02-08,22,149.2
2025-02-09,22,109.3
2025-02-10,22,93.2
2025-02-11,22,77.9
2025-02-12,22,91.3
2025-02-13,22,107.5
2025-02-14,22,138.1
2025-02-15,22,111.2
2025-02-16,22,83.4
2025-02-17,22,100.4
2025-02-18,22,71.2
2025-02-19,22,93.4
2025-02-20,22,118.7
2025-02-21,22,92.6
2025-02-22,22,90.0
2025-02-23,22,104.7
2025-02-24,22,82.9
2025-02-25,22,82.9
2025-02-26,22,102.5
2025-02-27,22,54.0
2025-02-28,22,88.4
2025-03-01,22,174.8
2025-03-02,22,95.9
2025-03-03,22,122.4
2025-03-04,22,109.6
2025-03-05,22,99.0
2025-03-06,22,106.7
2025-03-07,22,113.6
2025-03-08,22,134.5
2025-03-09,22,128.3
2025-03-10,22,86.2
2025-03-11,22,88.1
2025-03-12,22,77.7
2025-03-13,22,98.3
2025-03-14,22,157.2
2025-03-15,22,124.0
2025-03-16,22,71.5
2025-03-17,22,95.6
2025-03-18,22,125.8
2025-03-19,22,117.1
2025-03-20,22,109.4
2025-03-21,22,120.5
2025-03-22,22,112.4
2025-03-23,22,77.3
2025-03-24,22,111.1
2025-03-25,22,122.8
2025-03-26,22,116.8
2025-03-27,22,111.0
2025-03-28,22,143.0
2025-03-29,22,74.9
2025-03-30,22,105.5
2025-03-31,22,104.9
2025-04-01,22,116.7
2025-04-02,22,91.3
2025-04-03,22,119.2
2025-04-04,22,94.2
2025-04-05,22,121.8
2025-04-06,22,83.4
2025-04-07,22,105.8
2025-04-08,22,85.4
2025-04-09,22,87.9
2025-04-10,22,106.6
2025-04-11,22,118.5
2025-04-12,22,126.8
2025-04-13,22,100.2
2025-04-14,22,119.1
2025-04-15,22,127.0
2025-04-16,22,93.5
2025-04-17,22,88.1
2025-04-18,22,146.2
2025-04-19,22,91.3
2025-04-20,22,125.2
2025-04-21,22,117.0
2025-04-22,22,101.8
2025-04-23,22,81.1
2025-04-24,22,136.6
2025-04-25,22,101.9
2025-04-26,22,101.0
2025-04-27,22,86.0
2025-04-28,22,130.2
2025-04-29,22,125.1
2025-04-30,22,91.0
2025-05-01,22,129.7
2025-05-02,22,125.8
2025-05-03,22,131.8
2025-05-04,22,97.0
2025-05-05,22,114.6
2025-05-06,22,107.2
2025-05-07,22,74.0
2025-05-08,22,126.2
2025-05-09,22,92.9
2025-05-10,22,102.5
2025-05-11,22,80.8
2025-05-12,22,86.1
2025-05-13,22,132.7
2025-05-14,22,78.7
2025-05-15,22,101.9
2025-05-16,22,75.5
2025-05-17,22,140.9
2025-05-18,22,113.8
2025-05-19,22,94.4
2025-05-20,22,112.5
2025-05-21,22,94.4
2025-05-22,22,109.5
2025-05-23,22,94.3
2025-05-24,22,124.8
2025-05-25,22,118.3
2025-05-26,22,101.9
2025-05-27,22,98.3
2025-05-28,22,96.7
2025-05-29,22,78.2
2025-05-30,22,83.7
2025-05-31,22,93.0
2025-06-01,22,135.5
2025-06-02,22,97.1
2025-06-03,22,134.2
2025-06-04,22,79.6
2025-06-05,22,92.9
2025-06-06,22,97.3
2025-06-07,22,123.0
2025-06-08,22,119.1
2025-06-09,22,78.9
2025-06-10,22,104.1
2025-06-11,22,71.1
2025-06-12,22,131.4
2025-06-13,22,113.3
2025-06-14,22,100.7
2025-06-15,22,105.3
2025-06-16,22,100.2
2025-06-17,22,98.5
2025-06-18,22,76.0
2025-06-19,22,87.0
2025-06-20,22,135.8
2025-06-21,22,119.2
2025-06-22,22,91.9
2025-06-23,22,107.6
2025-06-24,22,118.6
2025-06-25,22,78.4
2025-06-26,22,91.7
2025-06-27,22,99.5
2025-06-28,22,107.7
2025-06-29,22,101.2
2025-06-30,22,101.6
2025-07-01,22,78.5
2025-07-02,22,96.6
2025-07-03,22,129.0
2025-07-04,22,120.2
2025-07-05,22,94.3
2025-07-06,22,99.1
2025-07-07,22,102.1
2025-07-08,22,56.8
2025-07-09,22,81.3
2025-07-10,22,95.8
2025-07-11,22,108.3
2025-07-12,22,110.8
2025-07-13,22,86.1
2025-07-14,22,69.1
2025-07-15,22,70.5
2025-07-16,22,59.6
2025-07-17,22,85.1
2025-07-18,22,77.5
2025-07-19,22,98.9
2025-07-20,22,114.4
2025-07-21,22,103.8
2025-07-22,22,95.5
2025-07-23,22,68.9
2025-07-24,22,102.4
2025-07-25,22,147.8
2025-07-26,22,114.7
2025-07-27,22,133.2
2025-07-28,22,87.5
2025-07-29,22,58.6
2025-07-30,22,79.6
2025-07-31,22,95.3
2025-08-01,22,100.9
2025-08-02,22,107.7
2025-08-03,22,78.0
2025-08-04,22,92.3
2025-08-05,22,76.5
2025-08-06,22,98.6
2025-08-07,22,92.3
2025-08-08,22,87.8
2025-08-09,22,64.8
2025-08-10,22,59.3
2025-08-11,22,76.1
2025-08-12,22,101.8
2025-08-13,22,99.3
2025-08-14,22,100.9
2025-08-15,22,107.0
2025-08-16,22,72.7
2025-08-17,22,69.4
2025-08-18,22,75.5
2025-08-19,22,118.7
2025-08-20,22,59.5
2025-08-21,22,93.2
2025-08-22,22,120.1
2025-08-23,22,103.3
2025-08-24,22,96.2
2025-08-25,22,88.3
2025-08-26,22,70.8
2025-08-27,22,86.5
2025-08-28,22,83.0
2025-08-29,22,110.5
2025-08-30,22,107.3
2025-08-31,22,66.2
2025-09-01,22,99.8
2025-09-02,22,84.1
2025-09-03,22,101.6
2025-09-04,22,83.2
2025-09-05,22,118.5
2025-09-06,22,119.8
2025-09-07,22,96.7
2025-09-08,22,70.8
2025-09-09,22,81.7
2025-09-10,22,77.3
2025-09-11,22,79.7
2025-09-12,22,120.2
2025-09-13,22,115.1
2025-09-14,22,76.8
2025-09-15,22,96.3
2025-09-16,22,81.9
2025-09-17,22,99.1
2025-09-18,22,67.1
2025-09-19,22,92.1
2025-09-20,22,118.5
2025-09-21,22,86.3
2025-09-22,22,88.1
2025-09-23,22,84.2
2025-09-24,22,104.6
2025-09-25,22,63.8
2025-09-26,22,102.9
2025-09-27,22,111.7
2025-09-28,22,85.7
2025-09-29,22,83.9
2025-09-30,22,67.5
2025-10-01,22,74.2
2025-10-02,22,85.6
2025-10-03,22,90.2
2025-10-04,22,89.1
2025-10-05,22,83.1
2025-10-06,22,74.8
2025-10-07,22,72.3
2025-10-08,22,83.0
2025-10-09,22,85.4
2025-10-10,22,89.7
2025-10-11,22,99.1
2025-10-12,22,80.5
2025-10-13,22,76.3
2025-10-14,22,103.3
2025-10-15,22,91.6
2025-10-16,22,74.5
2025-10-17,22,116.5
2025-10-18,22,133.7
2025-10-19,22,106.1
2025-10-20,22,105.7
2025-10-21,22,73.5
2025-10-22,22,87.1
2025-10-23,22,98.6
2025-10-24,22,71.6
2025-10-25,22,98.2
2025-10-26,22,76.3
2025-10-27,22,61.3
2025-10-28,22,54.4
2025-10-29,22,80.0
2025-10-30,22,71.3
2025-10-31,22,104.3
2025-11-01,22,102.7
2025-11-02,22,110.5
2025-11-03,22,88.1
2025-11-04,22,95.7
2025-11-05,22,104.0
2025-11-06,22,67.1
2025-11-07,22,146.7
2025-11-08,22,109.7
2025-11-09,22,91.7
2025-11-10,22,92.5
2025-11-11,22,109.7
2025-11-12,22,63.9
2025-11-13,22,82.4
2025-11-14,22,83.8
2025-11-15,22,99.6
2025-11-16,22,107.8
2025-11-17,22,80.8
2025-11-18,22,80.7
2025-11-19,22,101.2
2025-11-20,22,120.6
2025-11-21,22,128.1
2025-11-22,22,118.2
2025-11-23,22,74.3
2025-11-24,22,90.2
2025-11-25,22,94.2
2025-11-26,22,80.2
2025-11-27,22,111.5
2025-11-28,22,114.8
2025-11-29,22,69.1
2025-11-30,22,99.6
2025-12-01,22,113.7
2025-12-02,22,49.8
2025-12-03,22,71.2
2025-12-04,22,91.5
2025-12-05,22,123.9
2025-12-06,22,108.1
2025-12-07,22,98.9
2025-12-08,22,97.7
2025-12-09,22,81.2
2025-12-10,22,92.5
2025-12-11,22,99.4
2025-12-12,22,114.0
2025-12-13,22,108.8
2025-12-14,22,86.7
2025-12-15,22,104.6
2025-12-16,22,77.7
2025-12-17,22,122.3
2025-12-18,22,83.5
2025-12-19,22,126.0
2025-12-20,22,101.6
2025-12-21,22,91.2
2025-12-22,22,102.3
2025-12-23,22,89.2
2025-12-24,22,106.2
2025-12-25,22,57.6
2025-12-26,22,116.7
2025-12-27,22,65.0
2025-12-28,22,89.0
2025-12-29,22,109.6
2025-12-30,22,99.9
2024-01-01,23,50.1
2024-01-02,23,76.0
2024-01-03,23,44.9
2024-01-04,23,62.6
2024-01-05,23,55.5
2024-01-06,23,77.0
2024-01-07,23,72.1
2024-01-08,23,64.0
2024-01-09,23,66.4
2024-01-10,23,65.0
2024-01-11,23,52.5
2024-01-12,23,66.2
2024-01-13,23,95.2
2024-01-14,23,90.5
2024-01-15,23,100.5
2024-01-16,23,87.2
2024-01-17,23,68.9
2024-01-18,23,50.4
2024-01-19,23,73.3
2024-01-20,23,72.3
2024-01-21,23,75.0
2024-01-22,23,62.8
2024-01-23,23,70.5
2024-01-24,23,57.5
2024-01-25,23,103.2
2024-01-26,23,71.5
2024-01-27,23,78.9
2024-01-28,23,76.7
2024-01-29,23,47.1
2024-01-30,23,62.0
2024-01-31,23,72.9
2024-02-01,23,63.0
2024-02-02,23,64.6
2024-02-03,23,85.4
2024-02-04,23,90.5
2024-02-05,23,83.1
2024-02-06,23,70.6
2024-02-07,23,81.0
2024-02-08,23,59.5
2024-02-09,23,102.3
2024-02-10,23,84.8
2024-02-11,23,73.1
2024-02-12,23,62.0
2024-02-13,23,72.5
2024-02-14,23,76.6
2024-02-15,23,85.7
2024-02-16,23,54.8
2024-02-17,23,88.3
2024-02-18,23,91.4
2024-02-19,23,74.5
2024-02-20,23,68.8
2024-02-21,23,77.6
2024-02-22,23,84.5
2024-02-23,23,80.6
2024-02-24,23,86.0
2024-02-25,23,75.8
2024-02-26,23,68.0
2024-02-27,23,81.5
2024-02-28,23,91.5
2024-02-29,23,83.9
2024-03-01,23,79.5
2024-03-02,23,86.6
2024-03-03,23,90.6
2024-03-04,23,105.4
2024-03-05,23,86.2
2024-03-06,23,74.7
2024-03-07,23,127.1
2024-03-08,23,93.1
2024-03-09,23,53.2
2024-03-10,23,66.7
2024-03-11,23,61.3
2024-03-12,23,72.3
2024-03-13,23,86.4
2024-03-14,23,90.1
2024-03-15,23,69.2
2024-03-16,23,81.3
2024-03-17,23,59.0
2024-03-18,23,73.6
2024-03-19,23,64.4
2024-03-20,23,96.2
2024-03-21,23,73.9
2024-03-22,23,64.4
2024-03-23,23,104.3
2024-03-24,23,82.5
2024-03-25,23,74.7
2024-03-26,23,56.6
2024-03-27,23,75.6
2024-03-28,23,79.8
2024-03-29,23,84.4
2024-03-30,23,114.4
2024-03-31,23,74.2
2024-04-01,23,70.1
2024-04-02,23,91.6
2024-04-03,23,89.1
2024-04-04,23,96.1
2024-04-05,23,107.1
2024-04-06,23,84.6
2024-04-07,23,61.6
2024-04-08,23,88.3
2024-04-09,23,61.3
2024-04-10,23,55.0
2024-04-11,23,113.6
2024-04-12,23,76.6
2024-04-13,23,65.9
2024-04-14,23,64.6
2024-04-15,23,89.6
2024-04-16,23,66.9
2024-04-17,23,56.8
2024-04-18,23,66.3
2024-04-19,23,96.0
2024-04-20,23,70.2
2024-04-21,23,92.4
2024-04-22,23,89.0
2024-04-23,23,68.0
2024-04-24,23,68.3
2024-04-25,23,65.2
2024-04-26,23,94.7
2024-04-27,23,80.8
2024-04-28,23,48.0
2024-04-29,23,68.6
2024-04-30,23,69.3
2024-05-01,23,78.5
2024-05-02,23,57.6
2024-05-03,23,74.5
2024-05-04,23,119.9
2024-05-05,23,60.7
2024-05-06,23,61.6
2024-05-07,23,78.5
2024-05-08,23,97.3
2024-05-09,23,80.8
2024-05-10,23,73.4
2024-05-11,23,107.6
2024-05-12,23,76.7
2024-05-13,23,57.4
2024-05-14,23,88.2
2024-05-15,23,87.1
2024-05-16,23,82.2
2024-05-17,23,65.7
2024-05-18,23,108.0
2024-05-19,23,101.2
2024-05-20,23,85.0
2024-05-21,23,72.4
2024-05-22,23,69.1
2024-05-23,23,68.3
2024-05-24,23,51.7
2024-05-25,23,81.3
2024-05-26,23,69.4
2024-05-27,23,66.9
2024-05-28,23,68.7
2024-05-29,23,82.4
2024-05-30,23,71.4
2024-05-31,23,90.7
2024-06-01,23,97.2
2024-06-02,23,62.0
2024-06-03,23,72.8
2024-06-04,23,73.5
2024-06-05,23,84.4
2024-06-06,23,91.6
2024-06-07,23,108.2
2024-06-08,23,84.4
2024-06-09,23,83.8
2024-06-10,23,76.1
2024-06-11,23,60.1
2024-06-12,23,55.6
2024-06-13,23,83.9
2024-06-14,23,92.0
2024-06-15,23,82.0
2024-06-16,23,72.3
2024-06-17,23,68.9
2024-06-18,23,42.2
2024-06-19,23,69.1
2024-06-20,23,86.2
2024-06-21,23,63.4
2024-06-22,23,87.5
2024-06-23,23,70.9
2024-06-24,23,65.4
2024-06-25,23,74.0
2024-06-26,23,95.8
2024-06-27,23,85.9
2024-06-28,23,87.4
2024-06-29,23,76.8
2024-06-30,23,94.6
2024-07-01,23,60.5
2024-07-02,23,56.1
2024-07-03,23,89.5
2024-07-04,23,77.0
2024-07-05,23,101.8
2024-07-06,23,76.5
2024-07-07,23,77.0
2024-07-08,23,60.3
2024-07-09,23,71.0
2024-07-10,23,80.7
2024-07-11,23,67.8
2024-07-12,23,59.2
2024-07-13,23,69.4
2024-07-14,23,68.9
2024-07-15,23,50.2
2024-07-16,23,40.6
2024-07-17,23,69.1
2024-07-18,23,82.9
2024-07-19,23,95.0
2024-07-20,23,78.0
2024-07-21,23,81.7
2024-07-22,23,69.5
2024-07-23,23,63.2
2024-07-24,23,81.0
2024-07-25,23,47.5
2024-07-26,23,61.9
2024-07-27,23,76.3
2024-07-28,23,62.1
2024-07-29,23,64.6
2024-07-30,23,75.8
2024-07-31,23,61.9
2024-08-01,23,63.4
2024-08-02,23,98.1
2024-08-03,23,70.1
2024-08-04,23,73.9
2024-08-05,23,77.7
2024-08-06,23,54.7
2024-08-07,23,75.0
2024-08-08,23,59.6
2024-08-09,23,61.6
2024-08-10,23,53.2
2024-08-11,23,64.2
2024-08-12,23,71.5
2024-08-13,23,59.2
2024-08-14,23,57.3
2024-08-15,23,77.4
2024-08-16,23,60.5
2024-08-17,23,69.8
2024-08-18,23,75.0
2024-08-19,23,58.6
2024-08-20,23,73.3
2024-08-21,23,61.8
2024-08-22,23,50.0
2024-08-23,23,74.4
2024-08-24,23,68.3
2024-08-25,23,77.9
2024-08-26,23,61.3
2024-08-27,23,76.2
2024-08-28,23,78.4
2024-08-29,23,51.8
2024-08-30,23,78.4
2024-08-31,23,74.7
2024-09-01,23,72.3
2024-09-02,23,56.8
2024-09-03,23,58.0
2024-09-04,23,60.5
2024-09-05,23,53.3
2024-09-06,23,62.4
2024-09-07,23,72.0
2024-09-08,23,50.7
2024-09-09,23,56.7
2024-09-10,23,55.6
2024-09-11,23,45.2
2024-09-12,23,56.2
2024-09-13,23,66.0
2024-09-14,23,76.9
2024-09-15,23,65.5
2024-09-16,23,72.7
2024-09-17,23,41.7
2024-09-18,23,62.9
2024-09-19,23,60.4
2024-09-20,23,62.6
2024-09-21,23,66.2
2024-09-22,23,62.8
2024-09-23,23,66.5
2024-09-24,23,62.2
2024-09-25,23,72.0
2024-09-26,23,65.2
2024-09-27,23,63.5
2024-09-28,23,61.8
2024-09-29,23,66.9
2024-09-30,23,71.4
2024-10-01,23,76.3
2024-10-02,23,59.5
2024-10-03,23,62.3
2024-10-04,23,61.3
2024-10-05,23,70.2
2024-10-06,23,65.4
2024-10-07,23,61.8
2024-10-08,23,68.0
2024-10-09,23,50.4
2024-10-10,23,65.7
2024-10-11,23,64.7
2024-10-12,23,69.0
2024-10-13,23,64.6
2024-10-14,23,68.4
2024-10-15,23,53.6
2024-10-16,23,57.8
2024-10-17,23,49.4
2024-10-18,23,95.9
2024-10-19,23,54.1
2024-10-20,23,55.7
2024-10-21,23,61.7
2024-10-22,23,60.3
2024-10-23,23,67.8
2024-10-24,23,63.7
2024-10-25,23,51.4
2024-10-26,23,72.8
2024-10-27,23,51.5
2024-10-28,23,68.4
2024-10-29,23,54.2
2024-10-30,23,53.8
2024-10-31,23,71.9
2024-11-01,23,65.2
2024-11-02,23,94.4
2024-11-03,23,57.9
2024-11-04,23,54.2
2024-11-05,23,57.2
2024-11-06,23,64.3
2024-11-07,23,52.8
2024-11-08,23,58.0
2024-11-09,23,74.2
2024-11-10,23,55.4
2024-11-11,23,75.5
2024-11-12,23,77.3
2024-11-13,23,79.0
2024-11-14,23,85.1
2024-11-15,23,84.9
2024-11-16,23,78.1
2024-11-17,23,76.7
2024-11-18,23,58.1
2024-11-19,23,61.7
2024-11-20,23,65.2
2024-11-21,23,56.3
2024-11-22,23,82.0
2024-11-23,23,93.8
2024-11-24,23,60.1
2024-11-25,23,79.7
2024-11-26,23,79.3
2024-11-27,23,76.8
2024-11-28,23,85.4
2024-11-29,23,68.3
2024-11-30,23,90.9
2024-12-01,23,57.7
2024-12-02,23,93.5
2024-12-03,23,62.7
2024-12-04,23,65.0
2024-12-05,23,79.6
2024-12-06,23,80.5
2024-12-07,23,64.6
2024-12-08,23,96.6
2024-12-09,23,89.2
2024-12-10,23,86.0
2024-12-11,23,61.0
2024-12-12,23,52.4
2024-12-13,23,74.2
2024-12-14,23,84.0
2024-12-15,23,81.4
2024-12-16,23,58.6
2024-12-17,23,67.3
2024-12-18,23,68.6
2024-12-19,23,62.9
2024-12-20,23,95.6
2024-12-21,23,82.5
2024-12-22,23,44.7
2024-12-23,23,73.4
2024-12-24,23,54.2
2024-12-25,23,91.1
2024-12-26,23,81.4
2024-12-27,23,123.0
2024-12-28,23,62.6
2024-12-29,23,67.5
2024-12-30,23,67.5
2024-12-31,23,72.8
2025-01-01,23,74.9
2025-01-02,23,51.4
2025-01-03,23,83.3
2025-01-04,23,103.2
2025-01-05,23,73.9
2025-01-06,23,54.7
2025-01-07,23,117.5
2025-01-08,23,74.2
2025-01-09,23,81.0
2025-01-10,23,97.8
2025-01-11,23,98.3
2025-01-12,23,61.2
2025-01-13,23,90.9
2025-01-14,23,97.8
2025-01-15,23,59.0
2025-01-16,23,78.5
2025-01-17,23,74.1
2025-01-18,23,107.2
2025-01-19,23,82.4
2025-01-20,23,91.0
2025-01-21,23,69.3
2025-01-22,23,91.1
2025-01-23,23,88.2
2025-01-24,23,86.1
2025-01-25,23,91.5
2025-01-26,23,92.1
2025-01-27,23,64.8
2025-01-28,23,62.8
2025-01-29,23,66.2
2025-01-30,23,74.9
2025-01-31,23,91.0
2025-02-01,23,110.3
2025-02-02,23,74.6
2025-02-03,23,106.5
2025-02-04,23,79.3
2025-02-05,23,69.7
2025-02-06,23,61.4
2025-02-07,23,74.3
2025-02-08,23,68.1
2025-02-09,23,80.0
2025-02-10,23,54.2
2025-02-11,23,95.6
2025-02-12,23,86.5
2025-02-13,23,83.6
2025-02-14,23,80.4
2025-02-15,23,106.7
2025-02-16,23,87.2
2025-02-17,23,80.2
2025-02-18,23,79.5
2025-02-19,23,77.1
2025-02-20,23,105.1
2025-02-21,23,114.5
2025-02-22,23,65.6
2025-02-23,23,81.6
2025-02-24,23,32.8
2025-02-25,23,71.5
2025-02-26,23,83.6
2025-02-27,23,97.1
2025-02-28,23,72.8
2025-03-01,23,96.6
2025-03-02,23,95.6
2025-03-03,23,91.3
2025-03-04,23,91.3
2025-03-05,23,97.1
2025-03-06,23,93.4
2025-03-07,23,68.6
2025-03-08,23,91.4
2025-03-09,23,105.3
2025-03-10,23,111.4
2025-03-11,23,65.8
2025-03-12,23,88.4
2025-03-13,23,88.1
2025-03-14,23,120.2
2025-03-15,23,78.9
2025-03-16,23,90.4
2025-03-17,23,96.4
2025-03-18,23,99.7
2025-03-19,23,67.6
2025-03-20,23,103.7
2025-03-21,23,117.4
2025-03-22,23,124.0
2025-03-23,23,104.4
2025-03-24,23,113.6
2025-03-25,23,110.8
2025-03-26,23,85.3
2025-03-27,23,78.5
2025-03-28,23,144.1
2025-03-29,23,103.2
2025-03-30,23,88.8
2025-03-31,23,89.6
2025-04-01,23,58.8
2025-04-02,23,70.9
2025-04-03,23,74.4
2025-04-04,23,69.2
2025-04-05,23,101.0
2025-04-06,23,88.1
2025-04-07,23,74.8
2025-04-08,23,108.9
2025-04-09,23,81.2
2025-04-10,23,76.3
2025-04-11,23,91.3
2025-04-12,23,102.4
2025-04-13,23,110.0
2025-04-14,23,107.2
2025-04-15,23,103.3
2025-04-16,23,101.3
2025-04-17,23,62.3
2025-04-18,23,97.2
2025-04-19,23,112.8
2025-04-20,23,111.3
2025-04-21,23,89.2
2025-04-22,23,79.0
2025-04-23,23,114.8
2025-04-24,23,49.9
2025-04-25,23,84.5
2025-04-26,23,117.2
2025-04-27,23,103.9
2025-04-28,23,86.5
2025-04-29,23,82.9
2025-04-30,23,116.2
2025-05-01,23,79.4
2025-05-02,23,112.5
2025-05-03,23,153.3
2025-05-04,23,102.1
2025-05-05,23,96.5
2025-05-06,23,96.6
2025-05-07,23,104.6
2025-05-08,23,68.4
2025-05-09,23,83.5
2025-05-10,23,83.8
2025-05-11,23,86.8
2025-05-12,23,84.5
2025-05-13,23,73.2
2025-05-14,23,103.7
2025-05-15,23,90.0
2025-05-16,23,135.4
2025-05-17,23,105.5
2025-05-18,23,108.9
2025-05-19,23,97.2
2025-05-20,23,120.6
2025-05-21,23,115.3
2025-05-22,23,108.7
2025-05-23,23,115.8
2025-05-24,23,108.9
2025-05-25,23,71.5
2025-05-26,23,92.1
2025-05-27,23,79.5
2025-05-28,23,73.2
2025-05-29,23,86.7
2025-05-30,23,116.6
2025-05-31,23,119.5
2025-06-01,23,85.0
2025-06-02,23,70.7
2025-06-03,23,86.8
2025-06-04,23,102.4
2025-06-05,23,94.0
2025-06-06,23,122.6
2025-06-07,23,86.7
2025-06-08,23,91.4
2025-06-09,23,103.0
2025-06-10,23,111.2
2025-06-11,23,65.9
2025-06-12,23,75.2
2025-06-13,23,117.5
2025-06-14,23,106.9
2025-06-15,23,74.1
2025-06-16,23,74.7
2025-06-17,23,56.9
2025-06-18,23,72.4
2025-06-19,23,81.0
2025-06-20,23,83.4
2025-06-21,23,71.4
2025-06-22,23,78.2
2025-06-23,23,131.3
2025-06-24,23,102.5
2025-06-25,23,82.9
2025-06-26,23,88.4
2025-06-27,23,101.1
2025-06-28,23,66.0
2025-06-29,23,80.6
2025-06-30,23,82.0
2025-07-01,23,99.5
2025-07-02,23,97.8
2025-07-03,23,68.4
2025-07-04,23,90.5
2025-07-05,23,91.7
2025-07-06,23,95.1
2025-07-07,23,43.7
2025-07-08,23,89.8
2025-07-09,23,97.4
2025-07-10,23,59.7
2025-07-11,23,80.5
2025-07-12,23,90.5
2025-07-13,23,63.5
2025-07-14,23,95.1
2025-07-15,23,94.4
2025-07-16,23,76.5
2025-07-17,23,86.8
2025-07-18,23,78.4
2025-07-19,23,86.7
2025-07-20,23,80.2
2025-07-21,23,89.0
2025-07-22,23,87.3
2025-07-23,23,63.9
2025-07-24,23,55.1
2025-07-25,23,94.4
2025-07-26,23,86.7
2025-07-27,23,83.3
2025-07-28,23,56.8
2025-07-29,23,64.0
2025-07-30,23,77.0
2025-07-31,23,72.7
2025-08-01,23,103.4
2025-08-02,23,80.9
2025-08-03,23,67.3
2025-08-04,23,65.3
2025-08-05,23,80.1
2025-08-06,23,77.0
2025-08-07,23,99.1
2025-08-08,23,120.0
2025-08-09,23,94.8
2025-08-10,23,64.1
2025-08-11,23,71.9
2025-08-12,23,76.9
2025-08-13,23,70.4
2025-08-14,23,95.7
2025-08-15,23,75.0
2025-08-16,23,83.1
2025-08-17,23,63.5
2025-08-18,23,69.8
2025-08-19,23,83.0
2025-08-20,23,80.1
2025-08-21,23,102.0
2025-08-22,23,112.9
2025-08-23,23,75.3
2025-08-24,23,78.0
2025-08-25,23,98.1
2025-08-26,23,79.8
2025-08-27,23,90.9
2025-08-28,23,69.5
2025-08-29,23,78.7
2025-08-30,23,76.3
2025-08-31,23,65.5
2025-09-01,23,58.5
2025-09-02,23,76.6
2025-09-03,23,61.1
2025-09-04,23,61.5
2025-09-05,23,68.1
2025-09-06,23,77.3
2025-09-07,23,62.6
2025-09-08,23,69.3
2025-09-09,23,107.1
2025-09-10,23,70.0
2025-09-11,23,55.7
2025-09-12,23,53.6
2025-09-13,23,87.9
2025-09-14,23,87.1
2025-09-15,23,78.7
2025-09-16,23,61.0
2025-09-17,23,64.7
2025-09-18,23,79.8
2025-09-19,23,82.8
2025-09-20,23,99.4
2025-09-21,23,66.0
2025-09-22,23,77.1
2025-09-23,23,78.7
2025-09-24,23,56.0
2025-09-25,23,68.8
2025-09-26,23,78.4
2025-09-27,23,87.3
2025-09-28,23,91.6
2025-09-29,23,75.1
2025-09-30,23,72.1
2025-10-01,23,58.1
2025-10-02,23,71.1
2025-10-03,23,88.1
2025-10-04,23,100.0
2025-10-05,23,81.3
2025-10-06,23,73.3
2025-10-07,23,58.8
2025-10-08,23,72.8
2025-10-09,23,60.9
2025-10-10,23,47.0
2025-10-11,23,98.4
2025-10-12,23,69.9
2025-10-13,23,74.2
2025-10-14,23,71.1
2025-10-15,23,90.6
2025-10-16,23,95.5
2025-10-17,23,64.7
2025-10-18,23,71.7
2025-10-19,23,82.3
2025-10-20,23,64.5
2025-10-21,23,66.1
2025-10-22,23,56.3
2025-10-23,23,57.1
2025-10-24,23,104.7
2025-10-25,23,92.8
2025-10-26,23,84.0
2025-10-27,23,57.5
2025-10-28,23,66.7
2025-10-29,23,71.4
2025-10-30,23,52.0
2025-10-31,23,74.8
2025-11-01,23,95.0
2025-11-02,23,79.2
2025-11-03,23,57.2
2025-11-04,23,75.1
2025-11-05,23,50.3
2025-11-06,23,99.3
2025-11-07,23,103.5
2025-11-08,23,73.4
2025-11-09,23,66.6
2025-11-10,23,65.4
2025-11-11,23,79.2
2025-11-12,23,93.0
2025-11-13,23,68.1
2025-11-14,23,93.7
2025-11-15,23,110.3
2025-11-16,23,75.9
2025-11-17,23,95.7
2025-11-18,23,68.1
2025-11-19,23,89.5
2025-11-20,23,75.3
2025-11-21,23,93.7
2025-11-22,23,83.4
2025-11-23,23,82.3
2025-11-24,23,74.6
2025-11-25,23,65.1
2025-11-26,23,58.1
2025-11-27,23,50.6
2025-11-28,23,62.9
2025-11-29,23,95.5
2025-11-30,23,89.2
2025-12-01,23,65.3
2025-12-02,23,69.6
2025-12-03,23,65.1
2025-12-04,23,58.1
2025-12-05,23,82.2
2025-12-06,23,108.0
2025-12-07,23,74.5
2025-12-08,23,82.2
2025-12-09,23,76.4
2025-12-10,23,85.2
2025-12-11,23,54.6
2025-12-12,23,106.5
2025-12-13,23,89.3
2025-12-14,23,83.5
2025-12-15,23,79.8
2025-12-16,23,84.4
2025-12-17,23,83.8
2025-12-18,23,76.0
2025-12-19,23,106.4
2025-12-20,23,113.9
2025-12-21,23,60.6
2025-12-22,23,85.0
2025-12-23,23,82.3
2025-12-24,23,80.0
2025-12-25,23,104.1
2025-12-26,23,115.2
2025-12-27,23,84.1
2025-12-28,23,91.0
2025-12-29,23,84.0
2025-12-30,23,61.3
2024-01-01,24,80.3
2024-01-02,24,63.4
2024-01-03,24,85.9
2024-01-04,24,48.9
2024-01-05,24,84.1
2024-01-06,24,86.2
2024-01-07,24,94.9
2024-01-08,24,75.8
2024-01-09,24,66.6
2024-01-10,24,66.3
2024-01-11,24,65.4
2024-01-12,24,111.2
2024-01-13,24,86.2
2024-01-14,24,72.7
2024-01-15,24,66.7
2024-01-16,24,84.4
2024-01-17,24,57.9
2024-01-18,24,85.6
2024-01-19,24,84.2
2024-01-20,24,72.1
2024-01-21,24,77.2
2024-01-22,24,88.2
2024-01-23,24,76.9
2024-01-24,24,70.6
2024-01-25,24,71.8
2024-01-26,24,119.8
2024-01-27,24,75.9
2024-01-28,24,59.2
2024-01-29,24,105.4
2024-01-30,24,77.3
2024-01-31,24,84.0
2024-02-01,24,76.3
2024-02-02,24,116.4
2024-02-03,24,73.4
2024-02-04,24,103.2
2024-02-05,24,103.5
2024-02-06,24,65.4
2024-02-07,24,87.1
2024-02-08,24,83.4
2024-02-09,24,82.7
2024-02-10,24,107.1
2024-02-11,24,115.3
2024-02-12,24,102.0
2024-02-13,24,93.8
2024-02-14,24,75.9
2024-02-15,24,61.5
2024-02-16,24,114.3
2024-02-17,24,115.0
2024-02-18,24,101.9
2024-02-19,24,105.8
2024-02-20,24,77.0
2024-02-21,24,84.1
2024-02-22,24,98.7
2024-02-23,24,90.5
2024-02-24,24,146.4
2024-02-25,24,115.1
2024-02-26,24,109.5
2024-02-27,24,115.6
2024-02-28,24,100.9
2024-02-29,24,94.3
2024-03-01,24,100.2
2024-03-02,24,96.8
2024-03-03,24,86.0
2024-03-04,24,56.6
2024-03-05,24,101.1
2024-03-06,24,96.2
2024-03-07,24,68.5
2024-03-08,24,114.1
2024-03-09,24,86.9
2024-03-10,24,67.3
2024-03-11,24,104.1
2024-03-12,24,83.7
2024-03-13,24,75.5
2024-03-14,24,51.4
2024-03-15,24,126.3
2024-03-16,24,86.4
2024-03-17,24,92.1
2024-03-18,24,111.3
2024-03-19,24,80.4
2024-03-20,24,104.0
2024-03-21,24,112.9
2024-03-22,24,103.9
2024-03-23,24,84.8
2024-03-24,24,97.2
2024-03-25,24,60.8
2024-03-26,24,115.0
2024-03-27,24,128.8
2024-03-28,24,105.9
2024-03-29,24,129.3
2024-03-30,24,99.7
2024-03-31,24,97.2
2024-04-01,24,102.9
2024-04-02,24,61.8
2024-04-03,24,93.3
2024-04-04,24,98.9
2024-04-05,24,96.8
2024-04-06,24,94.3
2024-04-07,24,83.5
2024-04-08,24,96.1
2024-04-09,24,50.1
2024-04-10,24,89.6
2024-04-11,24,103.3
2024-04-12,24,109.1
2024-04-13,24,107.3
2024-04-14,24,87.3
2024-04-15,24,120.2
2024-04-16,24,103.1
2024-04-17,24,84.1
2024-04-18,24,78.0
2024-04-19,24,83.3
2024-04-20,24,88.3
2024-04-21,24,95.3
2024-04-22,24,114.1
2024-04-23,24,96.6
2024-04-24,24,80.2
2024-04-25,24,123.6
2024-04-26,24,114.3
2024-04-27,24,72.0
2024-04-28,24,83.0
2024-04-29,24,72.1
2024-04-30,24,81.4
2024-05-01,24,90.9
2024-05-02,24,92.7
2024-05-03,24,133.4
2024-05-04,24,116.9
2024-05-05,24,64.7
2024-05-06,24,99.7
2024-05-07,24,111.4
2024-05-08,24,93.5
2024-05-09,24,93.7
2024-05-10,24,78.2
2024-05-11,24,112.0
2024-05-12,24,90.1
2024-05-13,24,93.6
2024-05-14,24,88.4
2024-05-15,24,94.6
2024-05-16,24,93.1
2024-05-17,24,93.7
2024-05-18,24,87.5
2024-05-19,24,93.3
2024-05-20,24,64.8
2024-05-21,24,67.3
2024-05-22,24,99.8
2024-05-23,24,81.7
2024-05-24,24,98.7
2024-05-25,24,89.9
2024-05-26,24,98.0
2024-05-27,24,111.0
2024-05-28,24,94.6
2024-05-29,24,102.5
2024-05-30,24,98.3
2024-05-31,24,94.4
2024-06-01,24,112.0
2024-06-02,24,79.2
2024-06-03,24,80.0
2024-06-04,24,95.1
2024-06-05,24,69.9
2024-06-06,24,63.6
2024-06-07,24,99.6
2024-06-08,24,86.1
2024-06-09,24,76.8
2024-06-10,24,54.2
2024-06-11,24,78.6
2024-06-12,24,69.2
2024-06-13,24,82.0
2024-06-14,24,94.4
2024-06-15,24,115.6
2024-06-16,24,72.2
2024-06-17,24,81.7
2024-06-18,24,90.2
2024-06-19,24,70.5
2024-06-20,24,65.7
2024-06-21,24,74.0
2024-06-22,24,117.1
2024-06-23,24,55.5
2024-06-24,24,112.4
2024-06-25,24,117.2
2024-06-26,24,95.0
2024-06-27,24,79.0
2024-06-28,24,81.9
2024-06-29,24,69.1
2024-06-30,24,92.5
2024-07-01,24,81.0
2024-07-02,24,75.7
2024-07-03,24,62.1
2024-07-04,24,84.8
2024-07-05,24,89.6
2024-07-06,24,101.4
2024-07-07,24,75.0
2024-07-08,24,54.5
2024-07-09,24,88.6
2024-07-10,24,78.6
2024-07-11,24,70.2
2024-07-12,24,76.8
2024-07-13,24,87.2
2024-07-14,24,66.9
2024-07-15,24,102.8
2024-07-16,24,58.5
2024-07-17,24,80.5
2024-07-18,24,64.2
2024-07-19,24,65.1
2024-07-20,24,105.6
2024-07-21,24,77.4
2024-07-22,24,74.9
2024-07-23,24,81.9
2024-07-24,24,48.4
2024-07-25,24,53.5
2024-07-26,24,75.0
2024-07-27,24,94.4
2024-07-28,24,69.4
2024-07-29,24,67.7
2024-07-30,24,65.6
2024-07-31,24,68.0
2024-08-01,24,66.7
2024-08-02,24,70.2
2024-08-03,24,58.9
2024-08-04,24,71.0
2024-08-05,24,81.8
2024-08-06,24,91.1
2024-08-07,24,80.5
2024-08-08,24,70.0
2024-08-09,24,49.1
2024-08-10,24,119.8
2024-08-11,24,67.5
2024-08-12,24,63.1
2024-08-13,24,68.0
2024-08-14,24,58.8
2024-08-15,24,60.2
2024-08-16,24,108.3
2024-08-17,24,80.6
2024-08-18,24,75.8
2024-08-19,24,69.7
2024-08-20,24,89.1
2024-08-21,24,83.4
2024-08-22,24,63.8
2024-08-23,24,72.3
2024-08-24,24,86.5
2024-08-25,24,58.1
2024-08-26,24,70.2
2024-08-27,24,45.5
2024-08-28,24,56.3
2024-08-29,24,61.1
2024-08-30,24,71.3
2024-08-31,24,75.7
2024-09-01,24,65.4
2024-09-02,24,70.5
2024-09-03,24,68.7
2024-09-04,24,83.7
2024-09-05,24,82.3
2024-09-06,24,78.0
2024-09-07,24,76.7
2024-09-08,24,83.9
2024-09-09,24,71.4
2024-09-10,24,56.5
2024-09-11,24,51.0
2024-09-12,24,80.2
2024-09-13,24,64.2
2024-09-14,24,34.8
2024-09-15,24,47.5
2024-09-16,24,74.4
2024-09-17,24,60.4
2024-09-18,24,73.0
2024-09-19,24,75.5
2024-09-20,24,72.5
2024-09-21,24,78.1
2024-09-22,24,73.0
2024-09-23,24,73.9
2024-09-24,24,78.8
2024-09-25,24,63.7
2024-09-26,24,92.2
2024-09-27,24,95.4
2024-09-28,24,85.1
2024-09-29,24,96.2
2024-09-30,24,62.7
2024-10-01,24,80.4
2024-10-02,24,61.3
2024-10-03,24,83.8
2024-10-04,24,88.9
2024-10-05,24,57.5
2024-10-06,24,79.3
2024-10-07,24,87.1
2024-10-08,24,54.5
2024-10-09,24,71.0
2024-10-10,24,70.4
2024-10-11,24,89.5
2024-10-12,24,79.7
2024-10-13,24,58.7
2024-10-14,24,68.2
2024-10-15,24,66.3
2024-10-16,24,69.3
2024-10-17,24,89.1
2024-10-18,24,76.2
2024-10-19,24,103.9
2024-10-20,24,30.9
2024-10-21,24,64.8
2024-10-22,24,64.3
2024-10-23,24,89.1
2024-10-24,24,84.4
2024-10-25,24,73.6
2024-10-26,24,88.6
2024-10-27,24,83.0
2024-10-28,24,71.0
2024-10-29,24,73.2
2024-10-30,24,58.6
2024-10-31,24,49.1
2024-11-01,24,65.7
2024-11-02,24,96.4
2024-11-03,24,79.7
2024-11-04,24,75.2
2024-11-05,24,46.9
2024-11-06,24,44.5
2024-11-07,24,64.8
2024-11-08,24,75.3
2024-11-09,24,88.3
2024-11-10,24,98.6
2024-11-11,24,63.5
2024-11-12,24,71.7
2024-11-13,24,76.2
2024-11-14,24,61.3
2024-11-15,24,101.5
2024-11-16,24,64.8
2024-11-17,24,76.0
2024-11-18,24,75.5
2024-11-19,24,70.3
2024-11-20,24,67.0
2024-11-21,24,73.1
2024-11-22,24,106.1
2024-11-23,24,92.9
2024-11-24,24,77.5
2024-11-25,24,86.2
2024-11-26,24,111.5
2024-11-27,24,55.5
2024-11-28,24,76.1
2024-11-29,24,75.6
2024-11-30,24,79.1
2024-12-01,24,59.3
2024-12-02,24,82.1
2024-12-03,24,86.9
2024-12-04,24,79.5
2024-12-05,24,59.5
2024-12-06,24,73.4
2024-12-07,24,93.7
2024-12-08,24,89.6
2024-12-09,24,80.0
2024-12-10,24,92.1
2024-12-11,24,69.8
2024-12-12,24,99.3
2024-12-13,24,113.9
2024-12-14,24,70.6
2024-12-15,24,65.5
2024-12-16,24,84.4
2024-12-17,24,85.3
2024-12-18,24,88.0
2024-12-19,24,76.7
2024-12-20,24,83.6
2024-12-21,24,99.6
2024-12-22,24,75.6
2024-12-23,24,85.4
2024-12-24,24,77.4
2024-12-25,24,81.6
2024-12-26,24,81.2
2024-12-27,24,117.0
2024-12-28,24,67.2
2024-12-29,24,85.5
2024-12-30,24,72.7
2024-12-31,24,80.5
2025-01-01,24,118.8
2025-01-02,24,102.0
2025-01-03,24,84.6
2025-01-04,24,110.8
2025-01-05,24,66.0
2025-01-06,24,84.1
2025-01-07,24,92.1
2025-01-08,24,86.7
2025-01-09,24,84.0
2025-01-10,24,55.6
2025-01-11,24,122.6
2025-01-12,24,84.4
2025-01-13,24,146.7
2025-01-14,24,95.8
2025-01-15,24,73.8
2025-01-16,24,68.2
2025-01-17,24,94.3
2025-01-18,24,84.7
2025-01-19,24,93.6
2025-01-20,24,91.6
2025-01-21,24,34.7
2025-01-22,24,78.4
2025-01-23,24,95.7
2025-01-24,24,130.4
2025-01-25,24,112.8
2025-01-26,24,83.3
2025-01-27,24,105.4
2025-01-28,24,119.6
2025-01-29,24,103.0
2025-01-30,24,96.7
2025-01-31,24,86.8
2025-02-01,24,102.3
2025-02-02,24,97.2
2025-02-03,24,68.3
2025-02-04,24,111.5
2025-02-05,24,79.0
2025-02-06,24,100.3
2025-02-07,24,95.2
2025-02-08,24,119.0
2025-02-09,24,54.4
2025-02-10,24,97.3
2025-02-11,24,103.7
2025-02-12,24,82.8
2025-02-13,24,108.1
2025-02-14,24,110.2
2025-02-15,24,94.6
2025-02-16,24,86.3
2025-02-17,24,88.4
2025-02-18,24,86.8
2025-02-19,24,76.7
2025-02-20,24,116.2
2025-02-21,24,129.8
2025-02-22,24,130.5
2025-02-23,24,84.7
2025-02-24,24,92.6
2025-02-25,24,100.1
2025-02-26,24,62.2
2025-02-27,24,121.3
2025-02-28,24,121.9
2025-03-01,24,104.0
2025-03-02,24,115.2
2025-03-03,24,84.8
2025-03-04,24,111.5
2025-03-05,24,109.0
2025-03-06,24,62.0
2025-03-07,24,124.1
2025-03-08,24,137.1
2025-03-09,24,80.5
2025-03-10,24,72.8
2025-03-11,24,92.7
2025-03-12,24,92.9
2025-03-13,24,124.4
2025-03-14,24,101.9
2025-03-15,24,97.7
2025-03-16,24,107.6
2025-03-17,24,69.5
2025-03-18,24,97.8
2025-03-19,24,107.0
2025-03-20,24,141.9
2025-03-21,24,116.7
2025-03-22,24,108.4
2025-03-23,24,113.1
2025-03-24,24,77.3
2025-03-25,24,114.0
2025-03-26,24,90.8
2025-03-27,24,101.0
2025-03-28,24,106.6
2025-03-29,24,140.4
2025-03-30,24,95.5
2025-03-31,24,90.8
2025-04-01,24,96.3
2025-04-02,24,86.3
2025-04-03,24,102.8
2025-04-04,24,132.9
2025-04-05,24,136.3
2025-04-06,24,102.2
2025-04-07,24,122.2
2025-04-08,24,98.1
2025-04-09,24,73.2
2025-04-10,24,103.1
2025-04-11,24,87.2
2025-04-12,24,146.6
2025-04-13,24,100.7
2025-04-14,24,90.5
2025-04-15,24,137.4
2025-04-16,24,71.2
2025-04-17,24,77.8
2025-04-18,24,112.2
2025-04-19,24,121.7
2025-04-20,24,120.2
2025-04-21,24,121.5
2025-04-22,24,85.6
2025-04-23,24,104.8
2025-04-24,24,128.4
2025-04-25,24,113.4
2025-04-26,24,134.5
2025-04-27,24,85.6
2025-04-28,24,76.0
2025-04-29,24,98.7
2025-04-30,24,82.5
2025-05-01,24,86.3
2025-05-02,24,96.2
2025-05-03,24,94.1
2025-05-04,24,105.7
2025-05-05,24,128.2
2025-05-06,24,116.2
2025-05-07,24,86.9
2025-05-08,24,58.1
2025-05-09,24,103.2
2025-05-10,24,128.0
2025-05-11,24,86.0
2025-05-12,24,120.8
2025-05-13,24,82.7
2025-05-14,24,72.7
2025-05-15,24,109.1
2025-05-16,24,123.7
2025-05-17,24,130.9
2025-05-18,24,88.9
2025-05-19,24,118.5
2025-05-20,24,125.5
2025-05-21,24,108.5
2025-05-22,24,94.0
2025-05-23,24,125.7
2025-05-24,24,125.9
2025-05-25,24,60.1
2025-05-26,24,71.8
2025-05-27,24,88.4
2025-05-28,24,90.0
2025-05-29,24,106.4
2025-05-30,24,96.5
2025-05-31,24,116.2
2025-06-01,24,96.9
2025-06-02,24,104.2
2025-06-03,24,124.2
2025-06-04,24,71.2
2025-06-05,24,114.2
2025-06-06,24,97.2
2025-06-07,24,99.9
2025-06-08,24,78.6
2025-06-09,24,72.5
2025-06-10,24,114.4
2025-06-11,24,76.8
2025-06-12,24,115.6
2025-06-13,24,97.5
2025-06-14,24,96.7
2025-06-15,24,109.0
2025-06-16,24,72.2
2025-06-17,24,75.4
2025-06-18,24,77.8
2025-06-19,24,90.6
2025-06-20,24,123.6
2025-06-21,24,100.5
2025-06-22,24,93.1
2025-06-23,24,107.5
2025-06-24,24,48.3
2025-06-25,24,85.5
2025-06-26,24,96.3
2025-06-27,24,114.6
2025-06-28,24,99.6
2025-06-29,24,64.3
2025-06-30,24,90.9
2025-07-01,24,101.7
2025-07-02,24,97.3
2025-07-03,24,68.1
2025-07-04,24,88.1
2025-07-05,24,92.5
2025-07-06,24,73.0
2025-07-07,24,83.8
2025-07-08,24,104.2
2025-07-09,24,82.8
2025-07-10,24,104.2
2025-07-11,24,91.0
2025-07-12,24,108.1
2025-07-13,24,89.3
2025-07-14,24,77.1
2025-07-15,24,60.7
2025-07-16,24,84.3
2025-07-17,24,86.6
2025-07-18,24,82.8
2025-07-19,24,103.2
2025-07-20,24,73.8
2025-07-21,24,86.6
2025-07-22,24,93.0
2025-07-23,24,92.8
2025-07-24,24,81.8
2025-07-25,24,107.2
2025-07-26,24,99.5
2025-07-27,24,69.3
2025-07-28,24,73.6
2025-07-29,24,80.0
2025-07-30,24,87.0
2025-07-31,24,66.1
2025-08-01,24,118.0
2025-08-02,24,88.9
2025-08-03,24,83.1
2025-08-04,24,67.9
2025-08-05,24,102.5
2025-08-06,24,86.4
2025-08-07,24,68.1
2025-08-08,24,86.8
2025-08-09,24,67.7
2025-08-10,24,67.3
2025-08-11,24,95.0
2025-08-12,24,97.3
2025-08-13,24,94.1
2025-08-14,24,58.3
2025-08-15,24,98.5
2025-08-16,24,113.2
2025-08-17,24,91.4
2025-08-18,24,49.1
2025-08-19,24,79.5
2025-08-20,24,55.9
2025-08-21,24,89.6
2025-08-22,24,78.9
2025-08-23,24,108.0
2025-08-24,24,114.9
2025-08-25,24,92.4
2025-08-26,24,78.1
2025-08-27,24,81.3
2025-08-28,24,66.6
2025-08-29,24,72.2
2025-08-30,24,85.9
2025-08-31,24,73.6
2025-09-01,24,81.6
2025-09-02,24,79.4
2025-09-03,24,77.3
2025-09-04,24,64.3
2025-09-05,24,85.1
2025-09-06,24,79.2
2025-09-07,24,66.7
2025-09-08,24,40.4
2025-09-09,24,51.0
2025-09-10,24,99.7
2025-09-11,24,85.8
2025-09-12,24,91.5
2025-09-13,24,87.5
2025-09-14,24,68.1
2025-09-15,24,77.0
2025-09-16,24,75.8
2025-09-17,24,88.9
2025-09-18,24,86.4
2025-09-19,24,88.3
2025-09-20,24,93.9
2025-09-21,24,80.1
2025-09-22,24,72.7
2025-09-23,24,60.8
2025-09-24,24,77.4
2025-09-25,24,64.1
2025-09-26,24,107.6
2025-09-27,24,83.5
2025-09-28,24,63.4
2025-09-29,24,76.8
2025-09-30,24,80.5
2025-10-01,24,59.8
2025-10-02,24,47.7
2025-10-03,24,70.1
2025-10-04,24,89.0
2025-10-05,24,95.5
2025-10-06,24,58.9
2025-10-07,24,69.2
2025-10-08,24,88.1
2025-10-09,24,71.9
2025-10-10,24,74.8
2025-10-11,24,83.9
2025-10-12,24,62.0
2025-10-13,24,70.4
2025-10-14,24,92.4
2025-10-15,24,77.0
2025-10-16,24,75.3
2025-10-17,24,87.0
2025-10-18,24,119.3
2025-10-19,24,94.5
2025-10-20,24,75.9
2025-10-21,24,90.6
2025-10-22,24,84.0
2025-10-23,24,84.5
2025-10-24,24,81.3
2025-10-25,24,93.9
2025-10-26,24,85.1
2025-10-27,24,80.8
2025-10-28,24,74.6
2025-10-29,24,84.2
2025-10-30,24,84.3
2025-10-31,24,97.9
2025-11-01,24,117.9
2025-11-02,24,98.2
2025-11-03,24,93.3
2025-11-04,24,59.7
2025-11-05,24,91.1
2025-11-06,24,81.0
2025-11-07,24,101.2
2025-11-08,24,90.6
2025-11-09,24,51.8
2025-11-10,24,88.6
2025-11-11,24,91.1
2025-11-12,24,98.0
2025-11-13,24,88.5
2025-11-14,24,66.2
2025-11-15,24,122.0
2025-11-16,24,93.4
2025-11-17,24,88.6
2025-11-18,24,74.7
2025-11-19,24,71.2
2025-11-20,24,83.8
2025-11-21,24,99.7
2025-11-22,24,110.4
2025-11-23,24,93.0
2025-11-24,24,73.3
2025-11-25,24,75.5
2025-11-26,24,83.0
2025-11-27,24,88.1
2025-11-28,24,83.4
2025-11-29,24,75.9
2025-11-30,24,89.1
2025-12-01,24,78.9
2025-12-02,24,107.5
2025-12-03,24,67.4
2025-12-04,24,83.0
2025-12-05,24,83.7
2025-12-06,24,69.0
2025-12-07,24,97.6
2025-12-08,24,109.8
2025-12-09,24,59.7
2025-12-10,24,56.8
2025-12-11,24,53.1
2025-12-12,24,97.0
2025-12-13,24,90.0
2025-12-14,24,92.8
2025-12-15,24,52.4
2025-12-16,24,109.1
2025-12-17,24,111.7
2025-12-18,24,72.2
2025-12-19,24,135.6
2025-12-20,24,133.6
2025-12-21,24,133.8
2025-12-22,24,93.3
2025-12-23,24,53.8
2025-12-24,24,88.4
2025-12-25,24,92.7
2025-12-26,24,136.7
2025-12-27,24,92.5
2025-12-28,24,91.5
2025-12-29,24,128.3
2025-12-30,24,87.8
